2025-10-08,Shipped,3132,56698.00,South
2025-11-07,Shipped,1815,4760.00,Central
2024-10-07,Shipped,2407,1977.00,Central
2025-09-06,Shipped,3242,3852.00,East
2026-01-06,Shipped,3952,6576.00,North
2025-09-30,Shipped,3371,76468.00,North
2024-05-16,Shipped,189,46216.00,Central
2025-12-05,Shipped,4442,12812.00,West
2025-12-15,Shipped,2695,87886.00,West
2025-11-29,Shipped,3763,87572.00,West
2025-09-23,Shipped,2629,91679.00,West
2025-01-16,Shipped,479,15496.00,South
2026-02-25,Shipped,107,35254.00,Central
2026-03-29,Shipped,3904,65797.00,Central
2025-04-30,Shipped,2649,70799.00,North
2026-04-02,Shipped,4141,39360.00,Central
2024-01-04,Shipped,3316,22362.00,Central
2026-03-27,Shipped,396,2649.00,Central
2025-09-10,Shipped,2143,60906.00,North
2025-03-13,Shipped,2293,11653.00,North
2025-01-12,Shipped,3894,96372.00,East
2025-08-07,Shipped,961,45436.00,Central
2025-05-21,Shipped,1980,95877.00,Central
2026-01-01,Shipped,4005,32730.00,Central
2024-12-29,Shipped,2808,67656.00,East
2025-02-10,Shipped,562,58304.00,Central
2025-07-08,Shipped,2035,31106.00,East
2024-01-10,Shipped,2939,88936.00,North
2024-02-20,Shipped,1230,71477.00,West
2024-11-25,Shipped,4883,70969.00,Central
2025-05-14,Shipped,4055,53436.00,Central
2024-12-28,Shipped,3040,30443.00,Central
2025-04-24,Shipped,289,58002.00,North
2024-06-27,Shipped,2683,75830.00,Central
2025-04-02,Shipped,3751,64067.00,South
2024-11-23,Shipped,3509,6553.00,Central
2025-03-27,Shipped,2333,10800.00,Central
2024-01-27,Shipped,1023,71101.00,Central
2025-11-20,Shipped,3167,22808.00,North
2025-07-31,Shipped,2995,96351.00,Central
2024-07-29,Shipped,444,22511.00,West
2024-02-16,Shipped,235,5855.00,Central
2024-07-29,Shipped,3166,92237.00,North
2025-03-21,Shipped,3765,84720.00,South
2024-02-05,Shipped,3371,85450.00,North
2026-04-05,Shipped,266,57727.00,East
2026-03-01,Shipped,2563,10631.00,Central
2024-06-07,Shipped,2887,90210.00,Central
2025-06-04,Shipped,816,38835.00,Central
2025-01-19,Shipped,2778,15285.00,South
2025-11-23,Shipped,4205,65160.00,North
2026-01-26,Shipped,4270,1656.00,Central
2025-07-01,Shipped,575,76548.00,Central
2024-02-04,Shipped,2129,25699.00,East
2024-05-06,Shipped,2232,8784.00,Central
2024-02-03,Shipped,809,45173.00,West
2026-03-17,Shipped,185,10653.00,North
2025-03-14,Shipped,1773,78916.00,Central
2025-11-25,Shipped,1919,768.00,North
2025-07-07,Shipped,2458,12155.00,Central
2024-09-04,Shipped,4664,43505.00,South
2025-01-25,Shipped,3344,96791.00,East
2025-11-26,Shipped,3883,37348.00,Central
2024-05-20,Shipped,4250,34645.00,Central
2025-07-16,Shipped,4841,28735.00,South
2024-06-24,Shipped,2833,29808.00,West
2025-10-15,Shipped,528,31541.00,North
2024-05-04,Shipped,1426,48885.00,East
2024-06-04,Shipped,3575,73764.00,East
2026-05-15,Shipped,381,18394.00,West
2024-06-25,Shipped,4243,39944.00,Central
2024-08-28,Shipped,1340,65653.00,Central
2024-12-17,Shipped,4384,56084.00,Central
2024-09-04,Shipped,4981,93233.00,Central
2026-04-05,Shipped,635,39671.00,East
2025-08-30,Shipped,440,13637.00,North
2025-02-21,Shipped,3967,30691.00,Central
2024-12-06,Shipped,4801,22378.00,Central
2025-04-03,Shipped,4855,49094.00,West
2025-12-02,Shipped,3498,97039.00,Central
2025-04-21,Shipped,2198,69869.00,Central
2025-04-23,Shipped,611,71719.00,Central
2025-01-05,Shipped,2884,72081.00,Central
2025-09-26,Shipped,504,66462.00,Central
2024-02-14,Shipped,436,44323.00,Central
2024-01-22,Shipped,4970,30934.00,Central
2025-07-23,Shipped,790,94635.00,Central
2025-05-01,Shipped,4344,874.00,Central
2025-01-17,Shipped,4339,18407.00,East
2024-03-16,Shipped,296,14920.00,North
2026-02-10,Shipped,4460,78894.00,South
2026-01-26,Shipped,4007,52408.00,North
2025-05-14,Shipped,2110,27912.00,Central
2025-04-14,Shipped,2952,38958.00,Central
2024-01-30,Shipped,589,72056.00,East
2025-04-20,Shipped,1053,33335.00,South
2024-11-05,Shipped,440,50367.00,West
2024-08-08,Shipped,59,14194.00,West
2025-03-25,Shipped,3417,51914.00,Central
2025-04-26,Shipped,3249,52840.00,East
2025-08-14,Shipped,1574,49993.00,North
2025-05-10,Shipped,4681,87941.00,East
2026-01-14,Shipped,4485,89680.00,West
2025-10-08,Shipped,392,71546.00,Central
2026-03-31,Shipped,3778,93202.00,East
2025-10-11,Shipped,1323,31954.00,Central
2026-04-04,Shipped,2950,74649.00,South
2024-08-17,Shipped,3363,14411.00,North
2025-08-07,Shipped,2947,35269.00,South
2026-02-01,Shipped,1028,26456.00,West
2025-05-26,Shipped,88,469.00,South
2025-11-26,Shipped,4246,70566.00,South
2024-04-07,Shipped,564,60674.00,West
2024-06-20,Shipped,2332,60399.00,North
2024-07-31,Shipped,2497,65810.00,Central
2025-04-29,Shipped,2422,95956.00,Central
2024-05-12,Shipped,3464,24654.00,Central
2024-12-21,Shipped,489,48185.00,South
2024-03-13,Shipped,3400,25769.00,East
2024-08-26,Shipped,3668,74445.00,North
2025-10-06,Shipped,3739,28058.00,North
2025-08-30,Shipped,2184,17234.00,Central
2025-08-23,Shipped,3214,39113.00,East
2025-07-01,Shipped,3207,38602.00,South
2025-03-23,Shipped,4512,85564.00,East
2025-10-09,Shipped,78,74629.00,Central
2025-01-02,Shipped,2772,87289.00,North
2024-06-30,Shipped,281,10543.00,Central
2025-11-25,Shipped,1823,64294.00,Central
2026-04-22,Shipped,4813,60139.00,North
2024-07-15,Shipped,2489,17784.00,Central
2025-10-07,Shipped,803,31950.00,South
2025-06-09,Shipped,1224,50796.00,North
2024-12-06,Shipped,3473,43393.00,East
2026-01-19,Shipped,83,10189.00,Central
2025-03-22,Shipped,774,30504.00,Central
2025-10-26,Shipped,1071,3582.00,West
2024-11-24,Shipped,185,23916.00,Central
2024-11-05,Shipped,2315,54984.00,Central
2026-01-10,Shipped,2860,72585.00,South
2024-04-19,Shipped,3077,7108.00,West
2025-06-16,Shipped,1875,10645.00,North
2025-11-17,Shipped,3306,64340.00,East
2025-10-28,Shipped,1463,16593.00,Central
2026-04-01,Shipped,23,73661.00,East
2024-02-06,Shipped,4482,94370.00,North
2026-01-06,Shipped,4212,32342.00,Central
2025-10-17,Shipped,4755,71012.00,Central
2024-09-08,Shipped,4952,13796.00,Central
2026-03-02,Shipped,3059,84990.00,Central
2024-02-10,Shipped,3546,56300.00,South
2025-08-06,Shipped,4128,91027.00,South
2026-04-02,Shipped,4080,4601.00,Central
2026-04-07,Shipped,541,27216.00,South
2025-01-18,Shipped,95,88717.00,North
2024-05-04,Shipped,2220,41119.00,North
2026-01-09,Shipped,775,12737.00,Central
2026-03-26,Shipped,2239,88120.00,West
2025-05-06,Shipped,3822,25815.00,Central
2026-04-16,Shipped,4648,76685.00,Central
2025-04-11,Shipped,115,96544.00,West
2025-03-21,Shipped,1993,5065.00,North
2024-11-16,Shipped,4041,22283.00,Central
2024-12-25,Shipped,3650,62947.00,North
2025-05-28,Shipped,2659,16314.00,Central
2024-10-17,Shipped,20,83967.00,North
2025-07-31,Shipped,2721,90762.00,Central
2024-06-21,Shipped,4438,48461.00,Central
2024-02-04,Shipped,323,31407.00,South
2025-08-18,Shipped,3596,93364.00,North
2026-03-23,Shipped,4658,51880.00,Central
2025-11-05,Shipped,2184,18839.00,West
2026-02-20,Shipped,1365,35064.00,Central
2025-01-17,Shipped,3678,77455.00,South
2024-09-28,Shipped,3197,89508.00,East
2024-01-29,Shipped,3462,86956.00,Central
2025-03-23,Shipped,1004,70205.00,North
2024-07-18,Shipped,4506,37740.00,Central
2024-05-16,Shipped,4319,35697.00,Central
2024-06-12,Shipped,276,23137.00,West
2024-07-12,Shipped,2646,3887.00,North
2025-02-13,Shipped,4668,97136.00,Central
2025-09-11,Shipped,4539,28420.00,West
2026-04-03,Shipped,2634,49484.00,West
2024-03-05,Shipped,2558,51300.00,Central
2024-02-08,Shipped,201,13789.00,North
2024-03-09,Shipped,4736,64153.00,East
2024-03-09,Shipped,4036,7816.00,North
2026-01-08,Shipped,1491,73584.00,East
2025-12-06,Shipped,4739,19387.00,Central
2024-03-01,Shipped,3436,81019.00,Central
2024-12-18,Shipped,1750,55573.00,Central
2026-02-17,Shipped,1862,47789.00,East
2024-10-15,Shipped,3141,9138.00,North
2025-12-10,Shipped,1947,87157.00,North
2025-03-27,Shipped,4116,1598.00,Central
2024-03-08,Shipped,1174,71541.00,Central
2024-01-07,Shipped,1414,86720.00,South
2025-09-27,Shipped,4435,52898.00,Central
2025-11-09,Shipped,2943,80412.00,Central
2026-01-28,Shipped,4110,63603.00,North
2025-10-29,Shipped,147,78492.00,North
2024-12-03,Shipped,2806,98474.00,East
2024-02-21,Shipped,2849,21113.00,Central
2024-06-07,Shipped,4805,42718.00,North
2024-06-17,Shipped,3601,24175.00,East
2025-05-11,Shipped,2033,7383.00,Central
2024-10-21,Shipped,4269,31018.00,Central
2024-09-14,Shipped,4908,88405.00,North
2024-04-20,Shipped,3324,3975.00,West
2024-11-17,Shipped,1007,98020.00,Central
2025-02-25,Shipped,2366,74694.00,Central
2025-05-05,Shipped,119,74173.00,East
2025-10-17,Shipped,4288,45500.00,Central
2026-04-28,Shipped,1301,35306.00,East
2024-11-05,Shipped,2422,20335.00,North
2025-05-21,Shipped,3575,23242.00,Central
2024-07-15,Shipped,4836,75666.00,South
2024-12-10,Shipped,2443,55036.00,Central
2025-09-11,Shipped,3999,63805.00,Central
2024-02-14,Shipped,3330,69345.00,South
2024-06-19,Shipped,2055,11182.00,East
2024-01-05,Shipped,3663,63386.00,Central
2026-01-16,Shipped,1508,78389.00,North
2025-04-04,Shipped,788,33814.00,Central
2024-06-07,Shipped,2284,52791.00,Central
2026-01-19,Shipped,3406,56536.00,North
2026-04-17,Shipped,2524,24400.00,West
2024-10-25,Shipped,4522,90581.00,North
2026-03-29,Shipped,4356,80271.00,South
2024-10-22,Shipped,269,79829.00,North
2024-03-09,Shipped,2374,12425.00,Central
2024-10-14,Shipped,2285,3184.00,West
2025-01-08,Shipped,861,94464.00,East
2024-07-16,Shipped,3805,56648.00,Central
2025-01-13,Shipped,4973,58768.00,East
2024-07-21,Shipped,3128,15502.00,East
2025-03-23,Shipped,574,75271.00,Central
2026-04-28,Shipped,1870,10162.00,South
2025-10-11,Shipped,3619,69967.00,North
2024-02-28,Shipped,683,21856.00,Central
2026-03-22,Shipped,2570,42832.00,North
2025-11-25,Shipped,4085,65592.00,Central
2025-05-23,Shipped,2645,29491.00,South
2026-03-07,Shipped,1248,15444.00,Central
2024-12-20,Shipped,960,31752.00,North
2025-12-20,Shipped,3998,60574.00,Central
2024-03-14,Shipped,3259,97862.00,Central
2024-11-16,Shipped,1090,72075.00,Central
2024-09-11,Shipped,2587,60133.00,Central
2025-11-20,Shipped,4032,8995.00,Central
2024-04-01,Shipped,2323,77881.00,Central
2025-04-26,Shipped,129,87981.00,Central
2026-05-06,Shipped,529,13104.00,North
2025-08-02,Shipped,4234,60719.00,East
2024-05-10,Shipped,2128,57461.00,North
2024-11-08,Shipped,3228,92561.00,North
2025-12-30,Shipped,1586,43076.00,South
2026-04-10,Shipped,1196,25373.00,Central
2025-01-31,Shipped,362,20725.00,South
2025-10-17,Shipped,1239,34806.00,South
2025-06-02,Shipped,527,56684.00,North
2025-06-06,Shipped,4409,48559.00,East
2025-12-19,Shipped,2853,49469.00,East
2026-03-10,Shipped,4806,62298.00,Central
2024-06-17,Shipped,4979,92646.00,South
2024-10-19,Shipped,2670,97284.00,Central
2024-09-18,Shipped,4520,34157.00,South
2024-11-21,Shipped,4256,32123.00,Central
2025-04-27,Shipped,1265,11372.00,East
2025-08-02,Shipped,841,57026.00,Central
2024-02-07,Shipped,3926,8657.00,East
2025-05-21,Shipped,2228,15834.00,East
2024-09-30,Shipped,531,97051.00,East
2025-02-10,Shipped,1592,94789.00,South
2024-11-18,Shipped,4951,23980.00,North
2024-08-20,Shipped,4351,94834.00,Central
2025-09-17,Shipped,1041,13633.00,East
2025-05-20,Shipped,4243,81701.00,East
2025-01-23,Shipped,2973,26439.00,East
2025-09-16,Shipped,4241,83951.00,Central
2025-10-21,Shipped,2687,27291.00,Central
2026-03-31,Shipped,1173,60543.00,South
2026-05-16,Shipped,113,44183.00,West
2024-08-10,Shipped,2385,89524.00,North
2025-03-11,Shipped,3733,26092.00,West
2024-12-01,Shipped,3753,93238.00,North
2025-03-03,Shipped,3473,67438.00,Central
2025-03-31,Shipped,3825,86555.00,South
2024-10-09,Shipped,4446,71998.00,West
2024-04-25,Shipped,3690,21710.00,South
2024-08-01,Shipped,2084,91391.00,North
2024-12-04,Shipped,3761,41118.00,Central
2026-03-30,Shipped,1108,15640.00,North
2025-07-11,Shipped,3380,66632.00,Central
2024-09-17,Shipped,1759,25781.00,Central
2026-04-25,Shipped,405,66080.00,Central
2025-03-31,Shipped,2667,41740.00,West
2025-05-06,Shipped,1469,80016.00,South
2025-01-10,Shipped,1215,58037.00,Central
2024-11-10,Shipped,918,67352.00,North
2025-07-26,Shipped,2461,85185.00,Central
2024-05-30,Shipped,364,32868.00,Central
2026-03-26,Shipped,4054,71008.00,North
2026-02-02,Shipped,4811,59325.00,East
2024-10-24,Shipped,2024,13444.00,Central
2024-02-16,Shipped,2196,13143.00,East
2026-05-17,Shipped,4900,28846.00,South
2024-08-16,Shipped,937,36858.00,South
2024-03-27,Shipped,318,64987.00,East
2024-11-25,Shipped,3367,57490.00,South
2024-11-04,Shipped,4619,84687.00,North
2024-03-13,Shipped,1011,74090.00,South
2024-08-20,Shipped,2673,49194.00,West
2025-04-01,Shipped,4053,43179.00,Central
2025-02-01,Shipped,2017,6836.00,Central
2025-03-26,Shipped,1870,45399.00,Central
2026-03-26,Shipped,1596,13451.00,East
2026-02-18,Shipped,2601,96525.00,Central
2024-07-15,Shipped,511,59747.00,Central
2024-06-29,Shipped,3646,76285.00,North
2025-09-13,Shipped,517,43858.00,Central
2025-05-07,Shipped,724,19535.00,Central
2026-03-30,Shipped,3745,47626.00,East
2025-07-14,Shipped,3868,33613.00,East
2025-11-22,Shipped,300,4851.00,South
2024-03-07,Shipped,1535,27050.00,Central
2025-05-26,Shipped,3981,71890.00,Central
2024-11-17,Shipped,3911,61069.00,North
2024-09-26,Shipped,1015,11426.00,Central
2025-04-17,Shipped,1501,81091.00,South
2025-02-06,Shipped,405,51240.00,West
2024-11-08,Shipped,4833,82377.00,Central
2025-09-08,Shipped,820,91288.00,West
2024-05-20,Shipped,815,1653.00,Central
2025-09-12,Shipped,3803,17403.00,Central
2024-10-01,Shipped,4572,41850.00,East
2024-03-28,Shipped,1094,20289.00,West
2024-07-08,Shipped,4734,25404.00,Central
2025-05-05,Shipped,1728,31027.00,Central
2024-07-21,Shipped,506,43550.00,Central
2024-01-28,Shipped,3106,13589.00,Central
2024-11-11,Shipped,3958,16904.00,Central
2025-03-17,Shipped,364,89042.00,North
2025-12-06,Shipped,1389,69793.00,North
2025-04-28,Shipped,766,71875.00,North
2025-09-07,Shipped,4186,29412.00,South
2024-11-17,Shipped,1268,35929.00,South
2025-08-11,Shipped,315,34389.00,East
2026-03-23,Shipped,2870,59740.00,Central
2024-01-19,Shipped,1800,23191.00,North
2025-10-19,Shipped,1411,56557.00,Central
2025-05-25,Shipped,2617,49823.00,North
2024-07-05,Shipped,1453,35106.00,South
2026-05-12,Shipped,2566,97995.00,South
2025-07-03,Shipped,3009,56928.00,West
2025-12-11,Shipped,3458,25100.00,West
2025-01-17,Shipped,2030,51172.00,Central
2025-08-27,Shipped,4678,28281.00,Central
2025-12-21,Shipped,3409,11076.00,East
2024-10-23,Shipped,151,8197.00,North
2024-12-31,Shipped,176,67835.00,Central
2025-08-16,Shipped,4218,19770.00,West
2024-04-09,Shipped,2831,22384.00,Central
2024-08-12,Shipped,3386,8441.00,Central
2024-07-08,Shipped,4287,51400.00,North
2026-04-07,Shipped,2806,24287.00,West
2025-11-14,Shipped,3503,48213.00,South
2024-04-14,Shipped,170,85283.00,Central
2025-04-06,Shipped,4179,19696.00,South
2026-05-19,Shipped,1147,71761.00,South
2024-10-02,Shipped,2192,12390.00,South
2025-01-16,Shipped,1573,78317.00,Central
2025-01-28,Shipped,171,85954.00,Central
2024-07-02,Shipped,527,47030.00,West
2025-08-29,Shipped,4548,18450.00,Central
2025-04-15,Shipped,4973,5221.00,West
2026-05-01,Shipped,3079,12477.00,North
2025-11-07,Shipped,2309,29598.00,South
2025-03-16,Shipped,48,10548.00,South
2024-12-25,Shipped,3325,89284.00,West
2024-09-03,Shipped,791,51473.00,North
2026-02-25,Shipped,4214,5425.00,East
2025-11-27,Shipped,1110,50802.00,South
2024-10-29,Shipped,2269,6033.00,South
2024-07-20,Shipped,1069,86248.00,South
2026-04-16,Shipped,3985,33853.00,East
2026-02-26,Shipped,883,35396.00,North
2025-11-12,Shipped,2227,86662.00,West
2024-10-21,Shipped,4531,46992.00,Central
2024-07-17,Shipped,3754,39349.00,South
2025-12-16,Shipped,552,84154.00,East
2024-11-10,Shipped,1124,52594.00,Central
2026-05-09,Shipped,3142,14256.00,East
2024-10-30,Shipped,3639,4416.00,Central
2025-04-10,Shipped,3670,17218.00,North
2024-12-28,Shipped,1227,18172.00,Central
2025-10-08,Shipped,1218,40528.00,South
2024-04-14,Shipped,2500,62958.00,North
2024-08-07,Shipped,3575,4764.00,Central
2026-04-02,Shipped,1060,52477.00,North
2025-08-17,Shipped,1729,65787.00,West
2024-11-07,Shipped,3057,23810.00,Central
2024-03-08,Shipped,4896,53876.00,North
2024-08-21,Shipped,1802,88500.00,East
2025-06-28,Shipped,1612,19954.00,Central
2024-02-07,Shipped,4733,24122.00,South
2026-05-13,Shipped,3446,81117.00,North
2024-10-18,Shipped,3302,32062.00,North
2025-12-29,Shipped,815,50508.00,West
2026-01-27,Shipped,2924,33319.00,Central
2025-06-25,Shipped,749,19619.00,Central
2025-11-05,Shipped,3930,54674.00,Central
2024-12-20,Shipped,2437,18717.00,North
2026-04-06,Shipped,1627,26396.00,Central
2025-01-29,Shipped,4818,78356.00,West
2026-04-16,Shipped,1455,9377.00,Central
2025-08-27,Shipped,3497,4423.00,Central
2026-05-03,Shipped,530,51705.00,Central
2024-04-18,Shipped,1729,84081.00,Central
2025-02-20,Shipped,4985,88038.00,Central
2025-06-12,Shipped,82,94680.00,West
2024-10-26,Shipped,4321,2414.00,Central
2025-04-02,Shipped,132,50554.00,North
2025-06-11,Shipped,4521,44829.00,Central
2025-08-30,Shipped,481,92388.00,Central
2026-05-09,Shipped,2007,36080.00,West
2025-06-02,Shipped,777,56603.00,Central
2025-09-14,Shipped,3680,36514.00,North
2025-08-07,Shipped,632,77888.00,Central
2025-02-28,Shipped,1808,71232.00,West
2025-05-22,Shipped,2055,14749.00,North
2024-01-18,Shipped,3275,30493.00,South
2025-07-04,Shipped,2242,96201.00,Central
2024-03-27,Shipped,1107,71143.00,East
2024-05-11,Shipped,3710,59638.00,East
2024-11-26,Shipped,690,74903.00,South
2025-11-01,Shipped,1825,56096.00,East
2024-05-05,Shipped,4795,25371.00,East
2026-02-23,Shipped,2709,39071.00,North
2025-05-02,Shipped,2923,10735.00,North
2026-04-09,Shipped,2172,86404.00,North
2025-09-24,Shipped,1711,51425.00,North
2025-12-19,Shipped,2075,72252.00,Central
2024-06-20,Shipped,3684,49019.00,East
2026-03-09,Shipped,4890,53647.00,West
2026-05-10,Shipped,1748,93157.00,Central
2025-05-03,Shipped,4048,48611.00,South
2025-10-18,Shipped,4023,61300.00,North
2025-05-22,Shipped,1270,9988.00,South
2025-02-02,Shipped,3701,11255.00,Central
2026-03-28,Shipped,3787,94525.00,Central
2025-03-26,Shipped,1447,47878.00,Central
2025-09-27,Shipped,4621,89551.00,East
2025-02-13,Shipped,2679,59766.00,Central
2026-02-13,Shipped,520,36909.00,Central
2025-11-08,Shipped,1519,81381.00,Central
2025-02-12,Shipped,3914,17717.00,Central
2025-07-09,Shipped,871,37744.00,North
2025-07-09,Shipped,2903,35287.00,East
2024-10-07,Shipped,4414,53350.00,West
2025-07-25,Shipped,3131,29750.00,East
2025-12-21,Shipped,3486,30232.00,South
2024-07-25,Shipped,622,30626.00,South
2025-08-03,Shipped,188,31449.00,North
2024-07-14,Shipped,4389,15211.00,Central
2025-01-19,Shipped,2854,73941.00,West
2025-03-07,Shipped,1655,56187.00,Central
2025-08-17,Shipped,3128,5160.00,Central
2025-02-20,Shipped,362,39836.00,East
2025-11-17,Shipped,2207,19594.00,South
2024-06-11,Shipped,4610,68569.00,North
2025-01-03,Shipped,3900,6533.00,Central
2024-02-18,Shipped,1459,10745.00,Central
2024-09-04,Shipped,3157,89850.00,Central
2025-01-10,Shipped,4417,9367.00,Central
2024-09-24,Shipped,3704,89299.00,Central
2025-01-10,Shipped,4530,79479.00,North
2024-03-07,Shipped,925,97346.00,South
2024-12-23,Shipped,2370,4858.00,Central
2025-08-30,Shipped,2423,74641.00,South
2024-06-17,Shipped,4911,95346.00,East
2024-03-20,Shipped,2369,91738.00,North
2024-10-14,Shipped,771,34547.00,Central
2024-06-01,Shipped,4087,52255.00,South
2024-08-13,Shipped,4702,70358.00,West
2024-06-12,Shipped,4713,3507.00,South
2025-12-02,Shipped,4451,66405.00,North
2025-12-06,Shipped,164,64031.00,Central
2024-09-18,Shipped,3485,6929.00,Central
2025-06-09,Shipped,1516,93810.00,South
2026-02-13,Shipped,425,44955.00,Central
2025-10-22,Shipped,3520,43791.00,North
2024-05-03,Shipped,623,20611.00,East
2024-08-05,Shipped,4480,25266.00,West
2024-04-21,Shipped,2440,91801.00,South
2024-04-18,Shipped,3270,94164.00,Central
2025-06-11,Shipped,4499,49241.00,Central
2024-02-09,Shipped,618,78458.00,Central
2024-08-06,Shipped,2491,94297.00,Central
2025-10-28,Shipped,129,71263.00,South
2025-07-19,Shipped,739,92539.00,East
2025-05-15,Shipped,809,60258.00,West
2024-11-12,Shipped,1436,70413.00,Central
2024-07-23,Shipped,2435,32028.00,East
2025-10-20,Shipped,1552,88721.00,Central
2024-08-05,Shipped,4322,39552.00,Central
2026-05-16,Shipped,1689,34214.00,Central
2026-05-16,Shipped,4502,90009.00,East
2025-10-21,Shipped,787,34405.00,South
2025-01-17,Shipped,3781,45689.00,Central
2025-08-18,Shipped,2951,23353.00,South
2025-05-21,Shipped,1763,89143.00,Central
2026-02-23,Shipped,814,34562.00,South
2024-06-17,Shipped,4405,81585.00,South
2024-09-06,Shipped,4939,83818.00,Central
2025-09-16,Shipped,4789,37212.00,Central
2024-04-14,Shipped,3868,3277.00,Central
2025-07-13,Shipped,3688,78525.00,West
2025-02-12,Shipped,2314,82539.00,Central
2025-03-19,Shipped,4466,72886.00,Central
2024-10-30,Shipped,196,59801.00,East
2025-11-20,Shipped,4055,33919.00,East
2024-11-24,Shipped,188,58428.00,Central
2024-05-10,Shipped,4829,35446.00,East
2025-07-20,Shipped,2959,61069.00,Central
2024-04-28,Shipped,972,18665.00,North
2025-08-23,Shipped,4149,59690.00,West
2025-08-26,Shipped,4074,14395.00,Central
2024-07-27,Shipped,415,70780.00,East
2024-02-13,Shipped,1306,90154.00,South
2025-09-09,Shipped,3049,397.00,South
2026-01-10,Shipped,2346,85724.00,West
2024-07-29,Shipped,4155,852.00,North
2026-02-19,Shipped,698,43075.00,Central
2025-01-28,Shipped,4710,65638.00,Central
2024-05-13,Shipped,3589,55266.00,East
2026-05-04,Shipped,4289,68532.00,Central
2024-12-06,Shipped,3774,9104.00,Central
2025-01-15,Shipped,3697,88531.00,Central
2024-11-10,Shipped,3677,9001.00,North
2024-07-13,Shipped,3767,18840.00,Central
2024-03-07,Shipped,3113,84258.00,North
2025-12-31,Shipped,2564,28754.00,Central
2025-08-30,Shipped,3564,51695.00,East
2026-02-02,Shipped,4618,30531.00,North
2024-08-25,Shipped,4489,11782.00,North
2026-05-04,Shipped,2546,54674.00,Central
2026-01-12,Shipped,1677,17888.00,East
2025-12-14,Shipped,1347,3699.00,Central
2026-03-20,Shipped,2928,84803.00,North
2025-02-16,Shipped,124,71342.00,Central
2024-02-02,Shipped,4829,67175.00,Central
2025-04-28,Shipped,95,62058.00,Central
2024-01-30,Shipped,2085,4754.00,East
2025-02-16,Shipped,3770,68711.00,South
2024-08-09,Shipped,1556,46725.00,East
2026-03-18,Shipped,3478,53209.00,East
2025-07-19,Shipped,3471,79736.00,East
2024-06-02,Shipped,2708,31678.00,Central
2025-04-01,Shipped,3353,96644.00,West
2025-01-04,Shipped,1325,38910.00,East
2024-06-01,Shipped,3036,54826.00,East
2024-11-09,Shipped,3044,5947.00,Central
2024-01-09,Shipped,405,90342.00,Central
2025-01-05,Shipped,3388,78465.00,Central
2024-09-09,Shipped,2083,56642.00,West
2025-08-19,Shipped,1323,11286.00,Central
2026-01-29,Shipped,2897,29305.00,West
2026-02-17,Shipped,4301,56507.00,South
2026-01-03,Shipped,2632,49837.00,East
2024-07-14,Shipped,4039,51506.00,North
2024-03-13,Shipped,3441,89968.00,Central
2026-03-31,Shipped,1288,84528.00,East
2024-01-31,Shipped,490,70969.00,North
2025-08-26,Shipped,4978,83542.00,North
2024-10-20,Shipped,2180,22838.00,North
2025-01-12,Shipped,1514,55518.00,West
2026-03-24,Shipped,2122,22205.00,North
2024-05-26,Shipped,2542,50485.00,East
2024-03-26,Shipped,1375,69368.00,North
2026-01-11,Shipped,4860,19652.00,Central
2024-12-11,Shipped,2910,73190.00,North
2024-10-09,Shipped,2589,40910.00,East
2026-02-06,Shipped,162,72200.00,Central
2026-03-30,Shipped,1724,6623.00,Central
2025-01-17,Shipped,2658,11883.00,South
2025-07-24,Shipped,2087,56231.00,North
2026-04-17,Shipped,3325,71776.00,East
2026-04-18,Shipped,3642,17948.00,South
2024-06-17,Shipped,4946,10144.00,North
2025-06-21,Shipped,1088,29561.00,East
2025-07-08,Shipped,4680,7604.00,Central
2026-02-17,Shipped,3509,76549.00,North
2025-12-17,Shipped,4058,92774.00,North
2024-02-23,Shipped,2514,59810.00,North
2025-04-27,Shipped,3369,32740.00,Central
2024-12-21,Shipped,4914,41309.00,Central
2025-10-19,Shipped,1603,7277.00,East
2026-01-08,Shipped,2347,92925.00,South
2024-01-22,Shipped,4902,26595.00,Central
2024-03-18,Shipped,588,40130.00,Central
2026-03-05,Shipped,4935,55654.00,North
2024-02-16,Shipped,4667,87010.00,Central
2026-04-04,Shipped,4376,56995.00,North
2025-12-10,Shipped,2888,23386.00,Central
2024-01-13,Shipped,119,20508.00,Central
2024-05-14,Shipped,2584,75401.00,North
2025-06-03,Shipped,2308,72128.00,Central
2024-08-11,Shipped,4902,487.00,West
2025-08-20,Shipped,4554,22410.00,Central
2025-06-25,Shipped,2464,79864.00,Central
2025-12-09,Shipped,1901,9431.00,North
2025-03-27,Shipped,674,35032.00,West
2024-11-07,Shipped,2683,73724.00,Central
2024-12-04,Shipped,3654,27672.00,North
2025-04-06,Shipped,2671,96899.00,East
2025-09-28,Shipped,3108,73898.00,Central
2026-04-27,Shipped,4238,90583.00,Central
2024-09-21,Shipped,2859,68689.00,Central
2024-06-11,Shipped,1960,19383.00,Central
2025-07-08,Shipped,2991,145.00,Central
2026-02-28,Shipped,3124,87538.00,East
2024-04-13,Shipped,766,2819.00,Central
2024-12-19,Shipped,4322,47307.00,East
2025-04-09,Shipped,2726,19320.00,West
2024-06-25,Shipped,4244,57263.00,South
2025-10-31,Shipped,3719,86597.00,East
2025-07-06,Shipped,360,17865.00,West
2025-06-15,Shipped,698,6939.00,Central
2026-02-06,Shipped,4011,46398.00,Central
2025-01-01,Shipped,1758,34918.00,South
2025-12-30,Shipped,862,12765.00,Central
2024-10-07,Shipped,3327,36871.00,South
2026-05-04,Shipped,176,28544.00,Central
2026-03-19,Shipped,1034,3647.00,North
2025-12-27,Shipped,1653,69150.00,Central
2024-04-04,Shipped,2053,93081.00,South
2025-06-08,Shipped,433,25590.00,North
2024-10-05,Shipped,2846,70746.00,North
2024-07-12,Shipped,3225,76858.00,North
2024-05-10,Shipped,1307,82450.00,South
2024-07-06,Shipped,1648,1427.00,West
2025-10-14,Shipped,1984,75263.00,South
2026-05-22,Shipped,988,74238.00,Central
2026-05-25,Shipped,880,70530.00,Central
2026-03-30,Shipped,1049,49664.00,Central
2025-12-16,Shipped,4971,31460.00,North
2024-05-06,Shipped,3347,76253.00,East
2024-01-02,Shipped,3831,16344.00,East
2024-10-12,Shipped,3160,81181.00,North
2026-03-14,Shipped,406,40271.00,South
2025-11-05,Shipped,4662,29520.00,South
2025-02-04,Shipped,3071,1882.00,Central
2026-04-01,Shipped,4722,57774.00,East
2024-10-14,Shipped,1075,33566.00,West
2025-11-18,Shipped,3240,3375.00,North
2025-03-25,Shipped,2328,90879.00,Central
2025-03-20,Shipped,3229,46748.00,North
2025-03-05,Shipped,493,22244.00,North
2026-04-26,Shipped,2906,3335.00,West
2024-12-14,Shipped,95,76873.00,Central
2025-06-16,Shipped,611,70407.00,Central
2024-02-19,Shipped,3095,91201.00,South
2024-10-13,Shipped,4518,81067.00,North
2025-09-23,Shipped,2949,62326.00,Central
2025-04-26,Shipped,75,7921.00,South
2026-04-18,Shipped,733,73540.00,Central
2026-04-02,Shipped,4465,68741.00,Central
2025-11-13,Shipped,799,59279.00,East
2025-01-29,Shipped,3242,65487.00,South
2024-05-06,Shipped,3581,12892.00,East
2024-04-30,Shipped,4070,92278.00,North
2026-05-12,Shipped,3590,66359.00,East
2026-01-24,Shipped,3758,59375.00,Central
2025-01-07,Shipped,3656,42652.00,South
2025-04-16,Shipped,4747,45957.00,West
2024-02-29,Shipped,856,59370.00,Central
2026-05-04,Shipped,1319,69994.00,Central
2024-01-02,Shipped,1386,21398.00,Central
2024-08-15,Shipped,1693,78310.00,West
2026-02-25,Shipped,4899,14483.00,Central
2024-12-11,Shipped,539,70028.00,West
2025-05-25,Shipped,3494,77651.00,Central
2024-02-15,Shipped,4641,89566.00,North
2025-07-07,Shipped,43,66878.00,Central
2025-12-18,Shipped,1608,22069.00,Central
2026-03-25,Shipped,2030,94526.00,Central
2025-09-14,Shipped,4024,54739.00,Central
2024-07-27,Shipped,3473,61118.00,Central
2025-01-22,Shipped,235,39174.00,Central
2025-02-06,Shipped,3393,16304.00,Central
2025-10-01,Shipped,1600,81113.00,Central
2025-10-20,Shipped,614,71118.00,Central
2025-03-01,Shipped,2368,48367.00,Central
2026-05-26,Shipped,1057,7652.00,South
2025-08-30,Shipped,1440,5753.00,Central
2024-03-28,Shipped,4473,8825.00,Central
2025-05-16,Shipped,2239,5472.00,South
2025-06-09,Shipped,351,75012.00,Central
2024-04-11,Shipped,3264,54404.00,West
2025-04-04,Shipped,896,52618.00,Central
2025-11-16,Shipped,2771,94535.00,Central
2025-05-03,Shipped,361,84264.00,Central
2025-02-10,Shipped,4510,5603.00,Central
2025-08-31,Shipped,4452,76447.00,Central
2025-07-03,Shipped,819,40420.00,West
2024-04-01,Shipped,2632,91758.00,Central
2024-09-13,Shipped,3377,53887.00,North
2026-01-12,Shipped,4221,74599.00,Central
2025-02-18,Shipped,2765,73199.00,Central
2024-11-04,Shipped,4118,12857.00,East
2024-09-07,Shipped,3387,84602.00,Central
2024-07-05,Shipped,4243,80922.00,South
2025-09-13,Shipped,370,5230.00,Central
2025-09-04,Shipped,879,7371.00,North
2025-01-04,Shipped,4282,4243.00,Central
2025-07-07,Shipped,2101,80804.00,Central
2025-12-12,Shipped,3654,91112.00,West
2025-10-05,Shipped,2098,59113.00,South
2025-07-27,Shipped,4956,33471.00,East
2025-07-11,Shipped,3242,56100.00,Central
2025-08-05,Shipped,603,85582.00,West
2024-08-10,Shipped,4520,13526.00,Central
2024-05-13,Shipped,782,2332.00,South
2024-01-16,Shipped,3660,48877.00,South
2026-05-04,Shipped,2399,56426.00,North
2025-03-04,Shipped,3801,19567.00,East
2025-08-06,Shipped,4340,23995.00,Central
2024-07-11,Shipped,1545,79759.00,North
2024-03-14,Shipped,3652,18194.00,East
2026-04-17,Shipped,3867,48955.00,East
2024-06-22,Shipped,3568,72199.00,South
2026-02-06,Shipped,2267,23299.00,Central
2025-04-08,Shipped,3205,92222.00,North
2024-08-08,Shipped,190,76771.00,Central
2025-10-11,Shipped,4718,7275.00,West
2024-10-12,Shipped,4048,45447.00,South
2025-07-29,Shipped,4572,23312.00,Central
2024-10-21,Shipped,4172,91795.00,Central
2026-01-09,Shipped,4747,2626.00,Central
2024-08-07,Shipped,3070,17504.00,North
2025-11-02,Shipped,3981,56964.00,Central
2025-12-14,Shipped,1979,8477.00,East
2026-05-13,Shipped,2970,37506.00,Central
2024-09-18,Shipped,2387,60881.00,East
2025-11-22,Shipped,2118,24186.00,North
2026-04-26,Shipped,4543,49640.00,West
2025-06-17,Shipped,4106,6920.00,North
2025-07-17,Shipped,3896,83961.00,Central
2024-01-16,Shipped,742,62184.00,East
2025-01-07,Shipped,3449,94476.00,Central
2025-12-14,Shipped,2100,40879.00,East
2025-02-17,Shipped,4264,92205.00,East
2024-11-21,Shipped,325,57235.00,Central
2025-08-13,Shipped,4476,54397.00,East
2025-06-04,Shipped,4463,52785.00,South
2025-04-12,Shipped,822,42129.00,East
2025-06-21,Shipped,3677,87867.00,North
2025-01-21,Shipped,4438,82110.00,Central
2026-02-03,Shipped,606,6704.00,South
2026-03-17,Shipped,2228,20210.00,North
2026-05-17,Shipped,3072,41590.00,Central
2025-04-18,Shipped,4674,94670.00,South
2025-12-23,Shipped,412,59958.00,South
2024-11-27,Shipped,4011,45921.00,East
2024-08-14,Shipped,2447,71038.00,West
2025-04-07,Shipped,769,72185.00,South
2024-06-11,Shipped,1491,52577.00,West
2025-05-29,Shipped,1121,3794.00,South
2024-11-10,Shipped,4608,34622.00,East
2024-02-29,Shipped,4364,9481.00,North
2025-10-20,Shipped,6,22331.00,East
2025-01-05,Shipped,1458,9597.00,Central
2026-04-18,Shipped,655,1905.00,South
2024-09-26,Shipped,1385,14353.00,Central
2026-04-14,Shipped,2073,20627.00,West
2025-03-25,Shipped,2264,16327.00,Central
2026-03-10,Shipped,3281,24717.00,Central
2025-10-17,Shipped,1078,64484.00,South
2025-04-10,Shipped,1182,84416.00,North
2024-02-15,Shipped,4673,38556.00,Central
2025-10-16,Shipped,3530,51803.00,North
2024-03-29,Shipped,4901,12244.00,North
2024-04-29,Shipped,138,15910.00,Central
2025-09-14,Shipped,1986,20061.00,South
2026-04-08,Shipped,1076,295.00,Central
2025-03-01,Shipped,255,26147.00,West
2025-05-29,Shipped,2914,44863.00,Central
2025-02-17,Shipped,1518,54430.00,North
2024-03-05,Shipped,4124,1302.00,South
2025-05-03,Shipped,607,74329.00,East
2024-01-01,Shipped,2945,83059.00,East
2026-05-14,Shipped,4818,39498.00,Central
2025-10-27,Shipped,4223,80223.00,West
2024-07-03,Shipped,4525,64466.00,Central
2025-12-17,Shipped,559,62479.00,North
2024-06-14,Shipped,491,44036.00,East
2025-11-28,Shipped,2986,35533.00,East
2025-10-01,Shipped,1351,57061.00,North
2024-03-24,Shipped,396,52726.00,Central
2026-02-13,Shipped,4921,68465.00,South
2024-06-28,Shipped,3397,15344.00,North
2026-01-23,Shipped,799,21875.00,East
2024-06-05,Shipped,334,57428.00,East
2025-03-28,Shipped,3227,61099.00,North
2025-09-06,Shipped,1642,84894.00,East
2024-10-02,Shipped,270,60446.00,West
2024-10-16,Shipped,247,36707.00,North
2024-09-27,Shipped,1454,43349.00,Central
2025-08-31,Shipped,424,40232.00,Central
2025-04-16,Shipped,1234,30486.00,West
2026-01-23,Shipped,1325,26246.00,South
2024-11-19,Shipped,1457,42370.00,Central
2025-04-01,Shipped,3864,19074.00,North
2026-02-18,Shipped,2195,79926.00,Central
2024-09-08,Shipped,2014,64309.00,Central
2025-11-08,Shipped,1968,52941.00,Central
2025-01-23,Shipped,4237,82456.00,South
2026-02-05,Shipped,118,57817.00,Central
2024-03-28,Shipped,3959,66519.00,North
2024-10-22,Shipped,178,49578.00,Central
2025-01-16,Shipped,4177,94768.00,Central
2026-03-31,Shipped,2446,95366.00,East
2024-01-23,Shipped,1399,80554.00,Central
2024-11-19,Shipped,2307,75460.00,East
2025-02-09,Shipped,4164,80541.00,North
2025-04-03,Shipped,3671,44575.00,Central
2024-06-12,Shipped,1992,12207.00,North
2024-08-02,Shipped,4649,97317.00,North
2025-08-30,Shipped,901,96786.00,Central
2024-02-02,Shipped,3812,12405.00,North
2024-11-09,Shipped,1570,2873.00,South
2024-09-16,Shipped,4763,68298.00,North
2024-12-06,Shipped,4129,200.00,Central
2024-04-17,Shipped,4679,83143.00,Central
2026-01-05,Shipped,4630,51388.00,South
2025-05-09,Shipped,4306,15226.00,West
2026-05-08,Shipped,1047,13902.00,Central
2024-09-27,Shipped,101,62166.00,South
2025-01-26,Shipped,2400,3014.00,North
2025-11-30,Shipped,3115,18913.00,Central
2025-01-07,Shipped,2910,14820.00,East
2024-12-07,Shipped,1040,22282.00,Central
2024-02-09,Shipped,110,49896.00,Central
2024-07-18,Shipped,177,50808.00,South
2024-07-15,Shipped,1785,61341.00,Central
2025-04-25,Shipped,4897,20586.00,Central
2024-11-24,Shipped,1563,65960.00,West
2024-04-07,Shipped,1988,52700.00,North
2025-02-22,Shipped,4138,33364.00,Central
2024-03-10,Shipped,3954,29405.00,Central
2024-04-22,Shipped,3454,47025.00,East
2024-03-20,Shipped,548,71098.00,Central
2024-06-23,Shipped,1627,57826.00,Central
2025-10-09,Shipped,3390,45439.00,Central
2024-05-01,Shipped,4079,26339.00,Central
2025-04-13,Shipped,744,19823.00,West
2026-05-17,Shipped,4764,17619.00,East
2026-01-15,Shipped,2884,38155.00,Central
2024-07-24,Shipped,4669,1371.00,Central
2024-04-27,Shipped,2618,43290.00,North
2026-05-11,Shipped,1147,93942.00,South
2024-10-04,Shipped,1274,23026.00,East
2024-06-21,Shipped,3162,63214.00,West
2024-09-10,Shipped,4454,39651.00,Central
2025-04-20,Shipped,1334,60474.00,North
2026-01-12,Shipped,1589,96432.00,North
2024-07-13,Shipped,3174,39735.00,Central
2025-08-28,Shipped,1807,95545.00,Central
2024-10-13,Shipped,4112,53030.00,Central
2025-07-20,Shipped,1940,19009.00,Central
2024-05-29,Shipped,2639,79565.00,Central
2025-06-20,Shipped,1642,9266.00,Central
2025-11-30,Shipped,3286,95842.00,Central
2025-06-29,Shipped,3537,1968.00,Central
2025-03-28,Shipped,821,31740.00,Central
2025-03-10,Shipped,3000,72213.00,South
2024-12-25,Shipped,1496,8658.00,North
2024-01-24,Shipped,4788,44995.00,Central
2026-03-24,Shipped,4574,44554.00,Central
2024-09-25,Shipped,1019,75089.00,South
2025-07-18,Shipped,756,58793.00,West
2024-07-28,Shipped,4769,31069.00,Central
2024-10-26,Shipped,2927,18823.00,South
2024-09-18,Shipped,2918,59782.00,Central
2025-09-02,Shipped,1361,91889.00,North
2024-01-01,Shipped,4031,49866.00,East
2025-05-21,Shipped,1605,47299.00,Central
2024-08-04,Shipped,3337,27286.00,South
2026-01-19,Shipped,3938,46788.00,East
2025-01-23,Shipped,1751,21452.00,Central
2026-02-02,Shipped,1819,68374.00,East
2024-09-27,Shipped,989,84022.00,Central
2025-04-23,Shipped,2041,30911.00,East
2024-05-29,Shipped,3400,26124.00,South
2025-07-11,Shipped,198,58384.00,Central
2024-02-06,Shipped,1511,8267.00,Central
2025-08-15,Shipped,2666,67328.00,West
2024-06-08,Shipped,1753,26700.00,Central
2026-05-26,Shipped,841,7228.00,South
2024-04-19,Shipped,4700,42089.00,North
2025-11-28,Shipped,321,7784.00,West
2026-01-05,Shipped,1924,96351.00,Central
2024-12-16,Shipped,4686,9724.00,South
2026-04-08,Shipped,849,47231.00,North
2024-09-25,Shipped,3620,56048.00,West
2024-08-21,Shipped,2322,67344.00,North
2024-02-06,Shipped,1347,42430.00,Central
2025-07-11,Shipped,4848,81338.00,Central
2024-12-29,Shipped,3936,27509.00,South
2024-08-18,Shipped,3746,64237.00,North
2025-06-12,Shipped,572,25449.00,Central
2024-04-07,Shipped,4038,84078.00,North
2025-09-29,Shipped,491,38211.00,West
2024-11-29,Shipped,997,80338.00,Central
2025-01-15,Shipped,4312,49914.00,Central
2025-11-17,Shipped,4731,11003.00,Central
2026-05-23,Shipped,4330,28006.00,North
2024-04-06,Shipped,3165,55098.00,North
2024-11-09,Shipped,3860,20951.00,Central
2024-02-25,Shipped,268,29885.00,Central
2024-04-08,Shipped,3475,55778.00,Central
2024-02-29,Shipped,3150,30795.00,South
2026-01-07,Shipped,3604,25984.00,Central
2025-06-19,Shipped,1882,39634.00,South
2026-03-05,Shipped,2501,91914.00,East
2025-12-02,Shipped,384,79907.00,West
2025-11-08,Shipped,3877,36123.00,Central
2025-05-07,Shipped,1897,81170.00,Central
2024-04-27,Shipped,2162,31805.00,West
2025-05-15,Shipped,4634,49939.00,West
2026-01-27,Shipped,1214,24095.00,North
2026-01-18,Shipped,3987,74489.00,West
2024-03-27,Shipped,2615,2786.00,West
2024-03-28,Shipped,1435,6024.00,North
2025-04-22,Shipped,2009,88185.00,West
2025-11-01,Shipped,2939,86926.00,South
2025-12-25,Shipped,2713,9539.00,Central
2025-03-18,Shipped,914,51993.00,South
2024-04-20,Shipped,3530,9231.00,East
2025-09-04,Shipped,1047,29171.00,West
2026-04-05,Shipped,2984,43524.00,Central
2025-03-30,Shipped,4965,51615.00,North
2026-03-09,Shipped,2646,77881.00,Central
2024-05-16,Shipped,3134,44145.00,North
2025-09-12,Shipped,1389,64727.00,Central
2024-02-29,Shipped,101,144.00,Central
2026-03-27,Shipped,1500,76706.00,West
2024-04-22,Shipped,2805,50355.00,Central
2025-05-30,Shipped,4482,57010.00,Central
2026-04-07,Shipped,4988,8267.00,Central
2026-04-16,Shipped,3637,25752.00,Central
2026-05-03,Shipped,4128,20259.00,Central
2024-11-15,Shipped,1162,82653.00,South
2024-08-03,Shipped,285,19206.00,West
2026-05-14,Shipped,3828,19327.00,Central
2025-06-16,Shipped,4125,65872.00,Central
2024-05-11,Shipped,536,60111.00,Central
2025-02-12,Shipped,2328,33736.00,Central
2025-04-12,Shipped,1262,903.00,North
2025-07-25,Shipped,2978,46236.00,North
2026-01-29,Shipped,3860,49730.00,North
2024-01-21,Shipped,3728,87440.00,Central
2024-01-25,Shipped,4376,44135.00,Central
2025-04-03,Shipped,350,66682.00,West
2026-02-23,Shipped,746,5252.00,North
2026-04-30,Shipped,3527,273.00,North
2025-08-19,Shipped,1020,22036.00,Central
2024-09-08,Shipped,3715,74418.00,West
2025-03-13,Shipped,42,22752.00,West
2024-09-19,Shipped,4540,68019.00,North
2025-10-12,Shipped,1283,1028.00,North
2024-11-25,Shipped,2461,54321.00,North
2024-08-16,Shipped,387,60446.00,East
2024-02-09,Shipped,2354,95479.00,Central
2024-01-09,Shipped,3950,94982.00,Central
2025-03-24,Shipped,2056,14242.00,Central
2026-04-05,Shipped,1738,41866.00,Central
2025-11-06,Shipped,4840,24187.00,North
2026-03-11,Shipped,4612,11119.00,North
2026-03-30,Shipped,3776,16199.00,East
2024-05-14,Shipped,238,25915.00,Central
2024-09-19,Shipped,4300,87575.00,East
2024-08-21,Shipped,3798,27645.00,East
2025-01-21,Shipped,4705,54552.00,East
2024-06-04,Shipped,2480,24901.00,North
2026-02-26,Shipped,751,40852.00,South
2025-10-14,Shipped,2868,69958.00,North
2025-03-04,Shipped,2566,75467.00,Central
2024-08-21,Shipped,1112,66450.00,North
2025-08-18,Shipped,3329,20135.00,Central
2024-10-21,Shipped,2969,21158.00,North
2024-03-20,Shipped,4918,41076.00,South
2025-06-06,Shipped,2410,37839.00,South
2024-08-26,Shipped,1421,67445.00,Central
2025-09-28,Shipped,2271,1410.00,Central
2024-02-29,Shipped,1411,66936.00,Central
2026-01-27,Shipped,4077,91479.00,Central
2024-04-11,Shipped,4304,67906.00,Central
2024-05-18,Shipped,3808,25327.00,West
2025-09-07,Shipped,2122,37724.00,South
2024-03-14,Shipped,1056,1116.00,South
2024-02-22,Shipped,346,58066.00,Central
2024-08-05,Shipped,2042,57199.00,East
2025-08-26,Shipped,408,69741.00,Central
2025-12-09,Shipped,4341,74131.00,North
2024-06-21,Shipped,3412,1506.00,East
2025-05-22,Shipped,3327,82932.00,Central
2024-02-29,Shipped,3721,94747.00,North
2025-09-30,Shipped,4379,35121.00,East
2025-06-16,Shipped,130,22343.00,East
2025-09-03,Shipped,1937,98564.00,North
2024-02-20,Shipped,3599,54956.00,North
2024-11-30,Shipped,232,2402.00,Central
2024-01-12,Shipped,2380,34626.00,Central
2025-04-20,Shipped,3090,1938.00,West
2025-12-14,Shipped,2140,44800.00,East
2024-07-11,Shipped,3934,69508.00,East
2024-10-06,Shipped,372,97794.00,West
2024-03-05,Shipped,2845,47052.00,West
2025-10-07,Shipped,250,49365.00,South
2024-05-06,Shipped,282,77321.00,Central
2025-02-08,Shipped,1961,13089.00,South
2025-02-26,Shipped,2204,41444.00,Central
2025-04-08,Shipped,561,39150.00,East
2025-06-07,Shipped,4404,95871.00,East
2025-05-11,Shipped,205,54632.00,East
2025-03-20,Shipped,4579,35123.00,Central
2024-06-14,Shipped,2821,61173.00,North
2025-11-18,Shipped,2507,36012.00,Central
2025-04-11,Shipped,4957,5579.00,East
2024-11-18,Shipped,1046,68607.00,Central
2025-01-24,Shipped,3838,78045.00,Central
2024-01-27,Shipped,3711,96869.00,North
2024-10-12,Shipped,911,40882.00,Central
2024-10-17,Shipped,2566,978.00,Central
2024-11-04,Shipped,2356,76716.00,Central
2024-07-11,Shipped,2311,66002.00,Central
2024-11-10,Shipped,2918,67127.00,North
2025-09-13,Shipped,995,57017.00,Central
2025-05-17,Shipped,4581,70396.00,East
2024-03-26,Shipped,2206,32532.00,South
2025-10-07,Shipped,2585,40553.00,Central
2025-04-09,Shipped,1012,38177.00,Central
2024-09-07,Shipped,3900,9137.00,South
2024-06-06,Shipped,3051,76133.00,South
2024-04-18,Shipped,606,71674.00,West
2025-12-02,Shipped,4836,67681.00,North
2024-05-29,Shipped,1167,42856.00,West
2025-08-25,Shipped,2163,8971.00,Central
2025-02-01,Shipped,4096,53132.00,Central
2024-10-06,Shipped,127,98554.00,Central
2024-06-21,Shipped,296,1688.00,Central
2026-02-14,Shipped,3382,10009.00,West
2024-08-19,Shipped,3522,70447.00,Central
2026-04-01,Shipped,2672,21469.00,Central
2024-09-20,Shipped,4227,37831.00,North
2024-09-20,Shipped,4229,69554.00,Central
2024-09-05,Shipped,4268,10005.00,North
2024-06-03,Shipped,41,65992.00,North
2025-03-04,Shipped,1768,19295.00,Central
2026-03-26,Shipped,1878,80339.00,Central
2024-07-05,Shipped,524,46362.00,Central
2025-10-22,Shipped,3791,75392.00,Central
2025-01-15,Shipped,1385,68371.00,East
2025-02-03,Shipped,4477,61227.00,Central
2026-05-24,Shipped,1624,26617.00,West
2026-05-06,Shipped,1449,33922.00,Central
2026-05-01,Shipped,2729,97116.00,Central
2024-05-10,Shipped,1397,63517.00,Central
2024-06-21,Shipped,1258,1513.00,South
2024-12-15,Shipped,828,95686.00,Central
2026-01-18,Shipped,905,8865.00,South
2025-04-07,Shipped,4625,19355.00,Central
2025-01-19,Shipped,1749,97862.00,Central
2025-10-16,Shipped,3699,56950.00,Central
2024-10-07,Shipped,3243,36637.00,West
2024-01-28,Shipped,3595,61309.00,West
2025-05-02,Shipped,2765,96793.00,Central
2024-05-25,Shipped,1685,90897.00,Central
2025-03-21,Shipped,1121,74275.00,East
2025-10-05,Shipped,1946,48559.00,East
2025-04-19,Shipped,1214,20459.00,Central
2026-04-17,Shipped,4023,65650.00,Central
2024-08-30,Shipped,2684,18018.00,Central
2024-01-10,Shipped,4421,9846.00,Central
2024-09-23,Shipped,1352,45871.00,West
2024-12-27,Shipped,2466,77735.00,North
2024-03-23,Shipped,1897,59163.00,North
2025-07-02,Shipped,294,6893.00,North
2026-01-03,Shipped,4536,54581.00,Central
2026-01-21,Shipped,557,4857.00,Central
2025-05-26,Shipped,3168,78427.00,North
2026-02-11,Shipped,1952,22612.00,Central
2024-06-29,Shipped,4169,7724.00,Central
2025-01-21,Shipped,1859,44469.00,South
2026-02-17,Shipped,475,60744.00,South
2025-03-24,Shipped,4592,50749.00,Central
2024-11-14,Shipped,1462,642.00,South
2026-03-09,Shipped,3789,73195.00,South
2024-03-12,Shipped,1163,64095.00,South
2024-11-01,Shipped,1480,26460.00,East
2025-04-05,Shipped,4069,38626.00,North
2025-09-30,Shipped,4744,5951.00,North
2025-03-15,Shipped,4981,48568.00,West
2026-03-29,Shipped,4410,84588.00,North
2026-02-09,Shipped,4709,68888.00,North
2024-08-08,Shipped,2970,39437.00,East
2025-02-01,Shipped,1513,61893.00,North
2024-10-16,Shipped,3313,53084.00,East
2025-04-02,Shipped,807,75901.00,East
2025-10-30,Shipped,2583,27059.00,Central
2024-08-03,Shipped,54,25463.00,South
2025-05-24,Shipped,2184,14499.00,North
2025-04-24,Shipped,2432,68636.00,Central
2025-09-19,Shipped,2950,10321.00,South
2025-05-13,Shipped,401,76471.00,East
2024-03-06,Shipped,264,66343.00,East
2026-01-19,Shipped,1629,81935.00,North
2024-07-15,Shipped,4063,59630.00,Central
2024-05-20,Shipped,3316,94231.00,North
2026-04-13,Shipped,928,88200.00,Central
2024-03-05,Shipped,2398,86988.00,Central
2024-09-14,Shipped,4330,37525.00,North
2024-07-15,Shipped,4993,78406.00,South
2026-01-30,Shipped,2509,56078.00,Central
2026-05-19,Shipped,4655,61525.00,Central
2025-01-05,Shipped,1824,87444.00,Central
2025-12-18,Shipped,1205,80350.00,North
2025-05-19,Shipped,4129,56701.00,East
2025-05-07,Shipped,1788,69452.00,Central
2024-11-07,Shipped,2089,69295.00,Central
2025-07-01,Shipped,1697,48360.00,South
2024-07-26,Shipped,1602,60725.00,South
2024-09-17,Shipped,1038,74269.00,North
2025-09-06,Shipped,1608,51424.00,South
2026-05-23,Shipped,1095,10795.00,North
2025-10-22,Shipped,1898,14257.00,East
2025-06-03,Shipped,2658,71108.00,Central
2025-11-06,Shipped,965,35234.00,East
2024-08-01,Shipped,2750,88761.00,East
2024-03-02,Shipped,2162,28811.00,East
2024-09-30,Shipped,1783,91522.00,West
2024-09-01,Shipped,644,35202.00,North
2026-02-12,Shipped,179,58355.00,North
2024-10-28,Shipped,4321,79938.00,West
2025-04-16,Shipped,2819,22181.00,Central
2024-05-05,Shipped,2889,98498.00,East
2024-01-13,Shipped,2944,77791.00,North
2024-05-24,Shipped,4204,63253.00,Central
2025-10-27,Shipped,4404,55298.00,West
2024-12-02,Shipped,2482,6500.00,Central
2024-07-07,Shipped,1826,606.00,Central
2024-08-16,Shipped,3270,62208.00,North
2024-06-29,Shipped,3960,92970.00,Central
2025-03-16,Shipped,1500,93209.00,Central
2025-07-26,Shipped,4254,38157.00,West
2025-07-06,Shipped,2079,85354.00,North
2026-05-23,Shipped,3593,36906.00,Central
2024-04-10,Shipped,4999,2878.00,North
2026-03-10,Shipped,2429,25092.00,South
2025-01-21,Shipped,1478,68887.00,North
2026-04-29,Shipped,1172,66065.00,Central
2024-04-12,Shipped,4343,47627.00,South
2024-06-30,Shipped,726,41136.00,North
2024-08-03,Shipped,2801,62575.00,South
2024-11-25,Shipped,3672,55856.00,Central
2026-02-07,Shipped,2366,76149.00,North
2024-03-01,Shipped,4503,22253.00,North
2025-07-17,Shipped,1305,34509.00,North
2024-01-20,Shipped,4684,21968.00,Central
2026-03-26,Shipped,894,19478.00,Central
2025-12-22,Shipped,2813,14503.00,South
2024-10-04,Shipped,1411,53179.00,North
2025-09-21,Shipped,1440,93127.00,North
2025-02-21,Shipped,412,8640.00,East
2025-10-31,Shipped,3260,43119.00,West
2024-05-18,Shipped,4169,21594.00,North
2024-06-10,Shipped,4999,25179.00,East
2024-05-10,Shipped,72,57034.00,West
2025-02-05,Shipped,2011,35151.00,Central
2025-07-13,Shipped,4645,81383.00,East
2025-10-09,Shipped,2576,94722.00,Central
2025-05-07,Shipped,3040,87029.00,North
2025-11-27,Shipped,311,38015.00,West
2024-05-28,Shipped,3147,69295.00,East
2026-02-22,Shipped,457,31453.00,South
2026-02-25,Shipped,3879,8457.00,South
2024-03-27,Shipped,2145,66814.00,West
2024-09-06,Shipped,3485,73453.00,Central
2025-03-20,Shipped,2659,75143.00,West
2025-04-26,Shipped,3328,42713.00,East
2024-11-08,Shipped,1398,22246.00,Central
2024-12-18,Shipped,2956,36745.00,North
2025-05-27,Shipped,3541,53667.00,Central
2025-05-28,Shipped,926,39936.00,South
2025-04-28,Shipped,803,26713.00,South
2024-05-22,Shipped,331,39029.00,South
2024-04-22,Shipped,1259,71703.00,Central
2025-09-21,Shipped,1750,46832.00,Central
2024-05-21,Shipped,1884,20725.00,North
2024-06-24,Shipped,1864,66641.00,Central
2025-03-20,Shipped,4513,56639.00,West
2024-11-10,Shipped,4973,68033.00,Central
2024-02-22,Shipped,4893,95401.00,South
2026-04-17,Shipped,2702,47774.00,North
2026-03-02,Shipped,1273,15109.00,Central
2026-03-26,Shipped,1581,70551.00,South
2024-08-29,Shipped,4104,87661.00,South
2025-10-23,Shipped,879,98332.00,North
2024-11-09,Shipped,2783,84932.00,South
2024-04-04,Shipped,109,37380.00,North
2024-11-21,Shipped,294,3224.00,Central
2025-03-08,Shipped,3058,2308.00,South
2024-07-27,Shipped,3821,14580.00,North
2024-03-23,Shipped,4968,19867.00,East
2024-10-04,Shipped,4758,17139.00,Central
2025-02-22,Shipped,1978,6424.00,South
2024-02-23,Shipped,2205,97794.00,East
2025-06-30,Shipped,2988,41994.00,South
2025-07-27,Shipped,1204,87599.00,Central
2025-08-02,Shipped,2771,22096.00,South
2026-04-10,Shipped,1208,4783.00,South
2025-07-25,Shipped,2782,88809.00,West
2024-06-04,Shipped,2127,40372.00,North
2024-05-07,Shipped,237,58818.00,East
2026-01-22,Shipped,4342,73200.00,North
2025-07-22,Shipped,4244,83473.00,North
2025-11-20,Shipped,2659,47616.00,East
2024-11-02,Shipped,2743,80071.00,Central
2025-12-23,Shipped,440,65349.00,South
2026-02-18,Shipped,2456,82061.00,North
2025-10-14,Shipped,1797,68595.00,South
2025-05-26,Shipped,993,64843.00,East
2025-05-19,Shipped,2842,6228.00,Central
2026-05-16,Shipped,3945,50791.00,Central
2025-10-04,Shipped,2393,36567.00,North
2024-09-09,Shipped,4793,64340.00,Central
2024-12-06,Shipped,690,1143.00,Central
2026-02-28,Shipped,3552,64476.00,Central
2025-11-05,Shipped,3757,34899.00,South
2026-02-15,Shipped,629,54454.00,Central
2025-03-05,Shipped,278,13456.00,Central
2025-08-20,Shipped,4459,11093.00,North
2025-11-24,Shipped,4700,89313.00,Central
2025-09-11,Shipped,1134,88160.00,Central
2025-09-24,Shipped,4901,49559.00,East
2024-08-25,Shipped,4279,12936.00,South
2025-08-22,Shipped,935,67886.00,Central
2026-01-05,Shipped,1322,55042.00,Central
2025-12-19,Shipped,2015,20015.00,Central
2025-07-18,Shipped,3701,49770.00,South
2025-07-16,Shipped,4866,2783.00,Central
2026-04-15,Shipped,262,37873.00,North
2025-06-09,Shipped,1608,25219.00,Central
2026-03-19,Shipped,2274,81045.00,Central
2024-02-21,Shipped,298,25019.00,South
2025-10-02,Shipped,2461,94018.00,North
2024-12-11,Shipped,2114,63712.00,Central
2024-09-01,Shipped,4379,52086.00,Central
2026-01-02,Shipped,1360,30029.00,Central
2025-09-25,Shipped,442,32501.00,North
2024-05-12,Shipped,2858,29951.00,North
2025-06-10,Shipped,438,65398.00,Central
2025-03-26,Shipped,1938,63367.00,Central
2024-08-16,Shipped,1245,50521.00,Central
2025-08-16,Shipped,4447,41650.00,North
2026-02-11,Shipped,3522,16902.00,South
2024-01-07,Shipped,820,54542.00,North
2026-04-16,Shipped,4870,48833.00,Central
2025-04-30,Shipped,3448,25555.00,East
2025-06-12,Shipped,594,26168.00,South
2026-04-23,Shipped,2732,87396.00,North
2024-05-28,Shipped,49,2728.00,Central
2026-02-17,Shipped,1700,37229.00,East
2025-10-02,Shipped,3608,66473.00,Central
2025-11-01,Shipped,2215,51214.00,North
2025-06-12,Shipped,4812,40645.00,Central
2024-01-14,Shipped,4341,43262.00,South
2026-04-29,Shipped,3271,27263.00,Central
2024-09-21,Shipped,2707,39761.00,North
2024-11-10,Shipped,3916,92571.00,North
2026-01-07,Shipped,3802,9950.00,North
2025-07-19,Shipped,4751,65586.00,Central
2025-01-06,Shipped,1839,32396.00,North
2025-08-23,Shipped,1099,15638.00,Central
2024-02-13,Shipped,2465,18078.00,South
2025-10-12,Shipped,1710,53306.00,Central
2025-11-02,Shipped,1007,4624.00,East
2024-07-15,Shipped,3699,71836.00,West
2025-12-16,Shipped,3026,11476.00,North
2026-03-15,Shipped,4506,85130.00,East
2026-04-07,Shipped,2662,51398.00,Central
2025-05-27,Shipped,4486,14398.00,East
2024-06-13,Shipped,2533,35139.00,Central
2024-03-02,Shipped,1995,51034.00,Central
2024-11-10,Shipped,3194,15291.00,Central
2025-11-23,Shipped,757,30165.00,West
2024-08-10,Shipped,204,22426.00,East
2024-05-15,Shipped,2835,33466.00,West
2025-07-01,Shipped,3721,90661.00,North
2024-05-13,Shipped,153,35895.00,Central
2024-12-06,Shipped,128,55546.00,Central
2025-03-07,Shipped,4814,90306.00,Central
2025-04-08,Shipped,514,25448.00,West
2025-04-28,Shipped,4467,76427.00,North
2025-09-28,Shipped,575,88109.00,North
2025-12-18,Shipped,4846,50668.00,Central
2024-09-11,Shipped,1947,17294.00,Central
2025-11-14,Shipped,4943,81638.00,Central
2025-12-20,Shipped,1324,8180.00,North
2025-03-21,Shipped,2239,93933.00,Central
2024-07-03,Shipped,2139,31904.00,Central
2024-05-23,Shipped,4153,27435.00,East
2025-09-20,Shipped,4428,46407.00,Central
2025-05-05,Shipped,106,76755.00,Central
2025-05-31,Shipped,846,35580.00,South
2025-11-19,Shipped,4595,98409.00,South
2026-03-31,Shipped,3279,73091.00,East
2025-01-15,Shipped,2828,30529.00,North
2024-08-12,Shipped,3419,70098.00,North
2025-05-25,Shipped,371,36523.00,West
2026-04-06,Shipped,1585,86668.00,North
2025-11-13,Shipped,2970,6224.00,South
2024-07-31,Shipped,566,32468.00,West
2024-06-19,Shipped,350,23424.00,East
2024-01-15,Shipped,1827,74451.00,Central
2025-06-04,Shipped,2812,4508.00,North
2024-11-03,Shipped,4848,18693.00,Central
2026-05-20,Shipped,1682,65826.00,Central
2024-04-23,Shipped,3408,28992.00,South
2024-08-22,Shipped,2897,61359.00,East
2025-06-02,Shipped,367,26887.00,Central
2025-10-08,Shipped,1163,56834.00,Central
2024-07-22,Shipped,4171,45270.00,South
2024-08-18,Shipped,1733,92819.00,Central
2024-03-13,Shipped,2695,21086.00,Central
2025-04-03,Shipped,3540,4673.00,North
2025-04-22,Shipped,3079,83434.00,South
2024-03-06,Shipped,4244,83808.00,West
2025-01-11,Shipped,231,45492.00,West
2024-04-28,Shipped,2380,44604.00,South
2025-09-15,Shipped,517,32508.00,North
2026-02-09,Shipped,984,67799.00,East
2026-03-23,Shipped,2211,48126.00,Central
2025-12-21,Shipped,3334,74963.00,West
2025-11-27,Shipped,3737,91669.00,Central
2024-06-21,Shipped,1771,13351.00,East
2024-10-02,Shipped,4216,11910.00,East
2026-05-26,Shipped,2465,56206.00,Central
2025-05-13,Shipped,2094,46938.00,Central
2024-10-09,Shipped,2038,47298.00,South
2025-11-18,Shipped,2961,38605.00,Central
2025-03-04,Shipped,2213,28874.00,North
2025-11-14,Shipped,30,17827.00,South
2026-05-23,Shipped,168,61502.00,South
2024-02-17,Shipped,4881,94002.00,South
2025-09-03,Shipped,2812,48256.00,Central
2025-09-29,Shipped,2546,76905.00,North
2024-01-01,Shipped,1677,95521.00,East
2026-05-24,Shipped,612,53174.00,Central
2026-03-05,Shipped,4355,15347.00,North
2026-05-12,Shipped,3595,38060.00,East
2026-01-28,Shipped,1560,24259.00,Central
2025-02-26,Shipped,4016,36762.00,South
2026-05-10,Shipped,1936,35434.00,Central
2025-06-19,Shipped,4336,61871.00,South
2024-05-18,Shipped,1131,86253.00,Central
2025-11-04,Shipped,1923,76691.00,North
2025-05-30,Shipped,4642,18356.00,North
2024-08-26,Shipped,3315,47680.00,Central
2024-10-09,Shipped,1119,38349.00,South
2025-07-10,Shipped,357,65866.00,South
2024-11-18,Shipped,4731,16607.00,West
2024-08-30,Shipped,2056,25283.00,West
2025-11-12,Shipped,1905,30506.00,Central
2024-06-18,Shipped,1133,82066.00,North
2024-12-24,Shipped,2133,47665.00,Central
2025-03-07,Shipped,2514,86959.00,East
2024-06-30,Shipped,2956,34568.00,East
2025-03-19,Shipped,3069,88939.00,Central
2026-05-10,Shipped,896,40820.00,South
2025-03-01,Shipped,4716,67896.00,Central
2025-04-01,Shipped,188,1377.00,North
2024-09-07,Shipped,1784,67961.00,Central
2025-04-14,Shipped,4329,25675.00,West
2025-01-02,Shipped,3756,11114.00,West
2024-05-28,Shipped,1538,81208.00,East
2025-08-27,Shipped,1140,44644.00,North
2025-10-02,Shipped,2723,11232.00,South
2025-03-28,Shipped,1527,94398.00,West
2024-05-29,Shipped,4022,21870.00,South
2025-11-06,Shipped,550,49362.00,Central
2025-11-21,Shipped,3260,97094.00,South
2025-11-17,Shipped,3619,73990.00,South
2024-08-01,Shipped,1144,80819.00,South
2025-01-09,Shipped,904,65556.00,North
2026-05-13,Shipped,3185,44955.00,Central
2025-06-05,Shipped,3149,24393.00,North
2024-09-25,Shipped,1559,31175.00,South
2024-06-16,Shipped,1403,57947.00,Central
2025-08-06,Shipped,4551,11862.00,Central
2026-02-11,Shipped,1674,45587.00,South
2024-09-11,Shipped,934,37534.00,South
2024-01-07,Shipped,4663,43737.00,East
2026-02-19,Shipped,1861,42969.00,West
2025-05-22,Shipped,3622,6599.00,North
2025-08-28,Shipped,4541,40696.00,North
2025-03-10,Shipped,1988,65797.00,Central
2024-12-24,Shipped,806,22973.00,South
2025-06-20,Shipped,949,83568.00,North
2025-12-22,Shipped,1293,78702.00,North
2026-03-26,Shipped,3393,24074.00,West
2025-06-02,Shipped,841,50741.00,South
2025-07-04,Shipped,861,19202.00,South
2025-03-08,Shipped,3019,4589.00,West
2024-06-30,Shipped,3809,93003.00,South
2025-11-13,Shipped,219,30555.00,South
2024-06-28,Shipped,756,3618.00,North
2024-04-28,Shipped,3239,47315.00,Central
2026-04-13,Shipped,488,3250.00,South
2025-12-16,Shipped,4410,48268.00,Central
2024-03-09,Shipped,127,88893.00,Central
2026-01-17,Shipped,1319,87762.00,North
2024-12-07,Shipped,4001,84350.00,Central
2025-12-25,Shipped,692,69008.00,South
2024-12-17,Shipped,92,6178.00,South
2025-06-06,Shipped,3165,60128.00,Central
2025-03-13,Shipped,2361,97418.00,Central
2025-01-31,Shipped,1267,96741.00,North
2026-01-18,Shipped,3314,2845.00,Central
2026-01-18,Shipped,2259,18800.00,North
2025-12-04,Shipped,408,3562.00,North
2024-01-12,Shipped,4880,36807.00,Central
2024-06-18,Shipped,4621,43831.00,Central
2026-05-09,Shipped,4032,34582.00,Central
2025-02-19,Shipped,2902,77748.00,North
2025-09-27,Shipped,2152,36480.00,West
2024-02-05,Shipped,2057,50997.00,North
2025-02-13,Shipped,2611,18367.00,Central
2025-10-24,Shipped,236,51958.00,East
2024-05-05,Shipped,53,43902.00,North
2024-04-21,Shipped,1435,74353.00,West
2024-04-24,Shipped,4435,59549.00,Central
2024-10-16,Shipped,2430,7192.00,West
2024-10-04,Shipped,4014,70787.00,Central
2024-07-26,Shipped,4306,42317.00,Central
2025-08-28,Shipped,3559,45634.00,South
2025-02-04,Shipped,2395,32219.00,East
2025-05-05,Shipped,2694,16226.00,East
2025-04-17,Shipped,621,64962.00,Central
2025-03-08,Shipped,2017,85389.00,Central
2026-04-10,Shipped,4108,22644.00,South
2025-07-07,Shipped,1230,30983.00,Central
2024-10-03,Shipped,3527,95806.00,North
2025-08-07,Shipped,3344,20691.00,South
2025-03-18,Shipped,3775,91046.00,East
2025-05-24,Shipped,4240,47260.00,Central
2024-04-13,Shipped,315,57834.00,West
2026-03-28,Shipped,2251,46055.00,South
2024-04-27,Shipped,2443,10415.00,West
2025-04-06,Shipped,2349,81757.00,Central
2024-07-17,Shipped,93,61204.00,South
2025-03-12,Shipped,53,82195.00,Central
2024-05-11,Shipped,3787,67517.00,East
2026-03-07,Shipped,4881,8521.00,North
2024-03-09,Shipped,1887,95055.00,Central
2024-07-10,Shipped,2259,34252.00,North
2024-10-05,Shipped,2247,48153.00,Central
2026-01-18,Shipped,395,82770.00,North
2024-08-23,Shipped,1913,86447.00,Central
2025-03-18,Shipped,3060,18350.00,Central
2025-02-22,Shipped,1709,54861.00,South
2026-03-31,Shipped,628,40281.00,East
2026-01-12,Shipped,2368,36611.00,South
2024-11-01,Shipped,3696,58337.00,West
2024-02-04,Shipped,4118,45788.00,North
2025-09-24,Shipped,2976,94526.00,North
2024-01-10,Shipped,509,44016.00,East
2025-01-13,Shipped,1843,62983.00,Central
2024-11-30,Shipped,2792,31356.00,North
2024-05-28,Shipped,4262,64717.00,Central
2024-06-08,Shipped,4303,43255.00,Central
2025-03-19,Shipped,2971,72668.00,Central
2026-04-03,Shipped,4498,1106.00,Central
2024-01-05,Shipped,2805,52512.00,Central
2024-08-10,Shipped,6,57472.00,Central
2024-03-24,Shipped,331,27631.00,North
2025-05-19,Shipped,4815,31944.00,West
2024-12-14,Shipped,941,91393.00,North
2024-04-28,Shipped,2113,25889.00,East
2024-01-24,Shipped,3095,25450.00,Central
2026-04-12,Shipped,487,12442.00,North
2025-01-27,Shipped,123,27877.00,South
2025-11-11,Shipped,103,21796.00,Central
2025-04-15,Shipped,3984,36080.00,East
2024-08-14,Shipped,2459,66546.00,West
2025-11-23,Shipped,2168,44450.00,East
2024-11-23,Shipped,2358,62516.00,North
2024-05-03,Shipped,2838,71966.00,Central
2025-07-28,Shipped,4006,16454.00,East
2024-05-24,Shipped,638,13267.00,Central
2025-02-16,Shipped,779,88907.00,North
2026-02-20,Shipped,1140,60152.00,South
2024-03-11,Shipped,2193,45304.00,South
2026-04-29,Shipped,271,29777.00,East
2026-03-20,Shipped,4628,42835.00,Central
2026-05-09,Shipped,103,20066.00,North
2026-04-13,Shipped,978,18056.00,North
2024-10-28,Shipped,1223,89331.00,Central
2025-10-07,Shipped,1466,90533.00,Central
2025-11-09,Shipped,4283,47018.00,West
2025-10-03,Shipped,492,16250.00,North
2025-04-17,Shipped,3164,26591.00,West
2024-06-23,Shipped,795,2299.00,Central
2026-02-11,Shipped,3334,55453.00,Central
2024-03-30,Shipped,4679,82712.00,South
2024-06-16,Shipped,4663,71738.00,North
2025-10-25,Shipped,2905,91234.00,Central
2024-04-07,Shipped,1432,53959.00,Central
2025-01-10,Shipped,3636,98289.00,North
2025-07-14,Shipped,4331,72014.00,Central
2026-03-13,Shipped,820,97079.00,East
2025-09-16,Shipped,2169,46497.00,West
2026-01-30,Shipped,1494,4785.00,Central
2024-12-25,Shipped,4683,65920.00,North
2024-07-02,Shipped,875,34586.00,Central
2025-04-27,Shipped,4753,64673.00,Central
2024-03-28,Shipped,1055,72234.00,East
2024-08-23,Shipped,4177,39482.00,North
2024-12-07,Shipped,388,9602.00,North
2025-03-25,Shipped,2921,98651.00,Central
2024-03-31,Shipped,4848,50038.00,South
2024-01-13,Shipped,414,47067.00,West
2026-05-19,Shipped,1649,83466.00,South
2024-06-14,Shipped,320,48222.00,East
2024-05-29,Shipped,2274,34554.00,West
2024-06-12,Shipped,2131,58490.00,West
2024-03-08,Shipped,3233,27101.00,Central
2025-01-31,Shipped,4339,24055.00,South
2025-07-25,Shipped,1255,76880.00,South
2025-09-14,Shipped,3409,88860.00,Central
2025-12-24,Shipped,1831,810.00,North
2026-04-10,Shipped,3828,84334.00,Central
2025-09-13,Shipped,105,70766.00,Central
2025-07-20,Shipped,1102,36558.00,South
2026-01-08,Shipped,1203,17968.00,East
2024-01-31,Shipped,455,74146.00,North
2024-09-26,Shipped,4073,82374.00,East
2024-02-13,Shipped,888,3513.00,Central
2026-05-13,Shipped,4989,985.00,North
2024-03-10,Shipped,1035,41534.00,North
2024-06-03,Shipped,1386,98338.00,North
2026-04-05,Shipped,3874,4693.00,Central
2024-01-21,Shipped,828,17563.00,South
2024-03-14,Shipped,2793,41936.00,East
2024-05-03,Shipped,3236,97204.00,South
2024-08-24,Shipped,2800,70861.00,Central
2026-04-12,Shipped,152,32132.00,East
2025-08-10,Shipped,3119,25710.00,Central
2026-02-13,Shipped,1751,33273.00,Central
2025-10-04,Shipped,2101,39012.00,Central
2024-02-28,Shipped,2467,89784.00,Central
2024-06-27,Shipped,1234,33252.00,North
2025-09-17,Shipped,480,14970.00,Central
2026-05-17,Shipped,4426,5187.00,North
2024-03-05,Shipped,3032,56252.00,North
2026-05-01,Shipped,1003,84242.00,East
2026-03-09,Shipped,4010,71118.00,Central
2026-05-20,Shipped,4576,84445.00,West
2025-01-12,Shipped,628,6152.00,South
2024-08-18,Shipped,758,30024.00,Central
2024-12-23,Shipped,1958,52682.00,Central
2024-02-18,Shipped,2300,38510.00,South
2025-08-06,Shipped,3009,30801.00,South
2026-03-24,Shipped,3098,22159.00,South
2025-11-23,Shipped,2347,62323.00,Central
2024-11-14,Shipped,3654,56105.00,Central
2024-01-02,Shipped,1779,50558.00,West
2026-05-24,Shipped,875,62651.00,East
2024-03-11,Shipped,1663,21197.00,South
2025-12-26,Shipped,643,54270.00,North
2025-12-27,Shipped,498,97289.00,East
2024-03-28,Shipped,4906,39788.00,South
2024-08-18,Shipped,3894,88867.00,North
2025-05-13,Shipped,2894,48562.00,South
2024-08-02,Shipped,24,63618.00,East
2025-06-14,Shipped,3667,57096.00,East
2024-06-06,Shipped,3169,23225.00,South
2025-11-09,Shipped,2191,51743.00,Central
2025-05-04,Shipped,2946,93637.00,West
2026-02-02,Shipped,932,28375.00,Central
2025-06-02,Shipped,4250,95988.00,Central
2025-01-02,Shipped,563,40852.00,Central
2025-08-22,Shipped,2751,69355.00,West
2024-10-16,Shipped,4340,46912.00,Central
2025-09-07,Shipped,147,65639.00,Central
2025-08-08,Shipped,4277,80946.00,North
2024-03-17,Shipped,130,52021.00,Central
2025-08-16,Shipped,2602,47708.00,East
2025-08-15,Shipped,4060,79731.00,Central
2024-11-22,Shipped,1230,83326.00,North
2024-05-12,Shipped,3410,70627.00,East
2026-03-07,Shipped,3599,81354.00,South
2025-03-20,Shipped,335,45741.00,East
2024-04-30,Shipped,763,81050.00,West
2025-05-17,Shipped,847,30441.00,Central
2026-01-17,Shipped,3254,31557.00,South
2025-03-17,Shipped,2223,45477.00,Central
2024-11-07,Shipped,2276,56951.00,Central
2024-06-09,Shipped,5000,61038.00,Central
2024-11-18,Shipped,3411,36120.00,Central
2024-04-27,Shipped,229,96241.00,East
2026-03-13,Shipped,2131,35152.00,Central
2026-04-01,Shipped,33,51313.00,Central
2024-05-29,Shipped,2288,18470.00,Central
2024-03-30,Shipped,1507,4355.00,West
2026-03-11,Shipped,2559,5477.00,South
2024-11-24,Shipped,410,96046.00,South
2024-01-03,Shipped,743,22266.00,East
2025-11-04,Shipped,3863,283.00,Central
2025-05-16,Shipped,176,14064.00,North
2024-07-27,Shipped,2160,5305.00,South
2025-06-06,Shipped,3221,5989.00,Central
2025-10-06,Shipped,141,49227.00,West
2024-07-02,Shipped,4379,40748.00,North
2025-08-31,Shipped,2647,21649.00,West
2025-02-17,Shipped,3489,8729.00,East
2024-08-28,Shipped,4079,53558.00,Central
2024-10-17,Shipped,3591,20485.00,North
2024-02-28,Shipped,1263,9398.00,Central
2024-08-09,Shipped,3858,36240.00,South
2025-11-16,Shipped,1021,57206.00,Central
2026-01-26,Shipped,2760,62261.00,West
2026-05-03,Shipped,2341,21551.00,East
2025-04-28,Shipped,4846,26937.00,Central
2025-05-24,Shipped,3787,83509.00,Central
2026-02-02,Shipped,2891,19513.00,South
2024-01-22,Shipped,3650,80857.00,West
2024-02-04,Shipped,4982,90102.00,North
2024-08-29,Shipped,756,47059.00,Central
2026-04-26,Shipped,1687,98417.00,Central
2025-04-22,Shipped,438,94869.00,East
2025-11-08,Shipped,2341,29452.00,South
2024-01-30,Shipped,3436,85759.00,East
2024-08-03,Shipped,3231,43327.00,West
2026-03-03,Shipped,3234,81687.00,Central
2024-07-21,Shipped,1888,58426.00,Central
2026-01-01,Shipped,2539,32303.00,Central
2024-02-20,Shipped,1026,97046.00,Central
2024-09-20,Shipped,4330,9645.00,North
2024-10-06,Shipped,529,9059.00,East
2025-06-21,Shipped,659,74980.00,Central
2024-04-11,Shipped,152,94937.00,North
2024-01-06,Shipped,4467,77324.00,South
2025-03-30,Shipped,1030,30244.00,Central
2024-03-25,Shipped,4679,28000.00,North
2025-03-31,Shipped,2908,24750.00,South
2025-07-05,Shipped,1494,97656.00,North
2026-05-10,Shipped,1527,40465.00,Central
2025-02-24,Shipped,539,91358.00,Central
2025-08-15,Shipped,3779,87962.00,East
2024-10-22,Shipped,1414,44365.00,North
2025-12-01,Shipped,2616,91018.00,Central
2024-11-22,Shipped,4691,75683.00,North
2025-07-23,Shipped,4989,61333.00,Central
2026-04-16,Shipped,2579,17921.00,East
2025-02-04,Shipped,929,10101.00,West
2024-12-05,Shipped,4496,13929.00,Central
2024-06-16,Shipped,4071,69141.00,Central
2025-10-24,Shipped,73,29408.00,North
2026-05-03,Shipped,4614,78510.00,Central
2025-09-26,Shipped,201,686.00,Central
2024-10-12,Shipped,2781,27970.00,West
2024-01-09,Shipped,4023,83228.00,West
2024-08-24,Shipped,3929,61332.00,North
2025-09-14,Shipped,1845,26301.00,West
2025-02-22,Shipped,3038,76853.00,Central
2025-03-13,Shipped,119,72888.00,North
2025-03-11,Shipped,4156,15541.00,Central
2026-03-15,Shipped,916,3348.00,North
2024-11-18,Shipped,2498,92804.00,West
2025-08-19,Shipped,2725,50398.00,North
2025-02-08,Shipped,2660,90659.00,Central
2024-05-23,Shipped,3358,68916.00,North
2024-01-29,Shipped,4564,85767.00,Central
2025-02-28,Shipped,2500,4931.00,South
2026-03-05,Shipped,3375,32160.00,South
2024-05-09,Shipped,1287,55170.00,North
2024-07-05,Shipped,3935,43509.00,North
2024-06-14,Shipped,2722,72889.00,North
2026-05-22,Shipped,4163,76731.00,North
2025-01-21,Shipped,302,87690.00,North
2025-11-28,Shipped,4728,38892.00,Central
2025-05-13,Shipped,995,63738.00,East
2024-07-08,Shipped,962,31564.00,Central
2025-05-11,Shipped,2520,92773.00,Central
2024-06-11,Shipped,3916,88245.00,East
2026-03-16,Shipped,2740,33605.00,West
2024-03-27,Shipped,1268,51680.00,North
2025-06-17,Shipped,4497,48145.00,Central
2024-04-26,Shipped,1761,90295.00,Central
2025-11-03,Shipped,4014,47543.00,Central
2025-09-29,Shipped,532,40161.00,Central
2024-11-01,Shipped,2424,83215.00,North
2025-08-30,Shipped,338,18409.00,Central
2024-01-18,Shipped,4576,16132.00,Central
2025-12-29,Shipped,42,88165.00,Central
2025-12-26,Shipped,4594,67206.00,East
2025-03-07,Shipped,1766,45828.00,South
2025-09-01,Shipped,959,4588.00,South
2025-08-15,Shipped,4477,23225.00,South
2026-01-02,Shipped,2237,58616.00,Central
2024-05-19,Shipped,4483,1962.00,West
2024-06-29,Shipped,2202,56687.00,Central
2025-02-10,Shipped,1680,89046.00,East
2024-06-23,Shipped,3215,39145.00,West
2024-11-13,Shipped,1116,4381.00,North
2025-12-14,Shipped,4598,83416.00,North
2026-01-03,Shipped,3453,89768.00,Central
2024-03-26,Shipped,4825,65092.00,Central
2024-12-26,Shipped,2550,45905.00,North
2025-07-21,Shipped,2462,79062.00,Central
2026-03-18,Shipped,2542,95168.00,West
2024-09-12,Shipped,3217,86502.00,Central
2024-09-04,Shipped,2081,45314.00,South
2025-10-21,Shipped,1069,96976.00,South
2024-12-28,Shipped,2975,30114.00,East
2025-03-15,Shipped,1920,67970.00,East
2025-07-25,Shipped,3370,4917.00,North
2024-03-04,Shipped,145,67654.00,Central
2024-04-26,Shipped,1240,84752.00,Central
2025-07-23,Shipped,1916,90957.00,Central
2024-06-20,Shipped,4468,74166.00,Central
2025-05-08,Shipped,654,59034.00,Central
2025-06-20,Shipped,4321,29521.00,Central
2024-09-04,Shipped,759,55318.00,East
2025-10-19,Shipped,4083,45637.00,South
2025-05-21,Shipped,2121,5379.00,Central
2025-07-14,Shipped,2043,47292.00,Central
2024-04-18,Shipped,4149,78420.00,Central
2024-08-25,Shipped,4675,66059.00,Central
2024-09-03,Shipped,2954,76835.00,Central
2024-03-08,Shipped,4723,40886.00,West
2026-04-29,Shipped,1187,4776.00,Central
2025-09-17,Shipped,4007,332.00,Central
2025-12-29,Shipped,3206,2202.00,Central
2024-12-21,Shipped,4688,94653.00,South
2024-05-13,Shipped,1323,3814.00,Central
2026-03-14,Shipped,1046,39764.00,Central
2024-04-15,Shipped,382,95100.00,North
2024-09-08,Shipped,4559,72666.00,North
2025-01-08,Shipped,552,70391.00,Central
2024-04-15,Shipped,2090,23394.00,Central
2024-10-14,Shipped,907,7571.00,South
2026-01-20,Shipped,2645,77924.00,Central
2024-08-19,Shipped,1001,74922.00,East
2025-05-04,Shipped,172,47024.00,Central
2025-11-08,Shipped,2692,15846.00,Central
2024-03-13,Shipped,86,73618.00,West
2024-03-12,Shipped,4917,25395.00,East
2024-01-24,Shipped,4455,44859.00,West
2024-06-06,Shipped,1053,6570.00,Central
2024-08-20,Shipped,3347,5720.00,East
2026-05-16,Shipped,2733,66266.00,Central
2026-01-03,Shipped,2932,50324.00,Central
2024-11-15,Shipped,1338,16395.00,East
2024-03-16,Shipped,3120,37161.00,North
2025-10-15,Shipped,4828,59971.00,North
2025-05-26,Shipped,4878,68531.00,South
2025-03-14,Shipped,113,12668.00,South
2024-11-04,Shipped,3542,33514.00,South
2026-03-02,Shipped,2661,9604.00,North
2025-03-29,Shipped,1234,45224.00,East
2025-11-03,Shipped,3029,92766.00,North
2026-01-25,Shipped,1393,73922.00,Central
2026-01-03,Shipped,2656,7450.00,Central
2025-04-03,Shipped,533,88584.00,East
2024-12-07,Shipped,168,11329.00,Central
2025-04-17,Shipped,4694,54822.00,Central
2024-09-12,Shipped,1297,39413.00,Central
2025-03-12,Shipped,920,85756.00,East
2025-04-13,Shipped,3576,8678.00,Central
2025-11-18,Shipped,2195,93656.00,North
2024-04-07,Shipped,2006,6627.00,Central
2025-10-24,Shipped,1527,67824.00,Central
2025-04-28,Shipped,4422,1123.00,Central
2025-05-28,Shipped,3299,87760.00,North
2026-05-21,Shipped,1870,42796.00,Central
2024-08-19,Shipped,480,50973.00,West
2025-02-16,Shipped,4989,46909.00,Central
2025-04-30,Shipped,2675,52307.00,Central
2025-08-17,Shipped,1505,70615.00,Central
2024-09-11,Shipped,2121,58910.00,Central
2025-07-16,Shipped,2862,73957.00,East
2024-02-21,Shipped,4427,80359.00,North
2024-03-02,Shipped,2882,15177.00,Central
2025-01-24,Shipped,1248,134.00,North
2025-02-05,Shipped,3482,81214.00,Central
2024-01-30,Shipped,2112,13859.00,South
2024-10-26,Shipped,4851,40382.00,Central
2025-11-21,Shipped,1698,87573.00,South
2025-08-22,Shipped,3031,98231.00,Central
2026-01-22,Shipped,2235,20171.00,South
2026-04-23,Shipped,2053,80621.00,North
2024-04-11,Shipped,332,34636.00,South
2026-04-19,Shipped,4208,97696.00,Central
2025-08-08,Shipped,2232,15267.00,South
2024-08-16,Shipped,3713,4794.00,Central
2024-02-21,Shipped,1819,54257.00,South
2024-03-28,Shipped,3088,27763.00,North
2026-03-23,Shipped,1856,91713.00,Central
2025-01-10,Shipped,3549,53473.00,North
2024-03-05,Shipped,3474,24129.00,Central
2024-07-29,Shipped,2518,55180.00,North
2025-09-10,Shipped,1476,18215.00,North
2024-04-25,Shipped,3739,37967.00,Central
2024-03-08,Shipped,2072,69232.00,North
2026-04-24,Shipped,2149,83452.00,East
2025-09-23,Shipped,3338,28476.00,Central
2026-03-23,Shipped,690,25857.00,West
2026-02-16,Shipped,1335,71400.00,North
2024-05-15,Shipped,3727,16067.00,Central
2026-04-16,Shipped,2224,55541.00,Central
2025-03-08,Shipped,2328,84539.00,Central
2025-05-22,Shipped,1578,61996.00,Central
2025-07-12,Shipped,4050,41380.00,North
2025-08-11,Shipped,2284,6246.00,South
2024-06-09,Shipped,3300,24072.00,Central
2024-08-13,Shipped,3541,54592.00,Central
2026-04-08,Shipped,3083,14652.00,Central
2024-03-02,Shipped,4977,25676.00,North
2024-11-24,Shipped,3980,64848.00,East
2025-11-04,Shipped,2534,81779.00,Central
2024-11-26,Shipped,297,7950.00,Central
2025-08-01,Shipped,1147,76557.00,East
2024-06-16,Shipped,3031,34575.00,West
2025-10-27,Shipped,2822,65421.00,West
2026-01-18,Shipped,4745,64379.00,South
2026-02-23,Shipped,3982,59493.00,Central
2024-01-19,Shipped,805,82892.00,West
2025-07-31,Shipped,3581,11974.00,South
2025-11-21,Shipped,1891,4218.00,West
2025-10-12,Shipped,2196,33497.00,Central
2024-07-18,Shipped,401,30356.00,South
2025-04-25,Shipped,879,64501.00,Central
2025-05-05,Shipped,682,79945.00,East
2024-07-02,Shipped,4340,85450.00,West
2024-03-11,Shipped,3359,41544.00,East
2024-07-03,Shipped,245,6185.00,Central
2024-11-17,Shipped,1806,50098.00,Central
2025-11-12,Shipped,1084,47642.00,Central
2026-03-30,Shipped,4866,37900.00,North
2025-01-05,Shipped,3738,88591.00,South
2025-12-28,Shipped,748,11878.00,North
2026-05-08,Shipped,3138,81786.00,South
2025-05-14,Shipped,3472,97237.00,East
2026-03-06,Shipped,4398,42709.00,West
2025-12-10,Shipped,502,77250.00,Central
2024-02-24,Shipped,806,27102.00,Central
2024-05-04,Shipped,3729,49788.00,West
2026-04-05,Shipped,2081,85933.00,Central
2025-08-12,Shipped,897,19132.00,North
2024-05-18,Shipped,1430,8602.00,East
2025-03-05,Shipped,781,66692.00,East
2024-11-12,Shipped,1794,9958.00,North
2025-07-15,Shipped,4192,72019.00,North
2025-11-04,Shipped,3712,67863.00,Central
2025-04-14,Shipped,4484,38259.00,North
2026-05-18,Shipped,1851,33521.00,West
2025-05-02,Shipped,1074,5145.00,Central
2024-10-30,Shipped,897,22921.00,Central
2024-01-13,Shipped,3193,81344.00,West
2024-02-23,Shipped,495,44425.00,Central
2024-07-20,Shipped,1855,45000.00,West
2026-04-07,Shipped,3355,92239.00,South
2024-08-02,Shipped,1860,79733.00,North
2025-06-04,Shipped,2429,10867.00,North
2024-07-23,Shipped,1489,14266.00,Central
2025-05-08,Shipped,3830,61426.00,East
2025-02-02,Shipped,2040,24562.00,North
2024-12-21,Shipped,1992,92509.00,North
2024-06-10,Shipped,3814,82885.00,Central
2026-01-18,Shipped,1555,85722.00,Central
2025-03-28,Shipped,957,10919.00,Central
2026-04-28,Shipped,2685,63355.00,North
2024-06-23,Shipped,572,53575.00,South
2024-11-07,Shipped,4683,77000.00,South
2025-08-07,Shipped,3071,57001.00,North
2024-02-14,Shipped,3058,93683.00,East
2024-08-13,Shipped,2064,15883.00,South
2026-03-26,Shipped,3432,50988.00,East
2024-11-23,Shipped,3744,27307.00,South
2025-06-19,Shipped,3186,52865.00,Central
2025-01-05,Shipped,318,44484.00,Central
2026-04-21,Shipped,3929,5102.00,Central
2025-01-31,Shipped,4180,43615.00,West
2025-03-05,Shipped,1580,95848.00,South
2025-11-13,Shipped,99,65574.00,North
2025-03-05,Shipped,3909,58917.00,South
2024-01-01,Shipped,4138,39579.00,Central
2024-06-25,Shipped,229,95752.00,North
2024-10-08,Shipped,2264,89192.00,Central
2024-01-14,Shipped,2296,4624.00,Central
2024-02-03,Shipped,429,60647.00,South
2024-05-20,Shipped,2288,29876.00,Central
2025-01-04,Shipped,244,61510.00,Central
2024-03-19,Shipped,2932,21096.00,South
2025-09-14,Shipped,4668,95280.00,Central
2025-10-16,Shipped,824,78349.00,South
2026-01-09,Shipped,1571,81409.00,Central
2025-06-02,Shipped,1388,47914.00,Central
2025-05-29,Shipped,236,23761.00,East
2024-09-20,Shipped,328,91741.00,East
2025-05-16,Shipped,845,56152.00,East
2024-09-28,Shipped,4713,95516.00,North
2025-10-06,Shipped,4453,85056.00,East
2025-06-08,Shipped,2197,88775.00,East
2025-09-18,Shipped,328,63800.00,South
2025-12-02,Shipped,2116,25981.00,Central
2024-08-22,Shipped,4598,29360.00,Central
2026-04-28,Shipped,991,6426.00,South
2024-02-15,Shipped,3724,1413.00,West
2026-03-01,Shipped,3826,42497.00,East
2025-03-05,Shipped,2639,98756.00,Central
2024-11-24,Shipped,397,25686.00,Central
2025-12-13,Shipped,884,8613.00,Central
2026-01-09,Shipped,2444,79911.00,North
2025-03-29,Shipped,3645,46432.00,West
2025-06-15,Shipped,2943,58125.00,East
2025-01-20,Shipped,2143,64200.00,North
2026-05-16,Shipped,3405,88479.00,East
2025-03-27,Shipped,1404,30519.00,Central
2024-12-05,Shipped,2525,60665.00,West
2025-06-18,Shipped,2237,90691.00,West
2024-08-11,Shipped,468,51562.00,Central
2024-01-17,Shipped,4352,69228.00,South
2026-05-21,Shipped,3694,95385.00,East
2025-02-17,Shipped,4075,52797.00,Central
2025-10-09,Shipped,808,90476.00,North
2025-12-21,Shipped,3185,6012.00,Central
2025-04-25,Shipped,1699,1859.00,North
2024-02-01,Shipped,404,59525.00,West
2025-03-21,Shipped,3730,72508.00,North
2025-02-07,Shipped,3029,50095.00,Central
2025-02-22,Shipped,3263,43250.00,Central
2026-04-01,Shipped,580,31318.00,Central
2024-12-02,Shipped,1052,3204.00,North
2024-10-03,Shipped,4174,67794.00,North
2026-02-20,Shipped,1399,60877.00,North
2025-01-06,Shipped,1699,70113.00,South
2025-10-15,Shipped,4018,13855.00,East
2025-07-21,Shipped,2900,97854.00,Central
2026-02-26,Shipped,4617,1792.00,Central
2024-08-31,Shipped,100,87129.00,South
2025-01-19,Shipped,426,21432.00,West
2024-11-08,Shipped,2030,73736.00,Central
2025-12-31,Shipped,1324,50971.00,Central
2025-03-14,Shipped,4130,66336.00,South
2025-08-02,Shipped,2649,72417.00,North
2024-05-19,Shipped,2301,27315.00,South
2026-03-04,Shipped,7,77790.00,East
2025-10-12,Shipped,11,40303.00,North
2024-09-18,Shipped,4334,86260.00,Central
2025-04-27,Shipped,4834,5342.00,Central
2024-01-21,Shipped,2569,34566.00,Central
2026-01-13,Shipped,3423,49617.00,Central
2024-01-15,Shipped,4735,63252.00,West
2025-03-25,Shipped,1460,42237.00,Central
2024-07-17,Shipped,800,39321.00,East
2025-10-19,Shipped,4561,68735.00,North
2025-04-09,Shipped,3109,1120.00,Central
2025-06-21,Shipped,2041,83735.00,Central
2024-01-07,Shipped,1594,20527.00,Central
2024-02-03,Shipped,3003,37296.00,Central
2025-10-18,Shipped,3785,92042.00,North
2025-02-11,Shipped,1489,64821.00,East
2024-07-31,Shipped,4963,48894.00,North
2025-12-28,Shipped,484,26846.00,Central
2025-04-21,Shipped,3793,27990.00,South
2024-06-06,Shipped,1118,60672.00,Central
2024-10-24,Shipped,2026,49131.00,North
2025-05-20,Shipped,2662,8571.00,Central
2025-04-27,Shipped,3809,63451.00,North
2025-06-01,Shipped,134,62003.00,Central
2024-09-30,Shipped,3126,1944.00,West
2025-06-12,Shipped,698,30642.00,Central
2025-07-31,Shipped,4923,63455.00,North
2024-08-29,Shipped,4296,12015.00,North
2025-03-01,Shipped,1650,74880.00,West
2025-05-19,Shipped,2875,23785.00,Central
2024-01-30,Shipped,1140,2759.00,Central
2024-01-22,Shipped,1989,58221.00,North
2024-10-06,Shipped,1229,31753.00,South
2025-02-15,Shipped,950,53552.00,South
2025-06-09,Shipped,4698,83063.00,West
2024-11-24,Shipped,2810,65159.00,North
2024-01-09,Shipped,292,9613.00,Central
2026-02-05,Shipped,3794,91128.00,Central
2024-10-28,Shipped,2048,6178.00,South
2024-06-15,Shipped,4390,86403.00,Central
2025-12-03,Shipped,2803,30647.00,North
2025-12-02,Shipped,4600,70696.00,Central
2024-02-21,Shipped,2747,28247.00,Central
2024-03-09,Shipped,3438,80284.00,East
2025-07-04,Shipped,1408,6699.00,West
2026-03-17,Shipped,3419,70461.00,North
2024-05-30,Shipped,786,36809.00,Central
2024-08-23,Shipped,438,44686.00,West
2025-04-15,Shipped,4041,24561.00,North
2024-07-25,Shipped,4746,53365.00,South
2025-02-15,Shipped,914,8823.00,Central
2025-07-16,Shipped,1993,59897.00,Central
2025-11-06,Shipped,597,86755.00,South
2024-01-13,Shipped,2685,5438.00,Central
2025-11-18,Shipped,870,80189.00,North
2025-05-08,Shipped,284,36459.00,North
2025-04-24,Shipped,1369,69069.00,Central
2024-02-17,Shipped,1030,78343.00,West
2025-09-07,Shipped,1470,39674.00,Central
2024-12-04,Shipped,3150,27963.00,West
2024-02-20,Shipped,2385,69822.00,Central
2026-05-20,Shipped,1672,25927.00,East
2025-05-19,Shipped,1691,36048.00,South
2025-02-19,Shipped,650,18732.00,Central
2025-09-03,Shipped,2727,13747.00,South
2025-02-08,Shipped,2136,7894.00,Central
2026-03-11,Shipped,819,5698.00,Central
2026-03-23,Shipped,3992,14365.00,North
2025-12-29,Shipped,398,10961.00,West
2025-12-03,Shipped,353,17026.00,South
2026-04-14,Shipped,1837,12480.00,East
2025-07-13,Shipped,3966,88642.00,Central
2024-12-13,Shipped,2463,42304.00,South
2024-12-30,Shipped,2565,4469.00,Central
2026-03-12,Shipped,1394,20370.00,South
2024-04-04,Shipped,1996,73399.00,South
2025-06-11,Shipped,225,13166.00,West
2025-03-14,Shipped,3501,41119.00,North
2026-02-27,Shipped,4159,328.00,North
2024-09-18,Shipped,2345,35871.00,East
2024-07-22,Shipped,2607,89537.00,Central
2025-03-20,Shipped,351,23974.00,North
2024-11-06,Shipped,3483,97081.00,South
2025-12-06,Shipped,678,41377.00,South
2025-02-03,Shipped,2650,44056.00,Central
2025-05-17,Shipped,3359,78467.00,East
2026-04-19,Shipped,1020,60975.00,Central
2025-01-03,Shipped,3390,85406.00,East
2025-10-31,Shipped,2796,55365.00,North
2024-10-31,Shipped,2978,32433.00,North
2026-04-14,Shipped,1608,95003.00,Central
2025-11-20,Shipped,556,79906.00,West
2025-03-08,Shipped,2511,63531.00,Central
2024-06-01,Shipped,34,29287.00,Central
2025-06-30,Shipped,4239,1630.00,North
2025-11-01,Shipped,4427,4912.00,South
2024-11-10,Shipped,2154,54624.00,South
2026-03-16,Shipped,1598,73075.00,East
2024-02-23,Shipped,3895,26089.00,East
2024-11-20,Shipped,4523,88218.00,East
2025-12-17,Shipped,57,38950.00,Central
2024-08-30,Shipped,1914,7496.00,Central
2024-04-19,Shipped,1358,41819.00,South
2024-11-14,Shipped,2251,44959.00,West
2024-12-18,Shipped,146,72009.00,North
2026-02-19,Shipped,2731,64541.00,South
2025-02-21,Shipped,3845,4746.00,West
2025-10-11,Shipped,153,86323.00,East
2025-05-04,Shipped,4880,60218.00,Central
2025-06-27,Shipped,2299,78690.00,East
2025-09-06,Shipped,660,98008.00,North
2025-02-18,Shipped,4645,88056.00,North
2025-09-17,Shipped,4817,45626.00,North
2024-12-07,Shipped,1186,25783.00,North
2025-01-08,Shipped,3562,38178.00,North
2024-05-27,Shipped,1019,33775.00,North
2025-12-31,Shipped,3745,30488.00,North
2026-05-26,Shipped,3440,47544.00,South
2024-01-07,Shipped,2674,68010.00,Central
2024-04-01,Shipped,2032,77649.00,North
2025-07-24,Shipped,3178,8800.00,South
2026-04-14,Shipped,400,82881.00,Central
2024-09-30,Shipped,332,97591.00,Central
2026-03-04,Shipped,2246,89005.00,East
2025-05-02,Shipped,3906,69351.00,North
2025-03-23,Shipped,1240,16497.00,Central
2025-11-05,Shipped,2288,47548.00,Central
2024-08-18,Shipped,591,24748.00,West
2026-03-12,Shipped,2055,88217.00,North
2026-02-12,Shipped,784,25101.00,South
2025-10-28,Shipped,285,34101.00,Central
2024-07-07,Shipped,1196,66048.00,South
2024-06-22,Shipped,737,74315.00,Central
2025-12-28,Shipped,213,89012.00,Central
2024-12-13,Shipped,1861,41771.00,Central
2024-08-05,Shipped,4728,38520.00,South
2024-04-08,Shipped,3586,97720.00,Central
2024-02-19,Shipped,1457,2571.00,North
2026-03-17,Shipped,3244,18365.00,South
2024-03-18,Shipped,4153,87474.00,Central
2026-01-12,Shipped,1419,38329.00,West
2024-06-01,Shipped,717,50722.00,South
2024-08-07,Shipped,3144,92776.00,Central
2025-07-27,Shipped,1108,14050.00,South
2026-02-17,Shipped,4624,53527.00,West
2025-07-15,Shipped,2399,63969.00,Central
2024-12-26,Shipped,1052,96594.00,North
2026-04-15,Shipped,3744,47508.00,North
2024-06-24,Shipped,1819,49775.00,East
2025-08-30,Shipped,2298,74751.00,Central
2025-12-27,Shipped,3750,85095.00,Central
2024-06-05,Shipped,2992,33025.00,South
2026-02-06,Shipped,4963,74562.00,Central
2025-01-15,Shipped,4756,65845.00,Central
2026-04-25,Shipped,2581,45678.00,North
2024-01-03,Shipped,2162,63401.00,Central
2024-07-24,Shipped,1362,75885.00,North
2024-05-06,Shipped,2674,79154.00,Central
2025-05-28,Shipped,1046,26287.00,North
2025-03-28,Shipped,2682,93863.00,West
2024-08-05,Shipped,409,42443.00,Central
2024-11-09,Shipped,91,33368.00,North
2024-02-25,Shipped,3826,32959.00,South
2024-03-12,Shipped,4325,67688.00,West
2024-05-19,Shipped,958,32129.00,Central
2025-05-02,Shipped,4265,43693.00,South
2025-05-18,Shipped,3831,27915.00,West
2025-10-27,Shipped,3500,2288.00,South
2025-05-04,Shipped,4235,27216.00,Central
2024-07-04,Shipped,2142,27036.00,East
2025-06-09,Shipped,3956,81702.00,North
2024-10-13,Shipped,2442,893.00,South
2025-05-27,Shipped,3471,14059.00,North
2026-04-13,Shipped,3874,37600.00,East
2024-11-28,Shipped,3922,8409.00,East
2024-06-20,Shipped,1902,26873.00,Central
2025-02-13,Shipped,492,32993.00,Central
2024-10-03,Shipped,697,88100.00,Central
2025-09-02,Shipped,3586,96822.00,North
2024-12-03,Shipped,210,17577.00,West
2024-03-11,Shipped,4985,28789.00,West
2024-01-16,Shipped,4266,63922.00,North
2025-04-05,Shipped,4605,8717.00,North
2026-05-12,Shipped,3267,2560.00,South
2025-02-24,Shipped,2383,6364.00,South
2026-01-21,Shipped,3626,26969.00,South
2025-11-08,Shipped,4333,34898.00,North
2025-11-09,Shipped,4509,30686.00,East
2025-06-28,Shipped,3978,56370.00,Central
2024-10-05,Shipped,3850,75143.00,North
2024-07-20,Shipped,1519,28297.00,North
2024-12-08,Shipped,3322,7151.00,South
2025-01-26,Shipped,4371,47846.00,Central
2025-12-26,Shipped,2903,53325.00,Central
2024-04-26,Shipped,1550,38736.00,Central
2025-04-29,Shipped,1012,97447.00,South
2025-12-07,Shipped,2382,84621.00,East
2024-12-25,Shipped,392,62458.00,North
2024-04-03,Shipped,1226,48728.00,West
2024-04-07,Shipped,3687,97655.00,North
2025-10-12,Shipped,912,66763.00,Central
2024-08-01,Shipped,2560,81659.00,South
2024-08-29,Shipped,813,48472.00,East
2025-08-07,Shipped,1381,42245.00,South
2026-03-21,Shipped,2916,12283.00,West
2025-03-11,Shipped,391,97483.00,North
2025-12-02,Shipped,3216,51580.00,North
2025-11-28,Shipped,278,25198.00,South
2026-01-19,Shipped,788,71294.00,South
2024-06-27,Shipped,3125,39017.00,Central
2025-12-10,Shipped,2537,96933.00,Central
2024-08-25,Shipped,4961,69455.00,Central
2024-01-07,Shipped,2151,70965.00,East
2024-06-05,Shipped,4276,41686.00,Central
2026-05-08,Shipped,1736,26010.00,North
2024-08-01,Shipped,1805,80744.00,Central
2025-10-09,Shipped,2501,71500.00,North
2026-05-10,Shipped,3699,52637.00,Central
2024-02-05,Shipped,4796,89308.00,Central
2024-02-22,Shipped,1751,96353.00,South
2024-04-01,Shipped,4907,33913.00,Central
2025-05-18,Shipped,3552,35966.00,South
2024-05-24,Shipped,1518,66625.00,East
2024-02-29,Shipped,909,53905.00,South
2024-07-10,Shipped,2992,64691.00,South
2024-12-16,Shipped,4757,96536.00,Central
2024-12-17,Shipped,3421,67173.00,Central
2024-11-16,Shipped,1991,71196.00,Central
2026-05-05,Shipped,3827,83990.00,West
2026-03-11,Shipped,4293,68660.00,North
2024-12-18,Shipped,872,97490.00,Central
2024-06-02,Shipped,3626,25915.00,North
2026-05-04,Shipped,2268,41977.00,West
2025-06-30,Shipped,1456,94259.00,Central
2025-12-05,Shipped,1772,34357.00,West
2026-04-05,Shipped,1303,17767.00,Central
2025-03-15,Shipped,4377,58902.00,South
2024-12-15,Shipped,3329,22858.00,Central
2025-10-22,Shipped,1579,76973.00,West
2024-09-13,Shipped,361,59186.00,North
2024-02-28,Shipped,416,2137.00,Central
2024-09-29,Shipped,3789,73504.00,Central
2025-08-24,Shipped,4655,11641.00,Central
2025-09-03,Shipped,306,60304.00,Central
2026-01-28,Shipped,4202,36461.00,West
2025-08-14,Shipped,665,58953.00,North
2025-04-02,Shipped,2208,64203.00,North
2025-04-22,Shipped,1229,68666.00,North
2025-06-06,Shipped,2436,42775.00,Central
2025-08-09,Shipped,4743,17568.00,Central
2024-04-16,Shipped,2368,54100.00,Central
2024-01-30,Shipped,3221,17978.00,West
2025-11-04,Shipped,3040,89980.00,North
2024-12-21,Shipped,430,27223.00,Central
2026-01-10,Shipped,1729,86770.00,North
2025-06-16,Shipped,3036,86452.00,Central
2026-01-05,Shipped,3897,592.00,Central
2025-07-17,Shipped,920,55793.00,Central
2025-03-30,Shipped,3106,85724.00,North
2025-05-21,Shipped,3366,50847.00,Central
2025-03-16,Shipped,4895,69984.00,Central
2025-05-26,Shipped,3234,87351.00,South
2025-10-17,Shipped,556,20503.00,East
2026-04-16,Shipped,4867,39399.00,Central
2025-06-30,Shipped,1246,80020.00,North
2025-06-13,Shipped,4273,93775.00,South
2025-08-07,Shipped,290,67737.00,West
2024-02-17,Shipped,371,18774.00,Central
2026-01-02,Shipped,936,47450.00,East
2026-02-05,Shipped,3659,82594.00,North
2025-08-27,Shipped,4299,95016.00,South
2024-12-26,Shipped,4431,16514.00,Central
2024-07-11,Shipped,4141,80795.00,Central
2024-07-13,Shipped,1229,40839.00,Central
2026-01-10,Shipped,1293,93733.00,North
2025-08-26,Shipped,3926,63058.00,Central
2024-05-04,Shipped,346,7744.00,South
2025-08-20,Shipped,4113,12642.00,Central
2024-01-25,Shipped,2902,98571.00,Central
2025-03-20,Shipped,243,95117.00,East
2025-01-05,Shipped,1883,98798.00,North
2024-09-29,Shipped,2331,38054.00,North
2025-12-31,Shipped,1347,3688.00,South
2025-05-19,Shipped,1991,2791.00,South
2024-09-22,Shipped,4594,96367.00,Central
2024-10-26,Shipped,1289,63046.00,East
2024-08-28,Shipped,4686,79719.00,Central
2024-10-31,Shipped,3044,19382.00,Central
2024-09-29,Shipped,4675,24043.00,Central
2025-11-15,Shipped,2801,36157.00,Central
2026-01-26,Shipped,1611,97703.00,North
2024-07-31,Shipped,187,83565.00,Central
2024-02-22,Shipped,900,83998.00,Central
2024-12-31,Shipped,4755,47309.00,North
2025-08-27,Shipped,907,87254.00,Central
2025-02-10,Shipped,3877,40453.00,West
2025-11-26,Shipped,4765,86703.00,West
2024-11-02,Shipped,1689,43190.00,Central
2026-03-22,Shipped,1101,22469.00,North
2025-11-03,Shipped,2569,84309.00,West
2024-08-08,Shipped,177,44448.00,West
2025-11-20,Shipped,2465,29204.00,North
2025-06-03,Shipped,1250,35648.00,South
2025-12-15,Shipped,2552,97568.00,South
2024-11-30,Shipped,3007,49294.00,Central
2025-01-13,Shipped,28,15495.00,North
2024-05-11,Shipped,1020,69194.00,Central
2025-08-11,Shipped,588,15110.00,Central
2026-03-29,Shipped,1992,41901.00,Central
2025-11-12,Shipped,2806,79786.00,East
2024-04-12,Shipped,1033,57328.00,South
2024-05-28,Shipped,2432,26849.00,East
2025-02-16,Shipped,4642,42086.00,Central
2025-02-09,Shipped,1068,77569.00,South
2024-07-17,Shipped,4339,42637.00,North
2026-01-31,Shipped,3641,53036.00,Central
2024-07-04,Shipped,1123,18395.00,West
2024-08-28,Shipped,2106,41879.00,North
2026-01-02,Shipped,2740,23949.00,South
2025-08-10,Shipped,3907,51622.00,Central
2024-11-19,Shipped,495,33204.00,East
2024-04-10,Shipped,4982,95644.00,North
2026-04-25,Shipped,4855,63203.00,South
2025-09-07,Shipped,987,79713.00,East
2025-01-09,Shipped,877,94167.00,Central
2025-09-18,Shipped,1536,63510.00,Central
2026-04-12,Shipped,1473,34534.00,Central
2025-02-01,Shipped,824,74946.00,Central
2025-08-24,Shipped,4445,75336.00,South
2025-08-06,Shipped,1916,69751.00,North
2025-06-18,Shipped,2207,75619.00,North
2025-11-11,Shipped,894,43982.00,East
2024-10-18,Shipped,462,6075.00,North
2026-03-06,Shipped,4607,32037.00,Central
2025-12-20,Shipped,1825,29935.00,Central
2025-08-01,Shipped,856,83944.00,East
2025-11-15,Shipped,3261,55197.00,West
2025-06-16,Shipped,3850,70455.00,Central
2025-01-30,Shipped,1374,93145.00,Central
2025-12-14,Shipped,1423,34506.00,Central
2025-02-18,Shipped,1378,87282.00,East
2025-05-02,Shipped,3753,80602.00,North
2025-01-01,Shipped,525,88348.00,Central
2025-10-24,Shipped,3677,91384.00,Central
2024-07-09,Shipped,4691,75741.00,Central
2024-06-07,Shipped,2474,63065.00,East
2025-03-10,Shipped,4821,35859.00,South
2025-11-13,Shipped,3880,90617.00,Central
2024-04-17,Shipped,2336,9451.00,South
2025-08-13,Shipped,1202,34313.00,West
2024-11-30,Shipped,3649,39376.00,North
2024-07-22,Shipped,2387,55037.00,South
2024-03-04,Shipped,4898,14252.00,West
2025-07-10,Shipped,846,6511.00,Central
2026-02-19,Shipped,3323,97703.00,Central
2025-09-17,Shipped,4709,43023.00,East
2024-07-16,Shipped,3642,3879.00,Central
2026-01-19,Shipped,4790,39105.00,Central
2024-02-10,Shipped,54,52414.00,South
2024-11-16,Shipped,1491,78573.00,North
2024-02-12,Shipped,3911,3414.00,North
2026-04-30,Shipped,3997,33533.00,Central
2026-05-04,Shipped,2850,54214.00,Central
2024-08-19,Shipped,366,72216.00,Central
2025-04-30,Shipped,1513,33524.00,East
2024-02-09,Shipped,2312,55990.00,East
2025-12-31,Shipped,3768,88303.00,South
2025-05-28,Shipped,485,74707.00,East
2024-11-25,Shipped,1472,72386.00,South
2026-03-14,Shipped,273,27963.00,Central
2026-01-26,Shipped,3902,85852.00,West
2025-05-29,Shipped,574,11578.00,Central
2024-12-17,Shipped,1569,37762.00,North
2024-11-20,Shipped,4797,89558.00,East
2025-05-07,Shipped,1087,91520.00,South
2025-10-16,Shipped,527,65218.00,Central
2025-08-31,Shipped,4478,45409.00,South
2024-02-08,Shipped,1769,17734.00,East
2024-11-03,Shipped,1355,46807.00,Central
2025-03-14,Shipped,3874,67706.00,South
2025-12-30,Shipped,2014,5355.00,North
2024-05-25,Shipped,3729,44229.00,North
2024-05-25,Shipped,3504,6777.00,South
2026-03-26,Shipped,4005,53650.00,East
2026-01-01,Shipped,4659,85405.00,East
2024-12-21,Shipped,2956,31762.00,South
2024-09-13,Shipped,3301,92281.00,East
2024-10-30,Shipped,3399,88273.00,South
2025-05-11,Shipped,2175,42313.00,South
2024-11-12,Shipped,2258,57982.00,West
2024-02-12,Shipped,4047,71494.00,Central
2025-05-09,Shipped,4421,90792.00,North
2025-10-25,Shipped,2735,62326.00,North
2025-05-24,Shipped,2927,54377.00,South
2026-03-11,Shipped,3667,45945.00,South
2024-05-04,Shipped,2721,35638.00,Central
2026-03-27,Shipped,3776,38187.00,Central
2025-09-25,Shipped,3811,10737.00,Central
2024-02-15,Shipped,4706,17088.00,Central
2025-01-31,Shipped,110,34309.00,Central
2026-05-25,Shipped,3754,1026.00,Central
2025-10-12,Shipped,4601,81820.00,North
2025-08-18,Shipped,3379,80500.00,Central
2025-12-11,Shipped,4346,7883.00,Central
2025-12-21,Shipped,2896,47780.00,South
2024-12-06,Shipped,4409,55655.00,East
2025-08-12,Shipped,4176,55088.00,Central
2025-08-08,Shipped,3871,43157.00,Central
2024-10-03,Shipped,4457,45844.00,Central
2025-12-13,Shipped,2862,70789.00,Central
2025-07-02,Shipped,3390,97187.00,East
2024-10-07,Shipped,1585,17105.00,Central
2025-05-17,Shipped,1611,3040.00,East
2024-04-09,Shipped,4223,96687.00,South
2025-07-12,Shipped,3124,92789.00,Central
2024-10-12,Shipped,2591,45616.00,South
2024-10-25,Shipped,649,98023.00,North
2025-06-30,Shipped,3557,3943.00,Central
2024-01-02,Shipped,593,89871.00,Central
2024-10-14,Shipped,4842,54402.00,North
2025-11-04,Shipped,2916,92279.00,North
2025-05-12,Shipped,2491,74028.00,East
2026-05-04,Shipped,445,20334.00,Central
2025-07-26,Shipped,633,76159.00,North
2024-01-26,Shipped,3970,44446.00,Central
2024-11-23,Shipped,587,79365.00,East
2025-07-05,Shipped,1421,1109.00,West
2025-09-26,Shipped,2343,18984.00,Central
2024-11-02,Shipped,3224,32950.00,West
2026-04-06,Shipped,474,60805.00,North
2024-09-18,Shipped,1158,98586.00,North
2024-11-08,Shipped,2468,58375.00,South
2025-07-28,Shipped,4701,41894.00,North
2024-02-28,Shipped,2584,79481.00,Central
2025-06-15,Shipped,2422,77586.00,South
2024-04-14,Shipped,1145,27683.00,North
2025-09-09,Shipped,3054,84348.00,East
2024-02-14,Shipped,2683,18764.00,Central
2024-09-09,Shipped,126,50757.00,West
2026-03-27,Shipped,635,58762.00,North
2024-03-07,Shipped,1420,39619.00,West
2026-04-29,Shipped,330,93326.00,Central
2025-08-28,Shipped,2595,38705.00,North
2025-12-02,Shipped,4437,91930.00,West
2024-02-04,Shipped,3436,13094.00,Central
2024-02-17,Shipped,1113,70619.00,North
2024-08-14,Shipped,4859,30747.00,Central
2025-06-24,Shipped,4756,46671.00,North
2024-05-08,Shipped,4552,12706.00,Central
2026-02-13,Shipped,4052,86932.00,South
2024-04-14,Shipped,1475,5495.00,Central
2025-09-19,Shipped,286,51791.00,West
2025-03-31,Shipped,230,63090.00,Central
2024-09-01,Shipped,2714,12552.00,North
2024-04-21,Shipped,2914,15061.00,Central
2024-05-07,Shipped,2339,29748.00,North
2024-06-19,Shipped,2598,45217.00,Central
2024-08-12,Shipped,3329,89378.00,South
2024-11-26,Shipped,2211,38737.00,West
2025-08-11,Shipped,514,5360.00,West
2024-01-01,Shipped,3414,85379.00,Central
2026-01-10,Shipped,3700,7923.00,Central
2025-05-25,Shipped,2574,64589.00,East
2026-05-12,Shipped,585,42045.00,Central
2026-03-02,Shipped,363,68295.00,Central
2026-05-19,Shipped,2608,70901.00,East
2024-03-22,Shipped,3254,8910.00,South
2024-08-30,Shipped,4965,86271.00,South
2024-06-29,Shipped,3289,15352.00,South
2025-09-19,Shipped,2347,8729.00,North
2025-07-12,Shipped,2382,91573.00,West
2025-07-25,Shipped,1670,48976.00,South
2025-08-02,Shipped,1764,83054.00,Central
2024-02-26,Shipped,4453,52398.00,Central
2024-09-11,Shipped,4797,75525.00,Central
2026-01-07,Shipped,1847,33813.00,West
2026-01-12,Shipped,1548,61934.00,West
2025-01-30,Shipped,4861,50842.00,Central
2025-11-29,Shipped,2165,17067.00,South
2024-04-26,Shipped,3844,70053.00,Central
2024-01-13,Shipped,3266,23308.00,East
2025-05-06,Shipped,4825,4597.00,East
2026-05-01,Shipped,3610,52538.00,Central
2026-03-27,Shipped,3046,95176.00,Central
2025-03-01,Shipped,1251,2524.00,Central
2024-08-10,Shipped,2780,7417.00,Central
2026-04-06,Shipped,3694,67490.00,Central
2024-05-20,Shipped,1871,68987.00,East
2025-11-09,Shipped,3029,49159.00,Central
2024-10-03,Shipped,3706,59395.00,West
2026-03-12,Shipped,3571,4563.00,North
2025-06-15,Shipped,1647,72152.00,South
2026-02-06,Shipped,4335,47460.00,South
2025-06-01,Shipped,2620,74204.00,North
2024-09-18,Shipped,1990,19596.00,Central
2024-12-18,Shipped,4146,57065.00,Central
2025-11-04,Shipped,1961,84248.00,Central
2025-09-30,Shipped,3334,48568.00,South
2025-03-28,Shipped,1734,90486.00,North
2024-08-27,Shipped,1587,38713.00,Central
2026-03-20,Shipped,1526,17525.00,Central
2024-06-02,Shipped,4644,42806.00,South
2024-09-04,Shipped,3479,62993.00,South
2024-09-11,Shipped,1964,81025.00,Central
2024-12-24,Shipped,4659,54624.00,Central
2026-05-14,Shipped,860,42635.00,Central
2024-11-04,Shipped,4717,80105.00,North
2025-07-18,Shipped,3659,10065.00,Central
2025-12-30,Shipped,217,9601.00,North
2025-09-22,Shipped,4713,30535.00,East
2024-12-18,Shipped,407,63046.00,East
2025-12-14,Shipped,3738,55139.00,North
2024-05-30,Shipped,1414,15706.00,East
2024-08-20,Shipped,3063,64386.00,Central
2024-05-06,Shipped,223,23365.00,Central
2024-03-01,Shipped,135,48195.00,South
2025-12-14,Shipped,2838,16924.00,North
2024-11-10,Shipped,4276,20364.00,South
2025-05-27,Shipped,1586,73784.00,North
2025-10-21,Shipped,4854,3287.00,Central
2025-12-19,Shipped,228,42047.00,Central
2025-04-03,Shipped,3514,68584.00,South
2024-08-07,Shipped,233,1155.00,South
2025-03-28,Shipped,675,89496.00,Central
2025-05-05,Shipped,93,43511.00,West
2024-11-05,Shipped,2292,57053.00,Central
2024-03-02,Shipped,817,3916.00,North
2024-01-04,Shipped,1870,6027.00,South
2025-05-06,Shipped,4773,74129.00,South
2024-10-22,Shipped,2371,36510.00,Central
2025-08-05,Shipped,2459,13768.00,North
2025-08-22,Shipped,2272,73004.00,Central
2026-04-24,Shipped,1891,49968.00,North
2025-02-09,Shipped,966,84259.00,Central
2025-09-09,Shipped,4375,24241.00,West
2026-04-21,Shipped,359,56633.00,North
2025-04-27,Shipped,3843,41441.00,North
2025-09-16,Shipped,4114,37194.00,Central
2024-08-04,Shipped,389,87627.00,Central
2024-02-24,Shipped,3437,32488.00,South
2025-03-01,Shipped,486,9418.00,Central
2024-03-04,Shipped,2735,30862.00,South
2025-05-03,Shipped,4611,91935.00,Central
2024-04-18,Shipped,4733,97715.00,Central
2025-07-04,Shipped,2383,98203.00,Central
2025-12-11,Shipped,2382,20937.00,Central
2024-12-15,Shipped,1243,27307.00,Central
2024-07-29,Shipped,2716,61186.00,Central
2025-10-09,Shipped,1437,80016.00,West
2024-11-17,Shipped,1982,46744.00,North
2025-09-11,Shipped,175,22166.00,Central
2025-04-26,Shipped,3051,72804.00,Central
2024-08-07,Shipped,4344,31240.00,Central
2025-10-31,Shipped,2923,77983.00,East
2024-07-21,Shipped,2179,59841.00,Central
2025-03-09,Shipped,4847,73462.00,North
2025-04-07,Shipped,2589,50025.00,North
2026-02-12,Shipped,678,61256.00,South
2026-03-20,Shipped,3473,45004.00,West
2025-10-29,Shipped,428,34946.00,East
2025-06-13,Shipped,3907,55289.00,South
2025-12-21,Shipped,3662,21687.00,North
2024-12-23,Shipped,355,80744.00,Central
2026-05-08,Shipped,2724,28426.00,Central
2024-10-19,Shipped,1420,87597.00,Central
2025-05-06,Shipped,4761,36511.00,Central
2025-10-07,Shipped,72,98652.00,Central
2025-05-23,Shipped,3806,4918.00,North
2024-01-21,Shipped,1150,74935.00,Central
2025-12-21,Shipped,4504,67611.00,Central
2024-05-06,Shipped,1805,24769.00,North
2024-07-27,Shipped,4435,75018.00,East
2024-06-17,Shipped,2743,13789.00,North
2026-05-12,Shipped,2550,9205.00,Central
2025-09-25,Shipped,3066,92974.00,East
2026-04-01,Shipped,3507,41631.00,East
2024-04-21,Shipped,2308,66378.00,South
2026-04-13,Shipped,4581,5535.00,East
2025-10-17,Shipped,2957,63698.00,North
2024-02-29,Shipped,936,33679.00,Central
2025-10-24,Shipped,1415,48632.00,South
2025-09-22,Shipped,4595,25990.00,West
2025-01-01,Shipped,3144,56507.00,Central
2025-11-14,Shipped,3241,70687.00,South
2025-12-30,Shipped,353,15161.00,North
2024-06-08,Shipped,2826,31221.00,North
2026-05-11,Shipped,972,15505.00,Central
2025-07-30,Shipped,2023,64887.00,North
2025-04-18,Shipped,4338,12891.00,North
2024-03-25,Shipped,4567,48235.00,Central
2024-05-02,Shipped,3676,81686.00,Central
2025-12-17,Shipped,2286,43400.00,East
2024-11-10,Shipped,2285,524.00,East
2024-01-14,Shipped,2667,21296.00,East
2025-11-21,Shipped,4942,87103.00,North
2025-04-07,Shipped,3591,46200.00,North
2025-04-05,Shipped,4770,19520.00,Central
2026-05-01,Shipped,4053,21888.00,East
2026-05-15,Shipped,4012,94663.00,Central
2026-04-18,Shipped,3403,62252.00,North
2025-12-24,Shipped,3151,46040.00,North
2024-05-27,Shipped,3374,87573.00,East
2024-07-18,Shipped,3111,18225.00,Central
2025-12-16,Shipped,2686,4924.00,South
2024-08-05,Shipped,4112,2021.00,West
2024-02-24,Shipped,3502,36851.00,North
2025-06-07,Shipped,4173,55963.00,Central
2024-04-21,Shipped,195,5968.00,West
2025-01-16,Shipped,1389,27097.00,Central
2024-01-10,Shipped,2571,28348.00,North
2025-12-29,Shipped,4514,94089.00,Central
2026-01-22,Shipped,2120,54152.00,East
2025-09-20,Shipped,4807,47470.00,Central
2025-09-03,Shipped,375,23995.00,Central
2025-03-16,Shipped,2436,1377.00,Central
2025-06-20,Shipped,128,27095.00,West
2025-03-10,Shipped,4639,37633.00,Central
2025-04-12,Shipped,3763,74397.00,South
2024-12-23,Shipped,1569,97264.00,Central
2025-09-23,Shipped,1533,18887.00,West
2025-03-15,Shipped,4366,8425.00,Central
2024-01-06,Shipped,1590,55001.00,Central
2024-03-25,Shipped,3332,28916.00,Central
2025-07-13,Shipped,760,13284.00,East
2024-06-18,Shipped,3362,47186.00,Central
2026-03-08,Shipped,3816,5760.00,East
2026-01-07,Shipped,3851,95253.00,Central
2025-01-07,Shipped,1544,67711.00,East
2026-04-29,Shipped,2295,17898.00,Central
2024-04-07,Shipped,946,78248.00,Central
2026-03-22,Shipped,345,16177.00,Central
2025-04-29,Shipped,1820,78909.00,Central
2024-02-12,Shipped,852,35414.00,Central
2024-10-04,Shipped,2802,95011.00,Central
2024-09-28,Shipped,2415,37161.00,Central
2025-07-14,Shipped,1525,41468.00,Central
2024-01-14,Shipped,3038,47111.00,East
2024-09-24,Shipped,1845,41157.00,South
2026-04-13,Shipped,2581,50197.00,North
2024-01-17,Shipped,1898,63573.00,Central
2025-09-29,Shipped,4790,33478.00,South
2024-06-01,Shipped,4814,64645.00,North
2025-12-20,Shipped,444,45929.00,West
2025-09-20,Shipped,3249,3473.00,Central
2025-03-28,Shipped,1960,66177.00,Central
2024-12-15,Shipped,1112,27929.00,Central
2026-03-21,Shipped,816,12248.00,South
2026-01-21,Shipped,528,48995.00,West
2024-10-27,Shipped,3532,61515.00,Central
2025-02-01,Shipped,4592,37242.00,Central
2024-12-30,Shipped,2489,60749.00,Central
2025-06-21,Shipped,3131,75392.00,East
2026-02-05,Shipped,2683,50989.00,North
2025-11-09,Shipped,843,38542.00,East
2025-09-28,Shipped,4987,31958.00,Central
2025-03-11,Shipped,2215,40880.00,Central
2025-05-07,Shipped,2621,61213.00,West
2024-12-16,Shipped,247,6571.00,South
2026-03-04,Shipped,2368,9211.00,Central
2024-07-07,Shipped,4534,53878.00,West
2024-09-24,Shipped,3126,28638.00,East
2025-03-28,Shipped,1948,91956.00,South
2026-05-25,Shipped,3349,72662.00,West
2024-02-20,Shipped,1498,32553.00,Central
2026-03-25,Shipped,1179,1381.00,South
2024-11-25,Shipped,2409,85153.00,East
2025-03-27,Shipped,2123,17905.00,South
2026-04-14,Shipped,710,5318.00,Central
2025-07-14,Shipped,3195,50112.00,North
2026-03-18,Shipped,64,77282.00,South
2025-09-04,Shipped,1165,46397.00,Central
2026-03-24,Shipped,4639,26758.00,Central
2025-06-09,Shipped,1208,5329.00,North
2025-06-30,Shipped,3088,98896.00,North
2025-11-25,Shipped,683,64622.00,Central
2024-12-23,Shipped,2260,44767.00,North
2025-06-26,Shipped,1431,66782.00,South
2024-07-29,Shipped,2773,3697.00,South
2025-06-04,Shipped,3140,44350.00,North
2026-05-22,Shipped,4948,5105.00,Central
2026-03-04,Shipped,1899,86583.00,West
2024-03-05,Shipped,733,278.00,North
2024-05-11,Shipped,2796,41913.00,East
2025-04-15,Shipped,924,13667.00,South
2026-02-27,Shipped,2039,24035.00,Central
2025-02-28,Shipped,3482,45903.00,West
2025-12-20,Shipped,204,62611.00,South
2026-01-29,Shipped,595,77624.00,North
2025-02-04,Shipped,107,58639.00,North
2025-10-29,Shipped,3332,86496.00,East
2026-01-29,Shipped,4872,52694.00,North
2025-09-11,Shipped,3207,61565.00,South
2024-02-05,Shipped,1601,66106.00,South
2024-10-27,Shipped,911,90472.00,Central
2024-04-03,Shipped,3750,63544.00,North
2025-12-07,Shipped,4134,70639.00,West
2025-07-03,Shipped,2985,15832.00,West
2024-09-13,Shipped,2250,4946.00,North
2025-03-21,Shipped,4759,50830.00,South
2026-03-16,Shipped,1584,70161.00,North
2026-03-14,Shipped,4769,62444.00,North
2025-05-16,Shipped,3055,70820.00,East
2025-10-23,Shipped,2028,59821.00,Central
2025-09-04,Shipped,147,98832.00,Central
2025-11-12,Shipped,1472,6497.00,South
2025-12-19,Shipped,1090,78441.00,North
2025-04-26,Shipped,2018,43863.00,North
2024-11-23,Shipped,4018,43166.00,South
2025-01-10,Shipped,1058,79548.00,Central
2026-03-13,Shipped,807,78266.00,North
2026-01-19,Shipped,2536,94683.00,Central
2024-11-20,Shipped,2798,33124.00,North
2026-05-06,Shipped,2524,7258.00,Central
2025-05-01,Shipped,2301,34923.00,East
2025-03-23,Shipped,4050,53760.00,East
2025-06-13,Shipped,3108,26089.00,East
2024-09-26,Shipped,2424,29275.00,Central
2024-09-01,Shipped,3717,83796.00,Central
2025-08-05,Shipped,803,17584.00,Central
2026-04-25,Shipped,178,36143.00,Central
2024-07-15,Shipped,3637,8252.00,Central
2025-06-26,Shipped,4003,72618.00,Central
2024-06-24,Shipped,545,98311.00,Central
2025-05-11,Shipped,2698,49581.00,North
2026-02-16,Shipped,492,43312.00,North
2025-10-28,Shipped,1770,64697.00,Central
2024-01-23,Shipped,3341,27519.00,North
2024-06-29,Shipped,411,57210.00,Central
2025-11-11,Shipped,3039,18494.00,East
2025-06-12,Shipped,3553,24148.00,North
2026-04-01,Shipped,951,96899.00,Central
2025-01-12,Shipped,1437,20506.00,Central
2024-07-03,Shipped,3785,64523.00,Central
2025-11-01,Shipped,2854,32579.00,North
2024-11-22,Shipped,1993,45564.00,South
2026-02-10,Shipped,898,83414.00,Central
2024-08-13,Shipped,3232,3834.00,East
2025-03-01,Shipped,649,59740.00,North
2025-07-27,Shipped,4536,95514.00,North
2025-09-06,Shipped,3923,69566.00,North
2024-06-28,Shipped,2943,53852.00,South
2025-06-08,Shipped,4037,98450.00,Central
2026-03-29,Shipped,659,62889.00,Central
2025-06-28,Shipped,848,55748.00,Central
2024-03-02,Shipped,3909,87571.00,Central
2025-10-23,Shipped,517,8779.00,Central
2024-05-28,Shipped,2520,80694.00,East
2024-10-04,Shipped,4309,87720.00,East
2025-06-22,Shipped,3226,9687.00,East
2024-11-18,Shipped,851,78089.00,Central
2024-01-28,Shipped,990,6695.00,Central
2024-03-08,Shipped,1533,22755.00,East
2024-02-15,Shipped,2949,35811.00,Central
2024-03-12,Shipped,4238,39006.00,North
2024-05-16,Shipped,3212,14208.00,North
2025-05-13,Shipped,714,75326.00,South
2025-04-13,Shipped,1756,73361.00,South
2024-05-14,Shipped,1269,14007.00,Central
2025-03-07,Shipped,3345,50460.00,North
2024-03-19,Shipped,3886,13911.00,North
2024-05-06,Shipped,2755,73087.00,North
2024-10-13,Shipped,4698,82316.00,East
2025-08-24,Shipped,4419,60410.00,South
2025-04-25,Shipped,3704,66014.00,Central
2026-01-19,Shipped,4198,46454.00,Central
2026-03-05,Shipped,2722,60117.00,Central
2024-03-11,Shipped,220,46507.00,Central
2026-02-25,Shipped,589,50392.00,East
2024-04-30,Shipped,3380,33225.00,North
2025-07-06,Shipped,2091,96892.00,Central
2025-03-23,Shipped,2324,77709.00,West
2024-06-24,Shipped,731,96294.00,Central
2026-04-07,Shipped,3914,83187.00,West
2025-03-12,Shipped,1439,63236.00,West
2025-12-16,Shipped,2244,76928.00,South
2025-10-26,Shipped,3894,3734.00,Central
2024-02-06,Shipped,1376,87769.00,Central
2025-09-13,Shipped,1121,93675.00,Central
2024-01-20,Shipped,2197,22346.00,Central
2026-03-12,Shipped,4874,404.00,North
2024-12-25,Shipped,4720,81089.00,Central
2026-03-29,Shipped,1108,94867.00,Central
2024-11-06,Shipped,2172,63060.00,Central
2025-01-29,Shipped,1522,27160.00,South
2025-05-26,Shipped,1849,91226.00,East
2024-06-28,Shipped,4620,5855.00,Central
2024-01-07,Shipped,4330,11714.00,Central
2025-12-04,Shipped,2951,85381.00,Central
2025-11-30,Shipped,1217,64934.00,Central
2024-05-06,Shipped,571,40684.00,North
2024-10-27,Shipped,91,70472.00,South
2025-12-20,Shipped,4008,28879.00,North
2024-03-26,Shipped,1014,7103.00,Central
2025-10-08,Shipped,1244,8171.00,Central
2024-11-07,Shipped,4003,22227.00,North
2025-10-22,Shipped,1361,12517.00,East
2024-04-10,Shipped,1793,73491.00,Central
2025-05-19,Shipped,2729,11932.00,North
2024-10-25,Shipped,425,65930.00,Central
2025-07-05,Shipped,1933,18870.00,North
2025-03-23,Shipped,4279,5933.00,Central
2025-09-05,Shipped,2365,61934.00,East
2026-05-12,Shipped,359,55338.00,South
2025-10-22,Shipped,664,83982.00,Central
2024-07-23,Shipped,2027,16497.00,North
2025-11-07,Shipped,70,60165.00,Central
2025-04-14,Shipped,199,58016.00,North
2025-08-17,Shipped,3285,76070.00,Central
2024-08-13,Shipped,3353,15512.00,Central
2026-04-20,Shipped,3170,93030.00,East
2025-09-14,Shipped,1749,46331.00,Central
2025-11-29,Shipped,2649,23859.00,North
2025-06-12,Shipped,4208,49367.00,North
2024-08-28,Shipped,3686,81784.00,Central
2024-12-02,Shipped,3826,34789.00,North
2025-02-24,Shipped,4331,51696.00,North
2026-03-18,Shipped,2702,39408.00,North
2025-03-06,Shipped,3424,75308.00,South
2024-07-21,Shipped,3841,63999.00,East
2024-02-17,Shipped,1450,33453.00,Central
2025-05-22,Shipped,50,77063.00,Central
2024-06-07,Shipped,1892,2402.00,South
2026-01-10,Shipped,4080,41031.00,Central
2025-07-27,Shipped,1321,43864.00,South
2026-01-31,Shipped,1860,75313.00,North
2025-02-15,Shipped,4071,22727.00,North
2025-12-25,Shipped,3425,4744.00,Central
2024-01-23,Shipped,1861,37929.00,Central
2025-05-15,Shipped,1319,23530.00,West
2026-04-12,Shipped,382,33294.00,East
2024-05-18,Shipped,3819,43707.00,West
2025-02-14,Shipped,1196,75142.00,South
2024-03-20,Shipped,1534,87263.00,Central
2024-07-24,Shipped,540,23688.00,East
2024-04-02,Shipped,1317,91055.00,Central
2026-04-22,Shipped,4230,66689.00,East
2024-09-18,Shipped,3494,98583.00,Central
2024-10-03,Shipped,2849,89004.00,East
2026-02-19,Shipped,4623,94741.00,South
2026-02-16,Shipped,702,79326.00,Central
2025-08-27,Shipped,134,21697.00,Central
2024-08-26,Shipped,4870,92493.00,West
2024-03-07,Shipped,3704,61034.00,Central
2025-02-24,Shipped,2116,2258.00,South
2025-02-11,Shipped,1089,4498.00,East
2026-02-05,Shipped,2962,97419.00,East
2024-01-18,Shipped,1470,92233.00,Central
2025-04-22,Shipped,952,73073.00,Central
2025-04-17,Shipped,801,90989.00,South
2024-12-20,Shipped,1363,14961.00,South
2025-08-07,Shipped,4886,89611.00,West
2024-08-29,Shipped,2153,89072.00,Central
2024-12-05,Shipped,4998,67542.00,Central
2026-02-13,Shipped,180,9745.00,Central
2025-01-07,Shipped,682,91994.00,Central
2024-10-08,Shipped,3523,87078.00,Central
2025-07-02,Shipped,92,83171.00,North
2025-09-07,Shipped,77,885.00,Central
2026-01-29,Shipped,1472,90644.00,Central
2025-06-15,Shipped,1859,42712.00,Central
2024-07-27,Shipped,3930,72218.00,North
2026-02-09,Shipped,2909,82751.00,East
2025-01-01,Shipped,716,68120.00,North
2025-03-28,Shipped,3027,47040.00,North
2024-03-06,Shipped,1698,8711.00,North
2024-07-04,Shipped,4417,81790.00,Central
2025-06-27,Shipped,697,33962.00,Central
2024-02-29,Shipped,3839,57233.00,North
2024-07-28,Shipped,1901,45546.00,North
2026-02-16,Shipped,1573,4791.00,South
2025-01-10,Shipped,1456,43341.00,Central
2024-02-05,Shipped,4119,14945.00,Central
2024-10-31,Shipped,2452,23935.00,Central
2024-11-11,Shipped,2979,55728.00,East
2024-06-28,Shipped,854,6742.00,Central
2025-11-18,Shipped,4198,16571.00,Central
2025-03-19,Shipped,425,49543.00,South
2024-10-21,Shipped,1494,11688.00,Central
2026-02-21,Shipped,2436,60982.00,East
2025-10-12,Shipped,1517,46331.00,West
2025-03-26,Shipped,1045,1694.00,East
2025-08-22,Shipped,4164,12471.00,North
2024-12-24,Shipped,1603,93581.00,South
2025-08-22,Shipped,2673,6571.00,Central
2025-08-18,Shipped,3576,85531.00,North
2026-05-17,Shipped,1228,58605.00,Central
2026-05-16,Shipped,4897,78505.00,North
2026-04-05,Shipped,3660,15552.00,North
2024-12-06,Shipped,1104,61821.00,West
2024-12-11,Shipped,1659,48233.00,North
2024-11-20,Shipped,4990,13156.00,West
2024-05-21,Shipped,4776,61233.00,North
2024-02-09,Shipped,4734,91710.00,South
2025-04-27,Shipped,2319,19158.00,Central
2024-02-29,Shipped,1983,88727.00,South
2024-07-28,Shipped,2498,58393.00,East
2024-05-30,Shipped,3742,17388.00,South
2024-08-22,Shipped,2449,53400.00,North
2025-10-04,Shipped,4478,30144.00,Central
2026-04-29,Shipped,3419,65996.00,East
2025-05-20,Shipped,1464,12629.00,Central
2025-01-18,Shipped,2764,6010.00,Central
2026-01-19,Shipped,3218,79084.00,North
2025-07-23,Shipped,2563,83200.00,Central
2025-07-20,Shipped,4437,95993.00,Central
2025-09-21,Shipped,2357,3641.00,Central
2025-08-23,Shipped,4776,1730.00,North
2025-09-25,Shipped,431,35702.00,Central
2024-08-26,Shipped,2010,63713.00,Central
2025-12-17,Shipped,3759,23689.00,North
2025-11-28,Shipped,3236,15009.00,West
2024-12-05,Shipped,1318,9260.00,East
2025-07-26,Shipped,412,50866.00,South
2024-07-10,Shipped,4707,45643.00,Central
2024-07-08,Shipped,1107,44980.00,East
2024-10-04,Shipped,4178,46515.00,West
2026-05-20,Shipped,318,85280.00,Central
2026-02-13,Shipped,1262,86664.00,Central
2024-04-11,Shipped,2658,23174.00,West
2026-04-03,Shipped,2368,8028.00,South
2024-09-27,Shipped,1932,60150.00,Central
2024-07-01,Shipped,3101,86593.00,Central
2024-06-29,Shipped,3005,24138.00,Central
2025-01-31,Shipped,507,55017.00,South
2025-08-10,Shipped,4751,61422.00,East
2026-01-31,Shipped,154,69198.00,Central
2024-06-27,Shipped,2308,41344.00,Central
2026-03-12,Shipped,661,30574.00,Central
2025-03-10,Shipped,968,83739.00,Central
2025-02-01,Shipped,1220,5248.00,East
2025-10-11,Shipped,1530,86257.00,Central
2025-09-08,Shipped,3023,21517.00,West
2025-05-27,Shipped,777,81467.00,North
2025-11-25,Shipped,4004,69125.00,Central
2024-05-29,Shipped,3083,11109.00,West
2024-06-21,Shipped,780,4465.00,Central
2025-07-28,Shipped,1585,22542.00,East
2025-03-03,Shipped,1031,46715.00,Central
2026-05-18,Shipped,2253,37000.00,North
2025-09-26,Shipped,4892,54334.00,Central
2025-11-02,Shipped,4667,60848.00,North
2025-08-30,Shipped,3301,94787.00,Central
2024-04-20,Shipped,714,35703.00,North
2025-04-28,Shipped,998,69300.00,Central
2026-01-26,Shipped,3311,6951.00,East
2025-07-25,Shipped,681,24021.00,North
2025-04-09,Shipped,1714,55455.00,North
2025-10-18,Shipped,3300,65770.00,Central
2024-06-18,Shipped,623,83642.00,Central
2025-04-22,Shipped,2711,29726.00,East
2025-10-14,Shipped,4570,12558.00,Central
2024-03-13,Shipped,3593,50052.00,North
2024-11-13,Shipped,107,31969.00,Central
2026-02-12,Shipped,3285,3756.00,Central
2025-08-24,Shipped,438,9749.00,Central
2025-06-21,Shipped,1250,97852.00,South
2024-11-23,Shipped,1311,5804.00,South
2024-11-16,Shipped,841,20582.00,North
2025-09-23,Shipped,518,89676.00,West
2026-04-04,Shipped,1258,27420.00,North
2024-09-18,Shipped,4815,98242.00,Central
2025-07-19,Shipped,125,58119.00,Central
2026-04-03,Shipped,338,55391.00,North
2024-04-27,Shipped,2500,58027.00,South
2025-12-23,Shipped,4356,78571.00,East
2026-05-26,Shipped,2324,43339.00,Central
2026-05-18,Shipped,1047,49414.00,South
2026-01-03,Shipped,1682,93755.00,South
2025-05-22,Shipped,2176,6885.00,East
2024-08-22,Shipped,3971,15760.00,East
2024-12-20,Shipped,1572,66856.00,West
2024-01-21,Shipped,2447,82491.00,Central
2025-12-03,Shipped,2866,82572.00,West
2024-12-27,Shipped,1017,43092.00,Central
2025-09-10,Shipped,1489,51097.00,Central
2024-10-05,Shipped,2713,36763.00,East
2025-09-17,Shipped,3247,97387.00,Central
2025-03-02,Shipped,3585,37155.00,Central
2025-03-20,Shipped,2676,31380.00,North
2026-01-30,Shipped,1884,26544.00,Central
2025-05-26,Shipped,589,98276.00,East
2025-02-11,Shipped,4241,29082.00,South
2024-06-18,Shipped,3429,39530.00,Central
2026-02-20,Shipped,3736,98158.00,Central
2024-05-27,Shipped,1070,91993.00,Central
2025-03-14,Shipped,1950,64923.00,Central
2025-09-28,Shipped,4976,40442.00,East
2024-08-14,Shipped,1728,39949.00,Central
2024-04-09,Shipped,4430,25383.00,Central
2025-01-10,Shipped,2049,14198.00,North
2024-07-23,Shipped,935,85640.00,Central
2026-05-09,Shipped,829,2625.00,Central
2024-03-24,Shipped,1564,60287.00,Central
2025-07-25,Shipped,3885,81878.00,East
2026-04-27,Shipped,2636,53770.00,South
2024-04-02,Shipped,592,91099.00,North
2026-03-28,Shipped,4901,45168.00,Central
2025-03-18,Shipped,3946,43240.00,Central
2024-10-07,Shipped,973,31539.00,Central
2026-01-27,Shipped,2254,64689.00,North
2024-05-02,Shipped,360,9941.00,North
2025-08-27,Shipped,2651,80298.00,Central
2025-07-28,Shipped,3364,80619.00,Central
2025-01-15,Shipped,494,93952.00,North
2025-05-09,Shipped,105,90247.00,South
2026-02-23,Shipped,1753,29714.00,East
2025-09-05,Shipped,4480,85751.00,North
2024-01-15,Shipped,3437,82840.00,West
2024-04-07,Shipped,2109,90779.00,North
2025-01-05,Shipped,2840,88324.00,Central
2025-06-20,Shipped,3218,31644.00,North
2025-03-03,Shipped,227,67722.00,South
2025-02-14,Shipped,1244,5691.00,West
2024-03-27,Shipped,2665,92191.00,East
2025-06-22,Shipped,588,38267.00,East
2024-07-06,Shipped,2444,90328.00,East
2024-08-17,Shipped,1201,56336.00,Central
2024-05-16,Shipped,1142,29453.00,Central
2024-11-26,Shipped,1487,67912.00,West
2024-01-17,Shipped,1289,37685.00,East
2025-04-24,Shipped,2823,35364.00,South
2025-06-08,Shipped,1164,41940.00,Central
2024-08-11,Shipped,4837,44477.00,Central
2026-03-02,Shipped,48,63578.00,East
2026-05-23,Shipped,2068,59685.00,Central
2024-01-28,Shipped,301,54952.00,Central
2025-03-07,Shipped,4053,83928.00,Central
2025-01-19,Shipped,3047,21506.00,East
2025-12-26,Shipped,369,28398.00,Central
2025-11-28,Shipped,447,78320.00,Central
2024-01-05,Shipped,2339,2176.00,East
2026-02-26,Shipped,4381,42245.00,Central
2025-07-15,Shipped,2235,58176.00,West
2026-04-25,Shipped,1696,34563.00,Central
2025-09-28,Shipped,3078,1479.00,Central
2025-06-14,Shipped,771,18365.00,Central
2024-09-21,Shipped,4531,36045.00,West
2024-08-10,Shipped,140,30023.00,East
2024-06-24,Shipped,3861,9989.00,Central
2026-02-20,Shipped,4490,20517.00,Central
2025-10-29,Shipped,1800,91858.00,North
2024-02-14,Shipped,2732,98011.00,East
2026-03-18,Shipped,4274,32957.00,Central
2024-02-09,Shipped,3257,63445.00,North
2024-01-09,Shipped,2639,50107.00,Central
2025-08-16,Shipped,4250,75350.00,Central
2024-02-10,Shipped,315,31782.00,South
2024-07-02,Shipped,1814,20240.00,Central
2024-09-21,Shipped,2401,95625.00,Central
2024-09-18,Shipped,4743,19676.00,Central
2025-02-02,Shipped,3640,20779.00,Central
2024-05-16,Shipped,3601,69217.00,North
2026-03-28,Shipped,504,56348.00,South
2024-05-04,Shipped,4987,40207.00,North
2026-04-11,Shipped,622,46022.00,West
2025-03-29,Shipped,1910,84630.00,Central
2024-01-20,Shipped,2643,17633.00,North
2026-03-28,Shipped,1472,1558.00,West
2025-01-13,Shipped,866,11632.00,Central
2025-06-13,Shipped,4970,27957.00,Central
2024-06-28,Shipped,3499,52986.00,North
2024-09-26,Shipped,4070,55858.00,Central
2025-10-29,Shipped,2277,63847.00,North
2026-03-08,Shipped,3200,48926.00,North
2025-07-24,Shipped,415,3792.00,Central
2025-05-17,Shipped,517,3590.00,East
2024-02-09,Shipped,3303,59469.00,Central
2025-12-20,Shipped,1478,42355.00,Central
2025-12-26,Shipped,3230,25229.00,West
2024-04-12,Shipped,4213,80810.00,Central
2025-04-01,Shipped,1144,15169.00,North
2026-03-05,Shipped,2624,91545.00,South
2024-10-10,Shipped,1103,28786.00,Central
2025-05-11,Shipped,1193,65705.00,West
2024-08-28,Shipped,4989,3318.00,North
2024-04-27,Shipped,3942,84200.00,Central
2025-08-31,Shipped,3659,52801.00,Central
2025-02-09,Shipped,1145,98181.00,Central
2025-04-22,Shipped,1799,18759.00,East
2025-03-27,Shipped,2936,51491.00,Central
2024-10-26,Shipped,2171,83694.00,Central
2024-12-15,Shipped,2768,34306.00,North
2024-07-19,Shipped,3391,15997.00,West
2024-09-17,Shipped,3473,65896.00,East
2026-02-19,Shipped,4595,66612.00,North
2024-06-08,Shipped,1562,19445.00,West
2024-12-06,Shipped,4736,98607.00,South
2026-05-25,Shipped,1942,26148.00,North
2026-01-21,Shipped,2470,28845.00,South
2026-01-13,Shipped,2348,86220.00,North
2026-04-03,Shipped,1227,39115.00,Central
2025-05-13,Shipped,488,85388.00,Central
2025-10-30,Shipped,2850,9523.00,North
2026-05-24,Shipped,3564,2161.00,Central
2025-09-03,Shipped,766,88575.00,Central
2024-09-28,Shipped,1844,36427.00,North
2026-03-15,Shipped,4698,35332.00,North
2024-11-27,Shipped,2902,80952.00,Central
2024-10-04,Shipped,4416,36079.00,Central
2025-10-22,Shipped,1610,20396.00,West
2024-05-20,Shipped,407,51665.00,North
2025-06-13,Shipped,1899,42432.00,North
2025-08-28,Shipped,1982,61864.00,Central
2026-03-19,Shipped,4875,78557.00,Central
2025-10-02,Shipped,3756,46260.00,North
2025-08-05,Shipped,1882,83028.00,Central
2024-01-13,Shipped,4057,27116.00,North
2024-05-20,Shipped,1963,39281.00,South
2024-02-29,Shipped,105,64268.00,Central
2025-07-07,Shipped,180,79025.00,Central
2025-01-15,Shipped,2479,55788.00,East
2024-09-14,Shipped,4941,9329.00,North
2024-09-09,Shipped,1248,37182.00,South
2026-05-19,Shipped,2131,62404.00,Central
2024-02-07,Shipped,4877,95791.00,Central
2024-04-07,Shipped,1945,62338.00,Central
2025-01-30,Shipped,4855,26797.00,Central
2025-07-02,Shipped,3170,72261.00,Central
2024-12-30,Shipped,3390,2642.00,Central
2024-04-02,Shipped,4129,59847.00,North
2024-01-30,Shipped,125,68186.00,Central
2025-06-13,Shipped,4025,50041.00,North
2026-05-12,Shipped,1764,87829.00,South
2024-11-26,Shipped,1720,51668.00,West
2024-08-16,Shipped,1163,36082.00,Central
2025-07-02,Shipped,1917,55760.00,North
2025-10-02,Shipped,3744,90222.00,South
2024-09-29,Shipped,2234,14275.00,East
2026-04-14,Shipped,391,40684.00,North
2025-03-06,Shipped,4743,19253.00,South
2024-04-22,Shipped,3048,12983.00,East
2026-03-25,Shipped,237,61102.00,North
2026-05-23,Shipped,3898,72365.00,Central
2024-09-23,Shipped,4965,83123.00,Central
2024-01-25,Shipped,4128,39511.00,North
2025-04-06,Shipped,4495,17130.00,Central
2026-03-24,Shipped,2470,50451.00,North
2024-07-09,Shipped,3972,75776.00,South
2026-04-03,Shipped,316,65541.00,West
2026-01-29,Shipped,979,62640.00,Central
2026-02-04,Shipped,4038,97898.00,Central
2024-06-12,Shipped,1242,15291.00,Central
2025-11-14,Shipped,4888,88069.00,North
2026-01-12,Shipped,4275,25574.00,South
2024-07-10,Shipped,1514,47656.00,South
2025-08-09,Shipped,4810,2936.00,Central
2025-02-13,Shipped,4945,7765.00,West
2025-08-20,Shipped,1499,97257.00,North
2024-11-05,Shipped,4007,90827.00,Central
2025-03-22,Shipped,3453,2907.00,North
2024-12-17,Shipped,1178,19367.00,West
2025-12-12,Shipped,4591,32735.00,Central
2024-07-26,Shipped,4177,54421.00,Central
2025-01-07,Shipped,3423,60015.00,South
2024-07-02,Shipped,4553,75375.00,South
2024-10-09,Shipped,1725,69809.00,North
2026-02-05,Shipped,661,9876.00,North
2024-04-12,Shipped,1049,25574.00,Central
2025-03-13,Shipped,1707,33340.00,North
2024-05-23,Shipped,224,39457.00,Central
2025-04-24,Shipped,1721,77396.00,Central
2025-07-15,Shipped,1371,32473.00,South
2025-10-28,Shipped,4593,85684.00,North
2026-01-21,Shipped,2622,54278.00,Central
2025-11-06,Shipped,2234,54722.00,Central
2025-12-30,Shipped,4215,32723.00,Central
2025-11-27,Shipped,3914,71688.00,East
2025-10-05,Shipped,2155,18170.00,South
2025-03-26,Shipped,4023,32556.00,Central
2025-09-13,Shipped,812,5162.00,South
2025-02-09,Shipped,4676,78458.00,East
2025-09-26,Shipped,3315,90358.00,South
2025-03-02,Shipped,761,2814.00,South
2025-05-11,Shipped,419,33021.00,Central
2024-10-02,Shipped,2627,60853.00,East
2025-05-16,Shipped,1481,88675.00,Central
2025-10-31,Shipped,2530,23972.00,Central
2024-08-27,Shipped,4025,58571.00,Central
2026-05-11,Shipped,3209,91351.00,East
2024-05-13,Shipped,4639,85529.00,West
2025-05-29,Shipped,987,61948.00,North
2024-09-12,Shipped,1129,79377.00,South
2024-02-12,Shipped,4065,75109.00,Central
2026-02-09,Shipped,451,85053.00,North
2024-11-29,Shipped,4002,94531.00,Central
2025-04-01,Shipped,559,30712.00,Central
2024-04-01,Shipped,2064,355.00,Central
2024-02-26,Shipped,139,22711.00,East
2026-04-27,Shipped,2093,26416.00,Central
2025-03-01,Shipped,2891,72131.00,Central
2025-02-15,Shipped,1246,39827.00,South
2024-10-23,Shipped,1811,55666.00,North
2025-05-06,Shipped,1639,48447.00,Central
2024-08-03,Shipped,826,91110.00,Central
2024-11-07,Shipped,4561,43331.00,South
2026-02-25,Shipped,863,67310.00,East
2024-05-03,Shipped,670,50313.00,Central
2024-12-26,Shipped,2717,75600.00,North
2024-11-17,Shipped,1613,70375.00,Central
2025-08-13,Shipped,618,40202.00,Central
2024-11-03,Shipped,4985,97373.00,Central
2024-02-03,Shipped,2316,63467.00,Central
2025-03-07,Shipped,4266,91590.00,Central
2025-10-21,Shipped,2856,6925.00,South
2024-08-27,Shipped,4968,98997.00,Central
2025-03-05,Shipped,24,1298.00,East
2024-10-14,Shipped,3600,8106.00,West
2025-01-30,Shipped,2726,29695.00,East
2024-02-18,Shipped,163,12304.00,Central
2024-12-16,Shipped,2797,85986.00,East
2025-10-17,Shipped,1318,37018.00,Central
2026-04-03,Shipped,3596,832.00,North
2026-02-11,Shipped,4221,50392.00,Central
2025-03-27,Shipped,4022,74640.00,Central
2025-12-02,Shipped,2218,73907.00,North
2025-01-15,Shipped,357,62889.00,South
2025-03-05,Shipped,736,88195.00,Central
2024-01-07,Shipped,4085,50792.00,Central
2025-01-17,Shipped,4946,36357.00,North
2024-05-28,Shipped,2101,84232.00,Central
2025-04-03,Shipped,1686,34656.00,Central
2025-07-13,Shipped,3471,39614.00,North
2025-08-29,Shipped,4895,27394.00,South
2024-12-26,Shipped,2680,15933.00,West
2025-05-02,Shipped,1636,3086.00,North
2024-11-26,Shipped,4974,29637.00,Central
2026-03-24,Shipped,2206,53378.00,South
2024-11-18,Shipped,4531,25577.00,Central
2025-12-12,Shipped,4770,89411.00,South
2026-05-18,Shipped,4375,48270.00,Central
2024-04-10,Shipped,4654,7265.00,North
2024-08-01,Shipped,3889,9371.00,Central
2024-05-13,Shipped,2811,37191.00,Central
2026-04-17,Shipped,2704,68026.00,South
2024-06-20,Shipped,2109,86604.00,South
2024-10-13,Shipped,3577,30139.00,East
2025-06-07,Shipped,267,15523.00,East
2024-12-31,Shipped,3170,82140.00,Central
2025-01-21,Shipped,3351,38704.00,South
2026-05-02,Shipped,2391,184.00,North
2025-01-23,Shipped,1424,74989.00,Central
2026-02-28,Shipped,2569,58042.00,South
2024-10-06,Shipped,4285,68527.00,North
2024-08-23,Shipped,846,29478.00,North
2025-03-17,Shipped,2759,79504.00,South
2025-09-20,Shipped,129,68010.00,Central
2025-01-22,Shipped,3450,54320.00,Central
2024-02-17,Shipped,1121,70598.00,North
2026-05-09,Shipped,3073,4524.00,North
2024-07-22,Shipped,42,49964.00,Central
2024-10-20,Shipped,2750,44584.00,Central
2025-01-02,Shipped,1978,96056.00,Central
2025-12-27,Shipped,2057,1331.00,Central
2025-10-28,Shipped,2482,68225.00,Central
2025-08-09,Shipped,2763,27160.00,Central
2025-08-05,Shipped,2444,57517.00,Central
2024-08-11,Shipped,4474,55589.00,Central
2025-03-15,Shipped,1710,37296.00,East
2025-07-13,Shipped,3150,84768.00,West
2024-07-14,Shipped,3230,88990.00,South
2025-11-12,Shipped,1629,82950.00,North
2025-05-24,Shipped,2618,17331.00,West
2024-06-24,Shipped,1504,78377.00,Central
2025-07-07,Shipped,2838,38033.00,South
2025-12-30,Shipped,3055,95129.00,East
2024-07-24,Shipped,3202,59979.00,East
2024-03-03,Shipped,3345,76494.00,West
2025-03-17,Shipped,2549,8712.00,South
2024-03-24,Shipped,4634,53612.00,South
2024-09-24,Shipped,2209,33431.00,Central
2024-06-22,Shipped,1425,31932.00,North
2024-05-20,Shipped,737,44747.00,North
2024-12-12,Shipped,3246,36586.00,North
2024-06-14,Shipped,323,72378.00,Central
2026-05-11,Shipped,3228,2653.00,Central
2025-03-19,Shipped,2205,81524.00,Central
2025-01-09,Shipped,4463,53459.00,Central
2025-09-17,Shipped,3411,96445.00,Central
2024-07-02,Shipped,1482,21851.00,Central
2025-11-04,Shipped,761,73221.00,North
2026-01-04,Shipped,1892,44806.00,Central
2025-10-05,Shipped,3829,86835.00,West
2025-12-10,Shipped,2263,50990.00,East
2024-08-08,Shipped,4536,35816.00,North
2025-06-01,Shipped,4100,10753.00,North
2025-08-23,Shipped,832,64514.00,Central
2024-04-11,Shipped,3624,43166.00,West
2024-12-02,Shipped,1377,89615.00,North
2026-01-05,Shipped,738,63756.00,Central
2026-05-23,Shipped,1008,97100.00,North
2025-11-01,Shipped,898,55083.00,North
2024-02-04,Shipped,3623,49068.00,Central
2025-07-19,Shipped,4463,87666.00,West
2024-03-31,Shipped,2782,51694.00,East
2024-10-11,Shipped,4769,94325.00,Central
2024-02-05,Shipped,3109,61860.00,North
2024-02-11,Shipped,3748,36076.00,Central
2024-02-15,Shipped,624,96260.00,North
2026-03-18,Shipped,3330,21048.00,Central
2026-01-10,Shipped,4395,11202.00,South
2025-09-28,Shipped,1297,7522.00,North
2026-03-30,Shipped,4858,96065.00,East
2026-04-03,Shipped,3170,41956.00,Central
2025-10-14,Shipped,1498,29528.00,Central
2024-05-04,Shipped,4233,301.00,Central
2025-05-21,Shipped,1828,47249.00,Central
2024-07-11,Shipped,3057,20908.00,East
2024-10-25,Shipped,3749,38499.00,West
2024-03-14,Shipped,1949,76133.00,Central
2026-03-07,Shipped,399,78137.00,East
2024-05-29,Shipped,704,70809.00,North
2024-08-12,Shipped,4870,58690.00,Central
2024-09-29,Shipped,2487,76522.00,North
2025-05-14,Shipped,1621,37605.00,West
2026-03-26,Shipped,3214,92620.00,Central
2025-07-03,Shipped,1638,70411.00,North
2026-01-14,Shipped,3141,18767.00,North
2024-01-05,Shipped,2467,42637.00,South
2024-04-20,Shipped,4866,28255.00,Central
2024-08-05,Shipped,4729,75323.00,West
2025-09-10,Shipped,4626,58660.00,Central
2024-05-13,Shipped,1876,3401.00,West
2024-08-12,Shipped,4296,77852.00,South
2026-03-26,Shipped,2129,79933.00,West
2025-10-11,Shipped,1505,38109.00,Central
2024-11-06,Shipped,3558,60007.00,Central
2025-03-23,Shipped,2806,71679.00,East
2024-12-28,Shipped,3305,66107.00,West
2025-04-24,Shipped,4792,15261.00,East
2025-11-28,Shipped,3993,39931.00,Central
2026-02-03,Shipped,4185,51440.00,Central
2024-10-31,Shipped,4178,31155.00,South
2025-03-28,Shipped,939,65648.00,North
2025-02-17,Shipped,3674,45619.00,South
2024-07-13,Shipped,3167,53596.00,South
2024-01-18,Shipped,1169,49965.00,Central
2026-03-12,Shipped,1990,15360.00,North
2025-11-26,Shipped,3645,79931.00,Central
2026-01-30,Shipped,4732,63999.00,Central
2024-07-17,Shipped,3902,23140.00,Central
2026-01-21,Shipped,136,89244.00,North
2025-02-25,Shipped,517,12267.00,Central
2024-12-23,Shipped,3624,55211.00,Central
2025-05-03,Shipped,2883,75355.00,Central
2024-09-15,Shipped,2626,82512.00,Central
2025-01-02,Shipped,1376,35534.00,West
2025-04-26,Shipped,4041,43420.00,South
2024-03-16,Shipped,1500,40418.00,Central
2024-06-27,Shipped,1570,40441.00,Central
2024-05-28,Shipped,3960,47115.00,Central
2024-10-08,Shipped,3501,82899.00,South
2026-04-03,Shipped,4732,60225.00,Central
2024-04-27,Shipped,2438,26768.00,South
2025-02-06,Shipped,499,3480.00,West
2026-02-25,Shipped,2255,47253.00,Central
2025-11-04,Shipped,1158,343.00,North
2024-11-25,Shipped,516,86411.00,Central
2025-05-29,Shipped,4142,39758.00,North
2026-02-11,Shipped,2007,50359.00,Central
2025-03-04,Shipped,1648,53681.00,East
2024-05-03,Shipped,129,87057.00,Central
2024-04-01,Shipped,3576,64696.00,East
2025-04-03,Shipped,1248,59923.00,North
2025-11-09,Shipped,960,63810.00,South
2024-08-31,Shipped,4521,9233.00,North
2024-01-10,Shipped,2409,46624.00,West
2024-02-22,Shipped,2113,41070.00,South
2025-11-23,Shipped,4184,56573.00,Central
2025-07-19,Shipped,2133,69724.00,West
2024-02-14,Shipped,163,93153.00,East
2024-08-04,Shipped,2466,23597.00,South
2026-05-19,Shipped,583,6894.00,Central
2025-09-10,Shipped,4389,23749.00,South
2024-12-20,Shipped,3809,38926.00,Central
2024-02-23,Shipped,734,90373.00,Central
2026-04-06,Shipped,4745,98305.00,Central
2025-02-10,Shipped,2833,97092.00,East
2024-08-13,Shipped,2710,88503.00,West
2024-12-28,Shipped,4456,75413.00,Central
2025-11-18,Shipped,4531,85325.00,Central
2025-10-31,Shipped,221,53137.00,South
2024-02-29,Shipped,2138,10118.00,North
2024-09-27,Shipped,4476,12296.00,North
2025-05-21,Shipped,1587,62147.00,South
2026-01-26,Shipped,2842,77042.00,South
2026-04-22,Shipped,3363,31581.00,Central
2025-01-19,Shipped,484,48080.00,Central
2025-04-30,Shipped,1991,79851.00,North
2024-01-07,Shipped,1443,47657.00,Central
2024-01-10,Shipped,2738,71576.00,West
2025-01-14,Shipped,2265,98858.00,Central
2024-07-11,Shipped,1730,90988.00,East
2024-08-02,Shipped,4518,3039.00,North
2025-07-08,Shipped,3227,47512.00,Central
2025-05-16,Shipped,1801,72586.00,North
2024-10-11,Shipped,3419,82770.00,Central
2026-05-17,Shipped,804,2131.00,Central
2025-11-20,Shipped,743,62307.00,North
2025-09-12,Shipped,2570,71235.00,Central
2024-12-14,Shipped,3706,7212.00,Central
2026-05-11,Shipped,3595,64308.00,North
2024-05-07,Shipped,3880,75400.00,Central
2025-08-25,Shipped,4097,64536.00,South
2025-07-28,Shipped,4788,31788.00,Central
2024-04-05,Shipped,2503,18372.00,South
2025-04-04,Shipped,1148,44771.00,Central
2024-12-19,Shipped,2406,22427.00,West
2025-01-09,Shipped,1770,37065.00,West
2025-02-24,Shipped,3286,79208.00,North
2024-12-23,Shipped,3067,88337.00,Central
2025-07-15,Shipped,2173,78379.00,North
2024-10-14,Shipped,4801,23674.00,West
2024-03-15,Shipped,167,23815.00,East
2025-04-16,Shipped,4483,59869.00,East
2025-03-30,Shipped,3024,14727.00,Central
2025-12-12,Shipped,1928,29754.00,North
2025-08-20,Shipped,4063,29118.00,North
2025-09-18,Shipped,416,13525.00,North
2024-11-13,Shipped,1819,86332.00,Central
2025-12-11,Shipped,3834,70227.00,North
2025-02-14,Shipped,968,73300.00,North
2026-01-08,Shipped,3981,59241.00,Central
2024-01-03,Shipped,2045,24108.00,Central
2024-11-28,Shipped,666,39282.00,West
2025-08-04,Shipped,2907,63198.00,Central
2024-12-10,Shipped,3629,63967.00,Central
2025-01-20,Shipped,509,56246.00,South
2024-04-22,Shipped,2460,24518.00,South
2025-03-27,Shipped,3148,59195.00,West
2025-02-18,Shipped,1320,4962.00,Central
2025-05-07,Shipped,4601,69883.00,Central
2025-07-28,Shipped,4271,61745.00,Central
2024-11-10,Shipped,1971,65526.00,East
2026-02-06,Shipped,1591,78303.00,East
2024-02-13,Shipped,1308,94442.00,North
2025-02-08,Shipped,2890,26265.00,East
2025-10-24,Shipped,972,32716.00,Central
2024-09-07,Shipped,832,82972.00,East
2025-04-23,Shipped,2984,24763.00,North
2025-12-15,Shipped,1657,93909.00,Central
2024-09-23,Shipped,334,48573.00,North
2026-02-28,Shipped,935,45506.00,Central
2025-09-07,Shipped,4090,94109.00,East
2024-08-28,Shipped,2106,18947.00,West
2024-10-06,Shipped,1163,78474.00,Central
2026-04-22,Shipped,4893,86197.00,East
2025-10-25,Shipped,3071,97138.00,South
2025-06-15,Shipped,3089,70471.00,East
2024-02-22,Shipped,4319,12301.00,Central
2025-12-10,Shipped,3063,34035.00,Central
2024-07-17,Shipped,1500,94540.00,North
2024-05-30,Shipped,3691,10046.00,East
2024-10-11,Shipped,2608,24452.00,Central
2026-03-05,Shipped,3561,56713.00,Central
2025-03-28,Shipped,185,1327.00,West
2026-04-19,Shipped,4586,89162.00,South
2024-02-29,Shipped,4827,18179.00,South
2025-02-18,Shipped,4052,30233.00,North
2024-04-08,Shipped,1404,93706.00,South
2024-02-08,Shipped,3775,94342.00,Central
2024-07-22,Shipped,1537,90607.00,Central
2024-03-19,Shipped,1567,3502.00,West
2025-11-09,Shipped,1771,31081.00,South
2024-11-11,Shipped,1917,54269.00,North
2024-10-28,Shipped,3046,39850.00,Central
2024-02-05,Shipped,397,15810.00,South
2026-05-12,Shipped,2224,4324.00,Central
2024-03-08,Shipped,1534,53463.00,Central
2025-08-17,Shipped,4378,7978.00,Central
2025-06-02,Shipped,2563,48934.00,North
2026-04-24,Shipped,240,22846.00,Central
2024-08-04,Shipped,3894,74475.00,Central
2025-11-21,Shipped,3970,16869.00,East
2024-03-28,Shipped,2800,5121.00,South
2024-11-14,Shipped,921,28630.00,North
2024-02-21,Shipped,453,87575.00,East
2024-02-14,Shipped,1535,57768.00,Central
2024-12-13,Shipped,2354,95077.00,East
2024-01-20,Shipped,595,80968.00,Central
2024-05-17,Shipped,129,42326.00,North
2025-03-01,Shipped,3788,55580.00,Central
2025-04-14,Shipped,485,35215.00,Central
2024-11-11,Shipped,2931,60930.00,East
2024-02-29,Shipped,4915,8090.00,West
2025-11-26,Shipped,3505,46268.00,Central
2024-09-21,Shipped,2354,5094.00,Central
2025-06-28,Shipped,2797,91159.00,South
2026-01-18,Shipped,1945,45970.00,North
2026-05-04,Shipped,686,96143.00,North
2024-12-30,Shipped,1670,18276.00,South
2024-12-31,Shipped,834,11639.00,Central
2024-12-17,Shipped,2305,98976.00,West
2024-07-05,Shipped,97,60462.00,Central
2024-12-14,Shipped,725,85076.00,Central
2024-11-18,Shipped,2569,377.00,Central
2024-05-19,Shipped,3967,4870.00,South
2024-07-19,Shipped,3984,41608.00,North
2026-03-06,Shipped,4637,82502.00,Central
2026-04-05,Shipped,4287,18614.00,Central
2025-01-21,Shipped,3706,47395.00,Central
2024-11-16,Shipped,1228,1838.00,Central
2025-07-09,Shipped,4669,9384.00,East
2025-01-23,Shipped,445,1938.00,Central
2025-11-03,Shipped,3043,88444.00,North
2026-05-17,Shipped,2880,7970.00,East
2025-08-19,Shipped,2726,73676.00,East
2025-06-12,Shipped,1346,34267.00,North
2024-09-13,Shipped,2856,49376.00,North
2025-06-03,Shipped,2846,69908.00,Central
2024-02-03,Shipped,3987,22590.00,Central
2024-03-29,Shipped,4053,52612.00,West
2025-06-20,Shipped,104,31844.00,Central
2024-01-27,Shipped,1044,80974.00,Central
2024-10-10,Shipped,4016,70508.00,North
2026-02-14,Shipped,4594,8158.00,North
2024-04-09,Shipped,3643,8020.00,East
2025-03-13,Shipped,2502,38025.00,West
2025-07-25,Shipped,3931,57897.00,South
2025-01-11,Shipped,839,10025.00,Central
2025-08-21,Shipped,3685,74411.00,West
2026-05-02,Shipped,1464,42391.00,Central
2026-02-13,Shipped,1444,39834.00,North
2026-05-05,Shipped,2599,16841.00,Central
2026-02-03,Shipped,3889,67781.00,East
2024-04-03,Shipped,1148,94559.00,Central
2026-05-21,Shipped,4141,93401.00,South
2025-10-23,Shipped,4282,73682.00,Central
2025-12-07,Shipped,507,86900.00,Central
2024-10-01,Shipped,1711,70621.00,North
2025-08-11,Shipped,4919,88123.00,Central
2025-11-19,Shipped,4291,73179.00,South
2025-08-30,Shipped,4183,76862.00,Central
2025-04-03,Shipped,2571,39662.00,South
2024-01-14,Shipped,2175,60582.00,East
2026-03-26,Shipped,3821,66417.00,Central
2025-02-21,Shipped,2869,51241.00,North
2025-02-26,Shipped,2267,52602.00,West
2024-06-09,Shipped,3300,97516.00,Central
2025-10-24,Shipped,3370,68013.00,South
2025-10-20,Shipped,4485,55634.00,Central
2024-06-13,Shipped,2605,6251.00,South
2025-06-14,Shipped,424,88785.00,North
2024-12-25,Shipped,1115,14560.00,North
2025-11-12,Shipped,3169,52291.00,Central
2025-10-16,Shipped,3192,75819.00,Central
2024-11-19,Shipped,1361,60708.00,North
2026-02-07,Shipped,960,43168.00,East
2024-04-27,Shipped,2685,97674.00,Central
2024-04-29,Shipped,367,44143.00,Central
2024-07-19,Shipped,803,30113.00,Central
2024-04-07,Shipped,1331,32914.00,Central
2024-02-27,Shipped,2850,1423.00,Central
2024-07-02,Shipped,1744,81898.00,Central
2026-04-23,Shipped,213,14047.00,West
2025-03-20,Shipped,1863,19713.00,Central
2026-01-02,Shipped,3750,56479.00,North
2024-08-02,Shipped,2721,79595.00,West
2024-10-02,Shipped,1220,66914.00,East
2026-04-05,Shipped,4134,41090.00,West
2025-07-13,Shipped,2811,92553.00,Central
2024-06-05,Shipped,2644,44441.00,Central
2024-03-31,Shipped,3776,43313.00,Central
2026-04-12,Shipped,353,96726.00,North
2026-01-10,Shipped,171,89398.00,West
2025-10-04,Shipped,961,3581.00,South
2025-02-05,Shipped,4352,2997.00,Central
2024-10-28,Shipped,1088,419.00,Central
2025-10-01,Shipped,3562,95901.00,North
2024-10-16,Shipped,542,55150.00,Central
2024-09-10,Shipped,1292,85402.00,East
2025-01-23,Shipped,461,67253.00,North
2025-09-17,Shipped,2348,39681.00,West
2026-03-03,Shipped,333,42346.00,South
2024-11-07,Shipped,1871,98938.00,West
2025-12-11,Shipped,4380,85766.00,Central
2025-10-26,Shipped,3546,72634.00,Central
2024-05-02,Shipped,3006,73171.00,Central
2024-02-06,Shipped,4832,71050.00,East
2024-09-19,Shipped,2437,26317.00,East
2025-10-31,Shipped,2933,81002.00,North
2025-07-21,Shipped,393,21586.00,Central
2024-03-12,Shipped,1583,25372.00,Central
2024-06-04,Shipped,304,59435.00,Central
2024-07-31,Shipped,1934,96356.00,Central
2024-10-22,Shipped,4523,67476.00,North
2024-12-24,Shipped,3771,43165.00,South
2024-11-24,Shipped,2566,21723.00,Central
2024-05-22,Shipped,2457,16669.00,East
2024-07-16,Shipped,530,56039.00,South
2024-07-28,Shipped,1630,45547.00,West
2024-10-29,Shipped,2865,26472.00,Central
2024-09-18,Shipped,2706,23150.00,North
2024-05-27,Shipped,4271,31895.00,East
2025-12-23,Shipped,3290,13203.00,North
2026-01-01,Shipped,3551,26181.00,East
2025-10-26,Shipped,112,87621.00,East
2026-03-13,Shipped,887,43737.00,East
2025-12-22,Shipped,1460,17408.00,West
2024-06-28,Shipped,3061,78233.00,North
2024-03-01,Shipped,1031,3536.00,West
2024-12-12,Shipped,4172,86282.00,Central
2024-08-02,Shipped,3149,51831.00,South
2024-05-24,Shipped,3818,97649.00,Central
2024-08-01,Shipped,709,94768.00,West
2025-12-23,Shipped,641,74546.00,Central
2026-01-23,Shipped,3576,28087.00,North
2025-08-24,Shipped,2848,62520.00,West
2024-03-13,Shipped,576,69305.00,North
2024-06-25,Shipped,2046,13696.00,West
2025-03-12,Shipped,3727,31024.00,North
2024-07-22,Shipped,1951,17552.00,Central
2026-05-15,Shipped,2394,41119.00,South
2025-02-24,Shipped,1329,81343.00,North
2026-01-28,Shipped,4214,19866.00,North
2026-05-25,Shipped,4832,12178.00,Central
2024-03-08,Shipped,4695,72357.00,Central
2025-01-06,Shipped,4554,59128.00,Central
2026-03-16,Shipped,4934,85690.00,West
2024-04-25,Shipped,1567,41138.00,West
2025-03-12,Shipped,3101,38973.00,West
2025-05-06,Shipped,3412,8454.00,Central
2025-05-06,Shipped,3287,36526.00,Central
2025-12-06,Shipped,4911,18504.00,Central
2025-08-17,Shipped,4564,93222.00,South
2024-06-05,Shipped,581,78852.00,South
2025-12-27,Shipped,4404,37471.00,West
2025-09-10,Shipped,1383,97575.00,Central
2024-09-02,Shipped,528,42970.00,Central
2025-04-30,Shipped,4080,18104.00,Central
2024-12-25,Shipped,2109,79913.00,North
2024-09-24,Shipped,2340,62700.00,East
2025-09-21,Shipped,769,71833.00,Central
2025-02-08,Shipped,4824,12001.00,North
2024-04-03,Shipped,643,47216.00,Central
2024-07-19,Shipped,3918,76419.00,North
2024-09-02,Shipped,3495,9981.00,Central
2024-02-18,Shipped,2985,75966.00,Central
2025-04-29,Shipped,2268,58547.00,South
2025-06-24,Shipped,812,14198.00,North
2025-04-21,Shipped,4411,82071.00,Central
2026-05-05,Shipped,2296,20882.00,North
2025-01-17,Shipped,984,14229.00,Central
2024-10-04,Shipped,2825,48028.00,North
2025-02-02,Shipped,4866,59750.00,East
2026-01-14,Shipped,1218,83012.00,Central
2025-03-20,Shipped,2263,6841.00,Central
2024-02-24,Shipped,1932,57252.00,East
2024-06-15,Shipped,1929,36871.00,North
2025-03-31,Shipped,3061,58009.00,Central
2026-01-08,Shipped,3341,11495.00,Central
2025-08-02,Shipped,2912,6629.00,East
2026-03-31,Shipped,152,7138.00,Central
2024-10-25,Shipped,873,30599.00,North
2024-02-02,Shipped,3821,50869.00,North
2025-08-09,Shipped,2752,76069.00,Central
2025-12-10,Shipped,2433,83358.00,West
2025-09-22,Shipped,4459,8790.00,North
2026-04-23,Shipped,485,12032.00,Central
2025-02-26,Shipped,2761,13583.00,Central
2025-12-15,Shipped,3034,41870.00,South
2025-02-27,Shipped,4022,45415.00,East
2026-05-02,Shipped,2421,9397.00,Central
2025-11-27,Shipped,2343,11402.00,East
2025-08-23,Shipped,1889,76778.00,North
2025-11-07,Shipped,2591,93542.00,Central
2025-12-30,Shipped,3582,82351.00,North
2024-01-28,Shipped,4595,67034.00,Central
2026-05-03,Shipped,4378,77388.00,Central
2024-03-12,Shipped,2648,72197.00,Central
2025-08-24,Shipped,3553,78652.00,Central
2024-11-25,Shipped,4323,67422.00,West
2024-12-23,Shipped,729,71265.00,South
2025-10-12,Shipped,946,62701.00,South
2024-02-21,Shipped,3946,92217.00,Central
2026-02-17,Shipped,181,32684.00,North
2024-11-08,Shipped,393,37230.00,South
2026-03-08,Shipped,750,87406.00,North
2025-11-24,Shipped,1202,57509.00,East
2024-03-02,Shipped,2810,28879.00,Central
2026-01-19,Shipped,1576,8704.00,South
2024-09-25,Shipped,2576,3044.00,South
2024-05-26,Shipped,1168,59437.00,North
2025-03-03,Shipped,2958,53095.00,East
2025-10-25,Shipped,238,92066.00,Central
2026-04-24,Shipped,68,58230.00,Central
2025-03-02,Shipped,4520,73742.00,Central
2026-01-18,Shipped,1923,52715.00,Central
2024-07-04,Shipped,1096,78570.00,Central
2024-07-10,Shipped,2568,10835.00,West
2024-06-17,Shipped,1730,92168.00,South
2024-04-16,Shipped,911,85939.00,West
2025-10-26,Shipped,2314,48353.00,North
2024-03-08,Shipped,1447,10615.00,Central
2025-09-11,Shipped,1667,72174.00,South
2024-07-30,Shipped,3937,40206.00,West
2025-10-12,Shipped,4602,94723.00,South
2024-03-21,Shipped,4542,65040.00,Central
2026-04-28,Shipped,527,48163.00,East
2026-01-12,Shipped,2979,12620.00,South
2024-11-28,Shipped,3137,84371.00,West
2025-09-01,Shipped,2080,18074.00,Central
2024-10-03,Shipped,4731,4554.00,Central
2025-11-22,Shipped,1408,30842.00,West
2025-05-12,Shipped,716,47170.00,Central
2025-10-03,Shipped,1509,11429.00,South
2026-02-15,Shipped,890,53630.00,North
2026-04-10,Shipped,1081,5055.00,South
2025-11-25,Shipped,1871,21356.00,North
2024-10-17,Shipped,4344,9427.00,Central
2024-12-13,Shipped,4548,76513.00,West
2024-09-29,Shipped,2192,16342.00,Central
2024-09-05,Shipped,4399,61650.00,South
2024-10-27,Shipped,4023,38406.00,Central
2024-06-21,Shipped,3667,64073.00,Central
2024-08-16,Shipped,3036,43827.00,North
2025-08-16,Shipped,1427,97636.00,Central
2025-09-24,Shipped,1155,46318.00,North
2024-11-06,Shipped,1322,37422.00,South
2025-11-10,Shipped,4115,21353.00,West
2025-07-14,Shipped,2621,90582.00,South
2026-01-30,Shipped,3369,29139.00,Central
2026-04-09,Shipped,2457,97020.00,Central
2024-09-30,Shipped,4644,48296.00,South
2025-05-15,Shipped,1646,71863.00,Central
2025-05-25,Shipped,4485,43925.00,Central
2025-01-21,Shipped,2470,65651.00,Central
2025-08-18,Shipped,1351,74883.00,East
2026-02-18,Shipped,2701,89981.00,Central
2024-08-12,Shipped,4271,79637.00,Central
2024-09-12,Shipped,166,6565.00,North
2025-06-07,Shipped,592,51456.00,Central
2024-10-03,Shipped,3504,60438.00,East
2024-03-17,Shipped,4075,78827.00,West
2025-05-23,Shipped,226,99098.00,Central
2025-07-08,Shipped,290,91472.00,West
2026-05-21,Shipped,3103,61372.00,West
2024-10-26,Shipped,3814,72758.00,South
2025-08-19,Shipped,3911,7665.00,Central
2024-06-17,Shipped,920,96676.00,Central
2025-04-29,Shipped,1639,40763.00,West
2024-02-12,Shipped,2399,74752.00,Central
2025-02-02,Shipped,2165,6193.00,Central
2024-12-15,Shipped,3294,94909.00,West
2024-06-12,Shipped,3528,6512.00,South
2024-08-10,Shipped,2113,12218.00,Central
2024-07-03,Shipped,3939,73267.00,Central
2026-01-18,Shipped,1245,25462.00,East
2024-08-12,Shipped,4288,81418.00,West
2026-01-21,Shipped,2343,20695.00,North
2025-12-21,Shipped,4669,89773.00,West
2024-07-05,Shipped,1494,26475.00,North
2025-01-25,Shipped,3200,65709.00,Central
2025-06-16,Shipped,589,86907.00,South
2025-11-06,Shipped,3002,74506.00,North
2024-12-24,Shipped,4252,30901.00,North
2025-11-04,Shipped,2955,95937.00,Central
2026-01-28,Shipped,2356,3107.00,Central
2026-03-23,Shipped,3803,95861.00,East
2025-08-10,Shipped,978,77977.00,Central
2024-10-07,Shipped,1140,80013.00,South
2026-01-26,Shipped,4665,67444.00,Central
2025-11-16,Shipped,3758,21113.00,West
2024-01-07,Shipped,1550,5038.00,Central
2024-06-26,Shipped,3897,62448.00,Central
2024-12-05,Shipped,64,28716.00,West
2024-03-30,Shipped,1683,87123.00,East
2026-04-29,Shipped,2590,95631.00,North
2024-10-01,Shipped,1508,65211.00,Central
2026-04-01,Shipped,4900,53769.00,Central
2024-03-17,Shipped,4917,14876.00,Central
2026-01-29,Shipped,3597,34664.00,West
2025-06-20,Shipped,806,45227.00,Central
2026-03-27,Shipped,4467,92434.00,Central
2024-10-03,Shipped,1666,59981.00,North
2025-02-04,Shipped,4867,48409.00,Central
2024-11-14,Shipped,1312,6184.00,Central
2024-02-24,Shipped,2649,20168.00,Central
2025-07-04,Shipped,4044,97046.00,North
2024-12-03,Shipped,1261,69205.00,Central
2024-10-20,Shipped,1634,62970.00,Central
2024-07-25,Shipped,1258,72362.00,West
2026-01-18,Shipped,3579,35391.00,West
2024-09-20,Shipped,3317,57133.00,North
2024-05-21,Shipped,2875,59310.00,Central
2026-04-07,Shipped,2100,57128.00,East
2026-04-09,Shipped,559,56477.00,Central
2025-07-03,Shipped,2761,43270.00,Central
2025-01-18,Shipped,1494,21660.00,North
2025-09-03,Shipped,3520,52198.00,Central
2025-09-21,Shipped,2130,75802.00,Central
2025-09-20,Shipped,3982,40976.00,Central
2025-01-07,Shipped,2947,79153.00,East
2026-01-15,Shipped,674,59910.00,West
2025-07-08,Shipped,569,89672.00,South
2024-08-03,Shipped,540,16229.00,South
2024-12-30,Shipped,4451,3133.00,East
2025-05-30,Shipped,2116,23213.00,Central
2024-08-17,Shipped,3351,51993.00,Central
2025-05-22,Shipped,4170,42493.00,South
2026-04-09,Shipped,25,77554.00,South
2024-05-18,Shipped,4073,31956.00,Central
2024-06-10,Shipped,2705,75763.00,North
2025-01-17,Shipped,1200,33361.00,Central
2026-01-26,Shipped,1429,38427.00,Central
2025-07-22,Shipped,555,23534.00,Central
2025-08-08,Shipped,1646,23043.00,Central
2026-04-06,Shipped,3279,58602.00,South
2025-10-30,Shipped,2833,54075.00,Central
2026-03-01,Shipped,1789,50566.00,South
2026-05-10,Shipped,839,61843.00,Central
2025-04-29,Shipped,3686,73552.00,North
2024-07-29,Shipped,1691,41290.00,East
2024-07-27,Shipped,3754,61393.00,South
2024-06-30,Shipped,1529,24116.00,Central
2024-10-28,Shipped,644,3342.00,East
2025-08-25,Shipped,681,85408.00,South
2025-10-07,Shipped,1241,26207.00,Central
2025-06-06,Shipped,2974,61499.00,North
2025-02-26,Shipped,3201,18670.00,North
2024-06-07,Shipped,1528,72971.00,South
2025-04-12,Shipped,3059,39019.00,Central
2025-02-23,Shipped,1600,88134.00,South
2025-09-09,Shipped,4256,45522.00,South
2026-02-21,Shipped,4832,39353.00,North
2024-03-13,Shipped,2981,38930.00,Central
2025-12-09,Shipped,3746,32361.00,Central
2024-11-26,Shipped,4076,93475.00,North
2024-05-06,Shipped,3467,26978.00,Central
2025-01-04,Shipped,964,83910.00,North
2026-01-28,Shipped,3357,26877.00,North
2025-08-31,Shipped,179,94458.00,Central
2024-02-03,Shipped,362,16400.00,West
2024-02-06,Shipped,750,88377.00,Central
2025-12-19,Shipped,493,91559.00,North
2024-01-11,Shipped,3107,35593.00,South
2025-04-14,Shipped,4223,12034.00,Central
2025-05-27,Shipped,247,51082.00,North
2025-07-19,Shipped,3701,46262.00,North
2025-06-16,Shipped,4076,63311.00,East
2024-09-05,Shipped,4276,69699.00,Central
2025-12-19,Shipped,4629,5285.00,West
2025-09-07,Shipped,279,53031.00,Central
2024-02-24,Shipped,1835,53722.00,Central
2025-06-12,Shipped,359,56083.00,North
2026-03-22,Shipped,2559,24492.00,South
2024-06-25,Shipped,3234,9819.00,North
2024-04-21,Shipped,2663,19350.00,Central
2026-03-13,Shipped,895,28555.00,Central
2026-03-28,Shipped,4428,89982.00,East
2026-05-02,Shipped,4483,78342.00,West
2026-04-30,Shipped,2211,89538.00,Central
2024-12-27,Shipped,4360,84105.00,West
2025-02-11,Shipped,2050,78067.00,Central
2024-02-26,Shipped,1767,88841.00,West
2026-05-14,Shipped,1905,81986.00,North
2025-10-17,Shipped,413,57112.00,West
2024-04-21,Shipped,910,20012.00,Central
2025-07-15,Shipped,2268,57750.00,Central
2024-06-06,Shipped,2486,65646.00,West
2026-01-01,Shipped,684,83025.00,East
2025-06-04,Shipped,736,81415.00,West
2024-07-01,Shipped,315,50439.00,North
2025-06-16,Shipped,3757,11147.00,North
2025-07-17,Shipped,2112,37181.00,North
2024-09-02,Shipped,195,56330.00,Central
2025-06-01,Shipped,342,4063.00,South
2025-12-02,Shipped,4411,10363.00,East
2024-03-03,Shipped,1044,39045.00,Central
2024-01-05,Shipped,1092,79663.00,Central
2024-04-27,Shipped,4099,41009.00,East
2025-05-10,Shipped,589,22139.00,Central
2025-02-04,Shipped,4478,33070.00,South
2025-11-12,Shipped,4967,52561.00,North
2025-12-26,Shipped,1485,70234.00,South
2024-06-15,Shipped,4687,77419.00,Central
2025-09-13,Shipped,3248,5663.00,South
2025-02-26,Shipped,3632,92725.00,North
2026-01-05,Shipped,1279,21793.00,West
2025-03-27,Shipped,3395,90172.00,North
2024-03-22,Shipped,4128,37036.00,Central
2025-08-31,Shipped,107,5195.00,North
2025-02-11,Shipped,2009,9707.00,South
2025-12-15,Shipped,4349,83485.00,South
2025-06-23,Shipped,2261,75260.00,East
2025-11-10,Shipped,3226,11536.00,East
2024-04-22,Shipped,4505,27881.00,Central
2024-04-17,Shipped,4950,54928.00,Central
2026-03-20,Shipped,2757,90372.00,South
2024-09-18,Shipped,1097,5362.00,South
2024-03-20,Shipped,2986,58189.00,South
2026-03-13,Shipped,4291,85444.00,North
2026-04-17,Shipped,2464,88138.00,West
2024-04-26,Shipped,456,73529.00,East
2025-12-25,Shipped,55,13290.00,East
2026-04-16,Shipped,2041,13459.00,East
2025-07-29,Shipped,2941,78923.00,West
2024-04-08,Shipped,838,91775.00,Central
2024-06-11,Shipped,3780,97380.00,South
2024-08-14,Shipped,1870,23225.00,North
2024-12-26,Shipped,2158,55122.00,North
2024-11-22,Shipped,18,15283.00,Central
2025-01-07,Shipped,4562,70870.00,North
2024-09-25,Shipped,3093,22240.00,North
2026-02-04,Shipped,637,75096.00,Central
2024-04-19,Shipped,2431,47497.00,Central
2025-08-07,Shipped,3717,32038.00,West
2025-12-21,Shipped,1493,29073.00,South
2024-10-24,Shipped,483,53405.00,East
2025-03-04,Shipped,2945,62687.00,Central
2026-03-28,Shipped,3672,13670.00,West
2026-01-02,Shipped,779,13846.00,East
2025-06-04,Shipped,1076,35062.00,West
2024-04-09,Shipped,4706,36489.00,East
2026-04-26,Shipped,2588,999.00,East
2025-12-19,Shipped,4880,73144.00,Central
2024-12-16,Shipped,4610,17442.00,Central
2024-01-02,Shipped,2299,42053.00,South
2024-06-15,Shipped,491,97961.00,Central
2024-07-07,Shipped,4325,75300.00,Central
2025-12-05,Shipped,3075,30701.00,North
2024-08-21,Shipped,2132,64693.00,East
2026-04-30,Shipped,3483,26810.00,Central
2025-06-22,Shipped,2030,85695.00,East
2026-01-05,Shipped,259,36527.00,Central
2025-07-30,Shipped,2455,46161.00,North
2024-06-26,Shipped,3084,62445.00,South
2024-05-21,Shipped,446,65731.00,North
2024-03-30,Shipped,3397,14937.00,North
2025-07-17,Shipped,2808,94122.00,East
2026-05-04,Shipped,1948,15906.00,North
2024-09-19,Shipped,1443,78709.00,North
2026-03-20,Shipped,474,9810.00,Central
2026-02-25,Shipped,98,66505.00,North
2025-04-08,Shipped,255,90727.00,West
2025-11-22,Shipped,4945,12978.00,East
2024-12-10,Shipped,2473,43315.00,North
2025-06-29,Shipped,221,83199.00,Central
2025-04-22,Shipped,2159,92995.00,Central
2024-12-12,Shipped,1721,58141.00,North
2024-11-23,Shipped,4904,13767.00,East
2024-05-17,Shipped,4887,13515.00,North
2025-06-25,Shipped,1450,89053.00,Central
2025-05-04,Shipped,598,38987.00,Central
2026-04-30,Shipped,688,57910.00,West
2024-05-07,Shipped,4299,3838.00,West
2024-07-14,Shipped,751,89733.00,North
2025-04-09,Shipped,4467,66287.00,North
2025-06-11,Shipped,2064,55152.00,Central
2025-06-22,Shipped,647,96284.00,North
2025-04-04,Shipped,2876,84555.00,North
2026-01-13,Shipped,674,82141.00,North
2024-05-06,Shipped,2152,98410.00,Central
2024-08-09,Shipped,3741,146.00,South
2026-04-01,Shipped,2094,16588.00,Central
2024-11-01,Shipped,2581,76959.00,North
2024-09-20,Shipped,2215,83533.00,Central
2024-09-13,Shipped,4266,89130.00,Central
2024-03-01,Shipped,936,23293.00,North
2025-05-18,Shipped,2861,41349.00,Central
2025-07-03,Shipped,264,80779.00,South
2024-06-09,Shipped,1450,95907.00,Central
2024-05-18,Shipped,2866,369.00,East
2024-06-10,Shipped,2828,78647.00,Central
2024-08-05,Shipped,1918,40452.00,Central
2024-09-11,Shipped,4886,37105.00,North
2025-08-09,Shipped,115,90111.00,North
2025-05-17,Shipped,4927,51965.00,South
2024-02-12,Shipped,247,22157.00,South
2024-07-05,Shipped,2013,53877.00,West
2025-08-22,Shipped,1227,16341.00,Central
2026-02-17,Shipped,3092,17835.00,West
2025-04-12,Shipped,2000,80075.00,South
2024-01-04,Shipped,3890,2055.00,Central
2024-08-01,Shipped,2795,37669.00,North
2026-04-28,Shipped,2599,83975.00,North
2025-11-04,Shipped,3541,70227.00,Central
2025-04-23,Shipped,4044,8028.00,South
2025-01-30,Shipped,826,78521.00,Central
2025-01-09,Shipped,2856,13453.00,South
2025-10-08,Shipped,4084,41457.00,Central
2025-04-15,Shipped,3295,76559.00,Central
2024-04-30,Shipped,2440,9727.00,Central
2024-07-15,Shipped,475,45164.00,South
2025-05-07,Shipped,716,96757.00,North
2024-06-20,Shipped,1100,67888.00,North
2026-04-12,Shipped,2748,10485.00,North
2025-06-21,Shipped,1279,17383.00,West
2026-04-21,Shipped,2714,94165.00,South
2025-03-06,Shipped,4082,22771.00,Central
2026-05-06,Shipped,2854,20998.00,North
2026-01-22,Shipped,606,82955.00,South
2024-08-24,Shipped,3574,5916.00,Central
2025-03-02,Shipped,3558,64830.00,Central
2025-09-01,Shipped,375,12086.00,North
2025-05-07,Shipped,3572,39047.00,Central
2025-06-28,Shipped,181,16475.00,Central
2024-09-08,Shipped,862,21529.00,East
2025-02-26,Shipped,781,89353.00,North
2026-05-01,Shipped,2599,61502.00,West
2025-04-13,Shipped,1341,94314.00,Central
2025-07-11,Shipped,3806,66736.00,Central
2025-11-13,Shipped,1797,53577.00,Central
2026-05-23,Shipped,2798,28706.00,South
2026-03-04,Shipped,2829,48805.00,East
2025-02-14,Shipped,2782,10721.00,Central
2024-05-16,Shipped,820,93002.00,Central
2026-04-28,Shipped,4208,90664.00,South
2024-02-11,Shipped,1958,14518.00,Central
2025-11-07,Shipped,1362,10799.00,North
2025-08-09,Shipped,2413,50062.00,Central
2025-03-29,Shipped,158,25255.00,West
2024-06-06,Shipped,740,78315.00,North
2025-03-13,Shipped,3146,14096.00,Central
2024-04-27,Shipped,1881,26249.00,Central
2025-10-21,Shipped,4707,67501.00,Central
2025-01-02,Shipped,3166,51800.00,South
2025-03-08,Shipped,3029,36040.00,Central
2025-10-29,Shipped,347,92275.00,Central
2024-10-16,Shipped,1339,76957.00,Central
2025-06-10,Shipped,2582,7669.00,East
2025-04-15,Shipped,1152,63112.00,North
2025-05-01,Shipped,3104,12377.00,South
2025-03-21,Shipped,1462,54232.00,West
2025-06-19,Shipped,3686,46623.00,North
2024-05-28,Shipped,1177,42336.00,Central
2024-01-03,Shipped,2358,56391.00,North
2025-08-27,Shipped,3791,96018.00,East
2026-03-28,Shipped,120,60389.00,North
2026-05-13,Shipped,4413,14014.00,South
2025-01-08,Shipped,692,9580.00,South
2024-08-02,Shipped,1753,15313.00,North
2024-06-11,Shipped,4135,2531.00,West
2025-04-03,Shipped,1509,77487.00,Central
2025-12-04,Shipped,218,64852.00,Central
2025-12-30,Shipped,3522,47816.00,West
2024-04-08,Shipped,1992,33440.00,Central
2024-03-03,Shipped,3307,80235.00,West
2025-05-05,Shipped,3684,751.00,South
2024-04-15,Shipped,1402,79785.00,North
2024-06-25,Shipped,1222,60281.00,North
2025-02-21,Shipped,3813,97288.00,North
2025-09-23,Shipped,3904,75362.00,North
2025-12-12,Shipped,3249,43697.00,West
2025-07-14,Shipped,4613,27508.00,East
2025-10-12,Shipped,1626,34698.00,East
2024-06-22,Shipped,4584,94610.00,North
2025-08-24,Shipped,394,44480.00,North
2026-03-14,Shipped,1022,91756.00,East
2025-12-14,Shipped,1955,23971.00,West
2026-05-25,Shipped,1027,52733.00,Central
2024-08-25,Shipped,3303,75684.00,Central
2025-07-08,Shipped,959,46398.00,South
2024-11-04,Shipped,1660,49027.00,Central
2024-12-08,Shipped,1326,67997.00,Central
2025-05-19,Shipped,3580,50164.00,Central
2025-06-25,Shipped,3059,35511.00,Central
2025-03-05,Shipped,4702,27695.00,Central
2025-01-24,Shipped,3127,97590.00,West
2025-02-25,Shipped,2890,25396.00,North
2024-04-06,Shipped,4700,94656.00,West
2025-09-21,Shipped,3800,48803.00,North
2025-02-08,Shipped,2109,31982.00,Central
2026-03-12,Shipped,33,40351.00,South
2026-02-24,Shipped,3039,65721.00,South
2024-12-30,Shipped,539,49994.00,East
2025-04-07,Shipped,4368,11743.00,North
2024-09-20,Shipped,1093,26846.00,Central
2024-06-16,Shipped,2397,19414.00,Central
2024-07-30,Shipped,2477,26318.00,South
2025-04-26,Shipped,4565,14133.00,Central
2026-02-24,Shipped,1447,31053.00,South
2025-02-08,Shipped,1631,87346.00,Central
2025-06-04,Shipped,215,56638.00,Central
2024-01-15,Shipped,4016,31926.00,South
2025-03-30,Shipped,1039,3637.00,North
2025-03-21,Shipped,3061,92619.00,Central
2026-01-07,Shipped,2241,56455.00,East
2025-12-19,Shipped,2257,20919.00,Central
2025-07-22,Shipped,2975,44399.00,South
2026-01-02,Shipped,4103,62728.00,North
2024-03-31,Shipped,242,86296.00,North
2024-11-21,Shipped,128,47731.00,North
2025-11-17,Shipped,2907,67417.00,Central
2024-07-17,Shipped,1300,988.00,Central
2025-07-25,Shipped,3281,88761.00,North
2024-04-03,Shipped,4919,32651.00,North
2025-01-10,Shipped,4860,5664.00,Central
2025-12-07,Shipped,1018,20333.00,North
2024-04-19,Shipped,4282,21855.00,Central
2024-07-31,Shipped,858,35311.00,East
2026-04-27,Shipped,2572,80060.00,Central
2026-04-18,Shipped,4184,56454.00,South
2025-11-19,Shipped,1089,98802.00,Central
2025-09-19,Shipped,4292,45716.00,South
2024-12-15,Shipped,834,70402.00,South
2026-02-16,Shipped,1815,46024.00,South
2026-01-17,Shipped,4715,82902.00,East
2025-06-09,Shipped,3913,57304.00,West
2025-08-21,Shipped,3804,76255.00,Central
2024-09-28,Shipped,2027,7447.00,South
2025-11-28,Shipped,2165,45791.00,West
2025-02-28,Shipped,2276,61261.00,Central
2024-10-09,Shipped,205,98486.00,North
2024-01-01,Shipped,4261,5888.00,East
2024-08-24,Shipped,3758,61430.00,Central
2026-05-19,Shipped,4162,38418.00,East
2025-05-20,Shipped,911,64338.00,West
2025-06-24,Shipped,4590,89885.00,Central
2025-06-07,Shipped,3227,52932.00,Central
2026-01-11,Shipped,4880,39964.00,Central
2025-04-25,Shipped,1360,16457.00,South
2025-07-16,Shipped,3275,40133.00,Central
2024-01-19,Shipped,3270,93987.00,South
2025-06-27,Shipped,94,40149.00,North
2024-10-19,Shipped,1361,84974.00,East
2025-05-12,Shipped,3647,72693.00,Central
2025-08-25,Shipped,2451,81378.00,East
2024-07-05,Shipped,895,39902.00,East
2025-08-22,Shipped,4104,64637.00,Central
2025-03-28,Shipped,879,22438.00,North
2025-04-30,Shipped,579,39462.00,Central
2025-03-21,Shipped,2588,6158.00,South
2024-06-18,Shipped,4372,68689.00,East
2026-02-06,Shipped,2907,6267.00,Central
2024-09-11,Shipped,289,55282.00,Central
2024-02-04,Shipped,4251,23326.00,Central
2026-03-04,Shipped,4329,37177.00,North
2025-12-26,Shipped,2848,54757.00,Central
2025-08-24,Shipped,1842,8906.00,Central
2024-01-16,Shipped,24,4967.00,North
2025-01-16,Shipped,3574,69934.00,Central
2025-10-22,Shipped,4580,76566.00,East
2024-11-21,Shipped,2454,59866.00,Central
2025-04-20,Shipped,4387,2522.00,North
2024-06-01,Shipped,1241,24888.00,Central
2024-05-22,Shipped,2621,22529.00,Central
2026-01-26,Shipped,3877,76643.00,Central
2026-04-12,Shipped,2512,17733.00,North
2026-02-14,Shipped,3069,930.00,South
2025-05-26,Shipped,2098,15222.00,North
2024-11-02,Shipped,4838,11898.00,South
2025-06-03,Shipped,4120,31590.00,West
2024-05-08,Shipped,4695,16935.00,East
2024-06-03,Shipped,4207,85136.00,East
2025-03-07,Shipped,1040,48374.00,South
2026-04-09,Shipped,3494,59102.00,West
2024-09-05,Shipped,2362,47090.00,South
2025-06-09,Shipped,3605,29790.00,North
2024-02-16,Shipped,4076,2410.00,North
2025-09-15,Shipped,700,68367.00,North
2024-12-26,Shipped,1216,17410.00,West
2025-03-20,Shipped,4431,56871.00,East
2025-11-15,Shipped,302,80254.00,North
2025-03-07,Shipped,192,57121.00,East
2024-04-14,Shipped,4820,89010.00,East
2025-12-12,Shipped,2824,17716.00,West
2026-04-19,Shipped,3666,97621.00,Central
2025-12-26,Shipped,770,14865.00,Central
2025-03-28,Shipped,4337,25926.00,North
2025-10-17,Shipped,4111,53802.00,North
2025-11-06,Shipped,2033,57892.00,East
2025-12-30,Shipped,2847,91696.00,North
2026-02-26,Shipped,1964,2104.00,East
2024-05-21,Shipped,339,23473.00,Central
2025-01-01,Shipped,4303,35950.00,North
2026-03-30,Shipped,2266,78254.00,Central
2024-10-16,Shipped,4783,8914.00,East
2024-11-04,Shipped,2611,38990.00,Central
2026-03-15,Shipped,739,51909.00,South
2024-02-03,Shipped,3035,28465.00,North
2024-02-26,Shipped,3754,84180.00,Central
2024-01-27,Shipped,4070,32873.00,East
2024-05-06,Shipped,1677,78425.00,East
2025-03-09,Shipped,4518,28406.00,South
2024-06-01,Shipped,2176,79868.00,Central
2024-07-26,Shipped,3160,67764.00,Central
2026-01-15,Shipped,486,48208.00,South
2024-01-06,Shipped,2618,24570.00,Central
2025-10-02,Shipped,2593,70842.00,North
2024-04-13,Shipped,2942,12339.00,East
2024-09-29,Shipped,1281,69230.00,West
2024-08-17,Shipped,1165,32883.00,Central
2025-12-04,Shipped,3821,78159.00,Central
2025-11-29,Shipped,4550,71880.00,East
2025-12-20,Shipped,2410,69026.00,Central
2025-06-04,Shipped,2329,24905.00,South
2024-12-09,Shipped,2229,49762.00,Central
2025-12-08,Shipped,177,85438.00,Central
2024-09-07,Shipped,1105,27207.00,North
2026-02-10,Shipped,1941,42966.00,North
2024-10-16,Shipped,1602,65433.00,East
2025-08-02,Shipped,2790,41713.00,East
2025-01-07,Shipped,3721,57661.00,Central
2024-12-08,Shipped,3153,903.00,West
2025-05-03,Shipped,4555,9278.00,Central
2025-10-23,Shipped,2808,69097.00,Central
2026-01-08,Shipped,3720,15583.00,West
2026-05-05,Shipped,1142,34272.00,West
2024-12-07,Shipped,4156,82143.00,Central
2024-03-08,Shipped,326,6495.00,South
2025-12-29,Shipped,1465,62143.00,West
2026-01-28,Shipped,4062,15540.00,Central
2024-11-17,Shipped,3375,34067.00,Central
2025-05-21,Shipped,603,5078.00,Central
2025-12-12,Shipped,3654,28974.00,Central
2026-01-14,Shipped,3697,12457.00,Central
2025-09-13,Shipped,2710,55295.00,South
2025-04-29,Shipped,472,96959.00,North
2025-11-17,Shipped,2832,49935.00,East
2024-05-17,Shipped,1773,57365.00,North
2025-06-03,Shipped,3408,3276.00,Central
2024-09-30,Shipped,1287,45860.00,West
2024-11-03,Shipped,3696,65079.00,South
2025-10-16,Shipped,157,35848.00,Central
2025-03-17,Shipped,2846,65654.00,Central
2024-03-28,Shipped,2378,71448.00,West
2024-10-08,Shipped,491,77054.00,North
2026-04-11,Shipped,1052,39634.00,East
2024-07-27,Shipped,423,38077.00,Central
2026-04-22,Shipped,3849,2748.00,South
2025-07-18,Shipped,1840,44725.00,South
2026-04-18,Shipped,1099,67696.00,West
2024-07-15,Shipped,369,46749.00,East
2024-07-09,Shipped,1975,21692.00,Central
2026-05-02,Shipped,1573,39796.00,Central
2025-11-22,Shipped,1578,69867.00,North
2024-06-18,Shipped,4106,41238.00,Central
2026-01-31,Shipped,794,42167.00,East
2026-02-17,Shipped,3652,18967.00,South
2025-08-18,Shipped,647,38375.00,Central
2024-04-08,Shipped,4688,87482.00,Central
2025-05-20,Shipped,2115,30729.00,South
2025-08-31,Shipped,763,86285.00,Central
2025-08-14,Shipped,1513,21991.00,South
2025-09-29,Shipped,3616,66675.00,Central
2024-05-08,Shipped,4961,24836.00,South
2026-01-05,Shipped,300,3767.00,East
2024-07-01,Shipped,4267,58751.00,North
2025-11-18,Shipped,2431,48702.00,South
2024-02-21,Shipped,647,10897.00,Central
2025-06-19,Shipped,3,50904.00,Central
2026-05-03,Shipped,376,21045.00,Central
2025-03-11,Shipped,627,68872.00,North
2024-04-03,Shipped,1963,37649.00,Central
2025-01-27,Shipped,3364,18804.00,Central
2024-02-10,Shipped,3477,23744.00,West
2024-09-07,Shipped,4217,50959.00,East
2024-11-23,Shipped,1118,42754.00,Central
2024-03-28,Shipped,158,53213.00,Central
2026-01-02,Shipped,1301,6318.00,North
2025-06-09,Shipped,2097,57112.00,Central
2025-05-03,Shipped,3796,75773.00,Central
2025-03-14,Shipped,2072,70808.00,South
2026-01-10,Shipped,3334,21090.00,East
2024-02-13,Shipped,1531,55013.00,South
2025-05-28,Shipped,4170,58622.00,Central
2024-11-14,Shipped,3025,98770.00,North
2025-11-27,Shipped,4121,98067.00,North
2024-11-03,Shipped,160,6723.00,West
2026-05-05,Shipped,858,44285.00,East
2024-04-23,Shipped,764,26303.00,Central
2026-01-28,Shipped,2698,32893.00,South
2025-06-20,Shipped,2303,24161.00,West
2024-03-12,Shipped,3591,53285.00,Central
2025-10-29,Shipped,805,69590.00,Central
2024-12-02,Shipped,964,28446.00,Central
2024-09-13,Shipped,761,94693.00,North
2025-01-29,Shipped,1261,29714.00,North
2026-05-23,Shipped,777,66644.00,South
2024-09-01,Shipped,4643,74516.00,South
2025-06-30,Shipped,1450,64798.00,North
2025-08-27,Shipped,1880,81226.00,West
2025-04-04,Shipped,4206,3055.00,North
2025-03-21,Shipped,3986,41622.00,West
2025-02-17,Shipped,2708,17608.00,South
2024-11-06,Shipped,2598,33242.00,Central
2025-08-01,Shipped,3024,3768.00,Central
2024-12-23,Shipped,1115,35511.00,North
2024-05-14,Shipped,1019,16691.00,Central
2025-01-10,Shipped,1259,52761.00,Central
2025-12-25,Shipped,4979,58950.00,North
2024-10-17,Shipped,330,41430.00,Central
2025-11-15,Shipped,2737,50538.00,South
2024-12-10,Shipped,4656,14301.00,Central
2024-09-18,Shipped,1718,43478.00,Central
2025-10-21,Shipped,35,2687.00,Central
2026-05-24,Shipped,1034,24749.00,South
2025-05-25,Shipped,1307,3455.00,Central
2024-11-29,Shipped,959,48740.00,West
2024-10-14,Shipped,4436,52942.00,Central
2025-01-06,Shipped,356,9243.00,North
2025-01-01,Shipped,3814,73929.00,West
2025-02-17,Shipped,2235,86557.00,Central
2025-01-02,Shipped,3474,17392.00,Central
2025-12-02,Shipped,1892,17578.00,South
2026-03-30,Shipped,2554,77575.00,Central
2026-03-27,Shipped,3371,29519.00,Central
2025-09-21,Shipped,174,35027.00,Central
2024-11-12,Shipped,1848,44914.00,North
2025-03-26,Shipped,189,13220.00,Central
2025-11-28,Shipped,4175,79564.00,North
2025-08-04,Shipped,125,93095.00,North
2025-10-02,Shipped,3237,39068.00,Central
2025-11-04,Shipped,3779,71919.00,North
2025-05-09,Shipped,2684,63752.00,West
2026-03-19,Shipped,4199,46501.00,North
2024-12-25,Shipped,4482,43014.00,North
2024-06-10,Shipped,991,52192.00,Central
2025-04-03,Shipped,210,61399.00,North
2025-10-16,Shipped,2921,97292.00,East
2024-02-28,Shipped,1554,56255.00,East
2025-09-01,Shipped,2175,19344.00,North
2025-01-04,Shipped,1154,76374.00,North
2025-04-26,Shipped,4796,13992.00,Central
2024-02-18,Shipped,2210,24124.00,Central
2024-11-24,Shipped,2541,78372.00,Central
2026-04-03,Shipped,1571,94792.00,South
2024-03-14,Shipped,1983,54432.00,South
2024-06-16,Shipped,3390,20925.00,North
2024-02-09,Shipped,4332,7030.00,South
2026-04-29,Shipped,283,39461.00,Central
2024-05-07,Shipped,138,43375.00,North
2026-01-06,Shipped,4723,26181.00,North
2025-10-05,Shipped,3321,56697.00,South
2026-03-08,Shipped,1299,66453.00,Central
2024-08-21,Shipped,3040,74925.00,Central
2025-03-31,Shipped,4081,70945.00,Central
2024-12-04,Shipped,1159,14157.00,Central
2026-02-10,Shipped,4712,52079.00,Central
2024-11-01,Shipped,1805,93932.00,Central
2026-05-19,Shipped,266,96239.00,Central
2024-12-01,Shipped,2569,44532.00,South
2024-07-23,Shipped,2062,57151.00,Central
2024-10-05,Shipped,3399,51113.00,East
2024-12-30,Shipped,2514,42566.00,Central
2024-04-19,Shipped,1762,67168.00,East
2024-08-02,Shipped,143,13448.00,East
2025-08-11,Shipped,2533,51406.00,North
2025-05-28,Shipped,653,19099.00,East
2025-06-03,Shipped,2261,79455.00,Central
2025-10-30,Shipped,3040,35719.00,Central
2026-05-25,Shipped,38,31560.00,Central
2025-09-30,Shipped,4820,92867.00,North
2024-01-13,Shipped,2068,60521.00,Central
2024-09-03,Shipped,1496,93582.00,Central
2024-12-16,Shipped,3636,21183.00,Central
2026-05-04,Shipped,1031,76717.00,Central
2025-03-22,Shipped,236,5424.00,North
2025-09-28,Shipped,667,38090.00,West
2024-05-17,Shipped,3766,35823.00,Central
2026-04-18,Shipped,1657,84485.00,East
2024-01-28,Shipped,3860,96979.00,East
2024-07-07,Shipped,578,82227.00,North
2025-04-23,Shipped,601,5455.00,North
2025-05-09,Shipped,1603,33862.00,North
2026-03-11,Shipped,1596,10416.00,Central
2025-04-24,Shipped,2407,53916.00,East
2024-04-20,Shipped,1866,94561.00,Central
2025-11-20,Shipped,1892,7115.00,North
2025-11-01,Shipped,2883,93493.00,Central
2024-03-11,Shipped,361,61002.00,North
2026-02-02,Shipped,3702,63090.00,Central
2025-01-25,Shipped,220,38039.00,Central
2024-02-23,Shipped,1725,68198.00,East
2024-01-04,Shipped,2368,45808.00,Central
2026-01-10,Shipped,1567,76464.00,East
2025-04-10,Shipped,4110,83074.00,Central
2025-12-01,Shipped,1230,43621.00,West
2025-02-19,Shipped,2795,76892.00,Central
2026-03-06,Shipped,1639,59972.00,Central
2024-06-26,Shipped,1163,45314.00,North
2024-04-18,Shipped,4715,15873.00,South
2024-05-30,Shipped,1592,39017.00,East
2024-11-05,Shipped,139,29190.00,North
2025-11-14,Shipped,4023,17507.00,Central
2026-01-05,Shipped,4573,75713.00,Central
2025-11-14,Shipped,619,10334.00,South
2025-06-08,Shipped,4560,19641.00,East
2026-05-14,Shipped,398,67551.00,Central
2025-09-30,Shipped,1987,64841.00,East
2024-12-13,Shipped,776,72843.00,North
2025-02-21,Shipped,2840,53698.00,Central
2025-01-15,Shipped,4002,57020.00,South
2026-04-12,Shipped,1241,27037.00,Central
2024-09-19,Shipped,4835,47367.00,Central
2026-01-08,Shipped,2141,80600.00,Central
2025-01-16,Shipped,3385,50150.00,South
2025-06-21,Shipped,2721,97512.00,Central
2025-06-18,Shipped,1412,47986.00,Central
2025-02-27,Shipped,4162,26277.00,North
2025-07-15,Shipped,4871,29339.00,Central
2025-04-09,Shipped,2526,27198.00,Central
2025-01-16,Shipped,3954,42429.00,West
2024-01-03,Shipped,4447,70674.00,West
2025-03-22,Shipped,1667,65692.00,North
2025-01-27,Shipped,3028,61698.00,South
2025-02-13,Shipped,1242,56920.00,North
2024-11-27,Shipped,2879,36929.00,East
2025-02-01,Shipped,3337,21045.00,East
2025-03-19,Shipped,2446,36996.00,North
2026-02-09,Shipped,4027,34272.00,East
2026-04-02,Shipped,4833,53845.00,Central
2024-03-05,Shipped,4907,10053.00,Central
2025-02-09,Shipped,184,6132.00,South
2025-06-13,Shipped,4067,98022.00,East
2025-07-16,Shipped,3340,42397.00,Central
2024-09-06,Shipped,2249,93356.00,East
2024-12-21,Shipped,869,83690.00,North
2025-11-03,Shipped,2196,84813.00,North
2025-11-29,Shipped,2835,87509.00,East
2025-03-27,Shipped,3864,68880.00,Central
2025-04-08,Shipped,447,73823.00,North
2025-03-12,Shipped,1876,69494.00,East
2025-10-20,Shipped,155,95923.00,East
2026-05-12,Shipped,302,16740.00,South
2024-10-09,Shipped,705,91833.00,East
2024-06-17,Shipped,622,98725.00,North
2025-01-27,Shipped,1244,56293.00,Central
2024-03-31,Shipped,3750,18163.00,South
2024-08-05,Shipped,3683,12482.00,Central
2026-03-20,Shipped,3780,29497.00,Central
2025-05-29,Shipped,2799,52641.00,West
2024-05-30,Shipped,1600,46903.00,West
2026-02-11,Shipped,776,24932.00,Central
2024-04-03,Shipped,2138,69386.00,Central
2024-01-01,Shipped,2611,74079.00,Central
2025-06-20,Shipped,3834,10658.00,West
2026-04-28,Shipped,1434,67413.00,East
2025-07-17,Shipped,1619,60212.00,South
2026-03-10,Shipped,2415,2053.00,North
2024-07-05,Shipped,1342,18373.00,Central
2024-07-27,Shipped,2708,45898.00,Central
2025-02-08,Shipped,56,6209.00,North
2025-12-30,Shipped,1605,47618.00,South
2024-02-05,Shipped,4997,30605.00,Central
2025-08-02,Shipped,4708,13334.00,Central
2026-05-23,Shipped,4545,7091.00,South
2024-09-02,Shipped,635,33067.00,East
2024-11-07,Shipped,2609,8847.00,Central
2024-09-29,Shipped,1439,37646.00,North
2025-10-26,Shipped,2760,19148.00,South
2025-02-22,Shipped,3942,81733.00,South
2025-02-24,Shipped,3036,91696.00,South
2026-05-10,Shipped,244,76668.00,Central
2025-07-23,Shipped,786,17045.00,South
2025-07-12,Shipped,382,28383.00,South
2024-04-22,Shipped,1186,16446.00,Central
2024-09-16,Shipped,4057,46924.00,East
2026-04-01,Shipped,492,69026.00,Central
2025-03-08,Shipped,4422,57215.00,South
2026-03-29,Shipped,773,7279.00,Central
2024-08-01,Shipped,2469,54513.00,Central
2025-03-13,Shipped,1504,83317.00,East
2025-12-05,Shipped,1279,82663.00,North
2025-07-17,Shipped,2407,22880.00,Central
2025-08-06,Shipped,4162,10136.00,North
2025-01-18,Shipped,4187,14488.00,Central
2024-04-13,Shipped,895,35987.00,Central
2025-09-13,Shipped,3849,6416.00,North
2025-06-19,Shipped,2228,69802.00,North
2024-11-26,Shipped,27,90033.00,Central
2024-12-13,Shipped,24,89729.00,West
2026-02-27,Shipped,432,39683.00,Central
2024-07-13,Shipped,2953,19678.00,South
2024-02-16,Shipped,1681,32635.00,North
2026-01-30,Shipped,1751,85248.00,North
2025-08-21,Shipped,138,86986.00,West
2024-05-03,Shipped,3458,53270.00,South
2024-07-24,Shipped,666,1888.00,Central
2024-07-20,Shipped,3850,74486.00,East
2025-12-24,Shipped,4376,88470.00,South
2025-05-25,Shipped,4453,40318.00,Central
2025-12-11,Shipped,1316,73640.00,West
2025-08-25,Shipped,4064,96198.00,North
2024-03-28,Shipped,3891,68942.00,Central
2026-03-30,Shipped,4077,52478.00,North
2025-09-21,Shipped,2954,29812.00,Central
2024-05-03,Shipped,1075,58361.00,West
2025-01-13,Shipped,4263,61889.00,Central
2025-03-03,Shipped,819,1329.00,East
2025-06-29,Shipped,4904,19576.00,Central
2024-08-04,Shipped,1069,14696.00,South
2024-06-11,Shipped,3768,83902.00,South
2026-03-05,Shipped,4361,32825.00,East
2025-08-11,Shipped,942,4520.00,Central
2024-02-13,Shipped,4706,51620.00,West
2025-08-31,Shipped,4114,64026.00,East
2026-05-19,Shipped,3127,63417.00,Central
2026-03-21,Shipped,2192,55919.00,Central
2024-02-28,Shipped,2071,93724.00,Central
2024-07-29,Shipped,3364,76644.00,East
2025-07-30,Shipped,2739,28737.00,North
2025-09-11,Shipped,1303,78737.00,Central
2024-06-07,Shipped,1328,87542.00,Central
2024-03-09,Shipped,1974,33117.00,North
2024-08-24,Shipped,1186,41748.00,South
2024-05-04,Shipped,2094,79213.00,Central
2025-12-27,Shipped,217,86643.00,North
2025-12-07,Shipped,2629,53191.00,West
2024-08-21,Shipped,3396,75664.00,Central
2024-08-28,Shipped,2692,25608.00,Central
2026-04-04,Shipped,2805,16870.00,South
2024-07-12,Shipped,2387,72019.00,Central
2024-06-15,Shipped,3307,48983.00,South
2024-08-22,Shipped,4044,93252.00,South
2026-05-14,Shipped,752,60701.00,North
2024-06-08,Shipped,2875,32930.00,North
2024-07-09,Shipped,1367,94931.00,Central
2025-09-16,Shipped,3864,39276.00,Central
2025-11-04,Shipped,879,22784.00,East
2026-04-19,Shipped,4132,9387.00,West
2025-11-15,Shipped,3641,71018.00,North
2025-02-25,Shipped,2188,41775.00,North
2024-10-10,Shipped,187,64718.00,East
2024-06-17,Shipped,878,67789.00,West
2024-07-03,Shipped,4734,37354.00,West
2025-08-26,Shipped,928,62882.00,South
2024-09-14,Shipped,3946,4241.00,Central
2024-06-06,Shipped,991,88503.00,North
2025-04-29,Shipped,3811,91777.00,South
2025-09-05,Shipped,4145,43844.00,West
2025-10-12,Shipped,2728,18080.00,South
2026-04-26,Shipped,4634,57767.00,Central
2024-09-25,Shipped,2418,48967.00,South
2025-01-02,Shipped,4667,1717.00,Central
2025-10-31,Shipped,507,63953.00,South
2024-07-17,Shipped,561,52520.00,North
2026-05-23,Shipped,3105,79059.00,Central
2025-08-19,Shipped,4415,95568.00,Central
2025-03-08,Shipped,4125,62290.00,Central
2025-07-01,Shipped,4775,40588.00,West
2024-04-18,Shipped,4019,66491.00,Central
2026-04-22,Shipped,2169,15495.00,North
2024-11-19,Shipped,1852,36155.00,East
2025-07-24,Shipped,2936,24100.00,East
2025-03-31,Shipped,1637,66929.00,West
2024-05-17,Shipped,4677,30504.00,East
2026-04-07,Shipped,925,79891.00,North
2026-01-01,Shipped,3313,93814.00,Central
2025-05-08,Shipped,4939,14514.00,North
2024-04-30,Shipped,3760,49194.00,Central
2024-04-30,Shipped,4931,37447.00,Central
2025-11-02,Shipped,3440,14982.00,Central
2024-12-09,Shipped,631,43922.00,South
2025-07-10,Shipped,469,79888.00,East
2026-02-01,Shipped,4308,2951.00,Central
2025-04-08,Shipped,2669,90165.00,South
2026-02-25,Shipped,609,22951.00,West
2024-02-03,Shipped,2789,59734.00,South
2026-03-12,Shipped,196,83143.00,Central
2026-02-06,Shipped,1657,64059.00,Central
2025-11-12,Shipped,2830,81957.00,South
2026-03-21,Shipped,1257,37813.00,East
2025-12-17,Shipped,281,33448.00,South
2026-04-29,Shipped,3186,74316.00,East
2024-05-17,Shipped,320,28125.00,Central
2025-02-22,Shipped,977,50040.00,North
2024-01-10,Shipped,1685,71898.00,North
2024-01-13,Shipped,4014,26823.00,Central
2025-06-12,Shipped,4729,69789.00,Central
2024-10-04,Shipped,4501,35754.00,East
2025-06-09,Shipped,2428,26096.00,West
2026-03-27,Shipped,2171,87348.00,North
2024-09-19,Shipped,2749,3781.00,Central
2025-01-18,Shipped,1765,16366.00,North
2024-09-16,Shipped,194,20503.00,South
2024-12-23,Shipped,663,90894.00,West
2024-10-20,Shipped,3961,25630.00,East
2024-01-05,Shipped,1297,19968.00,Central
2025-03-17,Shipped,1647,84604.00,Central
2024-01-02,Shipped,1194,49936.00,Central
2025-03-12,Shipped,383,83304.00,Central
2024-06-09,Shipped,2111,34074.00,Central
2024-02-03,Shipped,3529,3506.00,North
2025-04-16,Shipped,2976,73694.00,Central
2025-02-01,Shipped,2036,28794.00,North
2025-10-18,Shipped,125,22814.00,South
2025-07-04,Shipped,2321,26792.00,South
2026-04-04,Shipped,4303,48734.00,Central
2024-08-29,Shipped,1148,91869.00,North
2024-02-29,Shipped,1223,74809.00,Central
2024-12-18,Shipped,2510,94938.00,Central
2024-06-24,Shipped,2753,85264.00,Central
2025-01-24,Shipped,3496,74587.00,North
2025-11-28,Shipped,673,78686.00,Central
2025-10-28,Shipped,2214,38471.00,Central
2024-05-10,Shipped,1582,12403.00,Central
2026-02-18,Shipped,747,57443.00,Central
2025-12-04,Shipped,3424,77001.00,Central
2025-04-27,Shipped,3124,47748.00,Central
2024-11-21,Shipped,2922,86854.00,Central
2024-03-18,Shipped,2435,1990.00,East
2024-09-25,Shipped,3471,25899.00,Central
2025-08-04,Shipped,2338,30416.00,North
2025-08-21,Shipped,3281,88793.00,South
2026-03-29,Shipped,4930,31940.00,West
2025-04-12,Shipped,821,2321.00,Central
2024-12-08,Shipped,2320,90661.00,Central
2024-05-29,Shipped,2915,61088.00,Central
2024-09-03,Shipped,2682,75021.00,East
2025-05-07,Shipped,3902,77452.00,East
2025-05-26,Shipped,1460,82507.00,North
2026-05-22,Shipped,3883,89461.00,South
2025-02-19,Shipped,1733,74771.00,Central
2026-03-04,Shipped,910,92233.00,Central
2025-01-05,Shipped,1309,40448.00,North
2024-07-25,Shipped,1831,39042.00,Central
2024-12-11,Shipped,3994,37550.00,North
2025-11-11,Shipped,4410,93561.00,East
2025-04-22,Shipped,1490,19624.00,Central
2024-07-13,Shipped,4575,80797.00,Central
2024-12-16,Shipped,3332,18579.00,South
2024-05-25,Shipped,767,97646.00,Central
2025-10-04,Shipped,4502,56211.00,North
2025-10-20,Shipped,1111,65426.00,East
2026-02-13,Shipped,1127,89436.00,North
2024-12-14,Shipped,990,97816.00,South
2025-07-22,Shipped,1277,51488.00,North
2024-03-03,Shipped,1814,11081.00,Central
2025-09-19,Shipped,3933,5991.00,South
2024-01-01,Shipped,2585,46595.00,East
2025-07-25,Shipped,2350,31930.00,East
2026-04-01,Shipped,2659,32464.00,South
2024-12-05,Shipped,4266,72060.00,Central
2024-02-07,Shipped,2420,77977.00,Central
2024-01-30,Shipped,2261,83165.00,Central
2025-12-21,Shipped,1036,80527.00,South
2024-10-08,Shipped,4464,72572.00,South
2025-12-29,Shipped,3704,46164.00,Central
2025-10-27,Shipped,892,91430.00,North
2024-10-16,Shipped,2047,52437.00,East
2024-04-21,Shipped,2437,48494.00,West
2025-04-28,Shipped,3241,16997.00,West
2025-03-12,Shipped,1246,94297.00,Central
2026-05-21,Shipped,4656,59763.00,North
2024-10-06,Shipped,4576,75126.00,Central
2026-03-11,Shipped,2211,20605.00,West
2026-04-08,Shipped,1240,24954.00,East
2025-06-18,Shipped,1458,9154.00,South
2025-05-01,Shipped,1811,9174.00,Central
2024-01-12,Shipped,4902,72715.00,South
2025-05-21,Shipped,3755,38925.00,West
2025-11-22,Shipped,2460,21720.00,East
2024-11-22,Shipped,542,10277.00,Central
2024-06-10,Shipped,2193,79355.00,North
2024-07-29,Shipped,616,68538.00,Central
2024-09-18,Shipped,984,57451.00,Central
2025-09-17,Shipped,372,34863.00,North
2025-07-11,Shipped,1233,79328.00,Central
2024-10-11,Shipped,2358,31126.00,North
2024-11-29,Shipped,2357,1569.00,Central
2025-05-31,Shipped,4350,65761.00,South
2024-02-09,Shipped,1782,73000.00,East
2024-11-26,Shipped,4054,72885.00,Central
2024-09-03,Shipped,41,28092.00,North
2026-05-01,Shipped,603,98933.00,North
2024-02-04,Shipped,4884,12644.00,Central
2026-04-18,Shipped,2370,46345.00,Central
2026-04-13,Shipped,439,85853.00,Central
2024-07-28,Shipped,4568,39726.00,South
2026-04-25,Shipped,3383,72124.00,Central
2025-09-04,Shipped,1973,59589.00,South
2025-04-07,Shipped,4433,30214.00,West
2024-03-23,Shipped,1682,32867.00,Central
2024-09-21,Shipped,534,85694.00,Central
2025-03-04,Shipped,1172,12797.00,South
2026-03-28,Shipped,3675,392.00,North
2025-09-04,Shipped,1899,95417.00,Central
2024-07-05,Shipped,1354,94261.00,Central
2024-06-01,Shipped,3376,2366.00,Central
2025-11-13,Shipped,2769,7347.00,Central
2024-07-01,Shipped,1946,13683.00,Central
2024-02-02,Shipped,712,68356.00,West
2025-09-04,Shipped,3817,56184.00,North
2026-03-13,Shipped,2698,5089.00,North
2024-10-31,Shipped,3503,66178.00,South
2025-05-24,Shipped,3578,85552.00,Central
2024-05-16,Shipped,1148,26329.00,East
2024-09-20,Shipped,3968,42198.00,Central
2024-03-26,Shipped,2505,65553.00,North
2025-11-20,Shipped,1625,34030.00,Central
2026-01-21,Shipped,66,19882.00,West
2024-04-09,Shipped,4185,254.00,Central
2025-08-08,Shipped,625,19972.00,East
2025-07-12,Shipped,1765,77315.00,Central
2025-09-10,Shipped,1544,81349.00,East
2024-06-11,Shipped,232,21637.00,Central
2026-01-10,Shipped,1771,56615.00,South
2026-04-12,Shipped,3795,22801.00,Central
2025-07-03,Shipped,2988,42303.00,East
2024-06-04,Shipped,4429,59147.00,South
2024-02-21,Shipped,696,47934.00,South
2025-03-01,Shipped,4483,31637.00,East
2025-06-16,Shipped,3206,47668.00,Central
2025-12-25,Shipped,4231,65999.00,Central
2025-03-22,Shipped,910,26268.00,Central
2026-05-07,Shipped,2557,60077.00,North
2025-03-26,Shipped,2746,25593.00,East
2025-05-06,Shipped,2329,24302.00,Central
2026-03-21,Shipped,761,50527.00,South
2026-05-16,Shipped,4380,42358.00,South
2024-03-20,Shipped,4811,22198.00,Central
2024-10-28,Shipped,1741,97710.00,Central
2024-09-29,Shipped,2954,57153.00,East
2024-02-10,Shipped,4553,96116.00,Central
2025-11-23,Shipped,4972,60465.00,North
2024-11-14,Shipped,4135,36769.00,North
2025-07-31,Shipped,3048,95830.00,Central
2026-04-07,Shipped,3458,43202.00,Central
2026-01-06,Shipped,1457,35602.00,South
2024-06-02,Shipped,3177,77169.00,South
2024-06-14,Shipped,4007,43749.00,Central
2024-05-04,Shipped,3749,46499.00,South
2024-04-12,Shipped,4799,25722.00,North
2026-01-12,Shipped,3085,51654.00,East
2024-11-24,Shipped,960,88242.00,Central
2025-11-06,Shipped,3945,12462.00,East
2025-08-04,Shipped,474,66359.00,East
2026-05-15,Shipped,4900,46467.00,West
2025-05-30,Shipped,2907,29219.00,East
2026-03-20,Shipped,1881,31700.00,North
2024-10-21,Shipped,2088,70195.00,Central
2025-03-23,Shipped,4185,63555.00,Central
2025-02-21,Shipped,2390,22264.00,North
2024-12-06,Shipped,2863,69479.00,Central
2026-05-04,Shipped,1719,10580.00,West
2025-05-05,Shipped,1232,2199.00,East
2024-05-23,Shipped,3383,78618.00,Central
2025-08-17,Shipped,1147,69747.00,Central
2024-08-26,Shipped,3368,76607.00,Central
2024-05-15,Shipped,3746,26865.00,Central
2024-05-23,Shipped,1392,45243.00,Central
2026-02-03,Shipped,4139,12214.00,Central
2025-11-23,Shipped,860,1477.00,Central
2024-10-20,Shipped,3446,88260.00,North
2026-05-14,Shipped,1964,46310.00,North
2024-02-08,Shipped,571,7345.00,Central
2025-03-29,Shipped,4528,55200.00,Central
2025-01-31,Shipped,2528,21266.00,South
2024-10-03,Shipped,809,95109.00,Central
2026-04-02,Shipped,2683,16873.00,Central
2026-03-08,Shipped,4493,75731.00,West
2026-04-30,Shipped,1536,71844.00,Central
2025-07-12,Shipped,399,10853.00,East
2024-05-25,Shipped,4978,66012.00,Central
2026-05-26,Shipped,336,24530.00,Central
2025-02-08,Shipped,1487,48579.00,Central
2025-11-19,Shipped,4047,21860.00,South
2025-07-29,Shipped,3338,66829.00,Central
2024-01-27,Shipped,2322,95555.00,Central
2024-05-14,Shipped,4632,43277.00,West
2024-10-19,Shipped,3951,16698.00,Central
2025-05-05,Shipped,2472,64195.00,East
2025-12-09,Shipped,4127,68070.00,North
2025-04-09,Shipped,1947,96803.00,Central
2026-04-19,Shipped,1709,41700.00,South
2025-01-28,Shipped,2559,79410.00,Central
2025-10-07,Shipped,2542,57520.00,East
2024-08-27,Shipped,2138,27686.00,Central
2026-04-11,Shipped,1579,65805.00,Central
2025-12-26,Shipped,754,36188.00,Central
2026-03-08,Shipped,2299,25395.00,South
2024-03-12,Shipped,1798,88572.00,Central
2025-04-30,Shipped,3707,53883.00,West
2024-11-28,Shipped,1725,30223.00,East
2024-06-29,Shipped,3815,58035.00,Central
2026-03-19,Shipped,4421,58135.00,North
2026-01-24,Shipped,928,396.00,South
2025-01-30,Shipped,4106,12645.00,Central
2024-10-17,Shipped,4135,21269.00,Central
2024-05-27,Shipped,4510,87760.00,East
2024-05-31,Shipped,2580,50174.00,North
2025-10-12,Shipped,827,59120.00,East
2025-12-20,Shipped,4163,59581.00,Central
2024-07-18,Shipped,294,22005.00,East
2024-11-16,Shipped,4239,92827.00,East
2024-02-19,Shipped,4082,33908.00,West
2024-09-20,Shipped,4957,68067.00,Central
2024-08-14,Shipped,82,9813.00,South
2024-11-23,Shipped,3310,58346.00,East
2026-02-02,Shipped,4532,66482.00,South
2025-04-06,Shipped,3015,51485.00,Central
2025-05-17,Shipped,692,29681.00,South
2024-07-07,Shipped,4076,53750.00,West
2024-05-28,Shipped,1379,29260.00,South
2025-09-17,Shipped,4647,68025.00,South
2025-06-14,Shipped,1415,36024.00,East
2024-08-23,Shipped,682,87903.00,South
2024-10-20,Shipped,1069,14653.00,Central
2024-02-23,Shipped,2271,12383.00,East
2024-05-12,Shipped,4111,37587.00,South
2026-05-02,Shipped,3772,96656.00,Central
2025-05-15,Shipped,461,59432.00,North
2025-01-30,Shipped,4624,59105.00,Central
2026-02-06,Shipped,472,77412.00,Central
2024-02-27,Shipped,3691,23674.00,North
2024-12-30,Shipped,1069,6212.00,South
2024-07-24,Shipped,136,16201.00,West
2026-03-19,Shipped,544,86980.00,Central
2025-05-08,Shipped,2008,8694.00,North
2025-12-18,Shipped,2662,44728.00,Central
2025-02-05,Shipped,2584,11899.00,North
2025-03-14,Shipped,710,32107.00,Central
2026-05-08,Shipped,1834,60927.00,East
2025-04-26,Shipped,3911,13173.00,East
2026-05-10,Shipped,558,18351.00,Central
2024-01-26,Shipped,2863,30382.00,Central
2026-01-08,Shipped,60,58879.00,West
2025-07-26,Shipped,186,24054.00,North
2025-12-01,Shipped,1385,92892.00,East
2024-02-17,Shipped,1869,70030.00,North
2026-02-04,Shipped,3189,71440.00,Central
2024-06-16,Shipped,1960,32415.00,Central
2024-07-28,Shipped,1100,70377.00,North
2025-09-02,Shipped,1866,95833.00,North
2026-02-20,Shipped,404,59897.00,West
2025-06-18,Shipped,707,74431.00,Central
2024-06-22,Shipped,4894,82148.00,East
2025-09-20,Shipped,4247,32426.00,West
2026-05-07,Shipped,3515,72997.00,North
2026-02-27,Shipped,812,8648.00,South
2025-12-25,Shipped,17,21672.00,North
2025-10-02,Shipped,2904,94356.00,Central
2024-07-05,Shipped,2870,3673.00,Central
2025-08-14,Shipped,3895,62301.00,North
2025-08-05,Shipped,829,22940.00,West
2024-09-22,Shipped,3781,17635.00,Central
2026-04-29,Shipped,2084,42984.00,North
2026-01-08,Shipped,1525,82859.00,North
2024-12-07,Shipped,3123,24781.00,Central
2025-08-05,Shipped,1571,39593.00,East
2025-06-29,Shipped,3570,8151.00,West
2026-01-10,Shipped,4361,90356.00,Central
2024-07-05,Shipped,4339,2812.00,North
2024-01-20,Shipped,578,26359.00,Central
2026-04-08,Shipped,3029,44636.00,West
2024-10-30,Shipped,2472,14069.00,East
2025-09-07,Shipped,283,96265.00,Central
2026-01-15,Shipped,3505,50440.00,Central
2026-02-06,Shipped,2161,92705.00,South
2025-09-27,Shipped,1276,40577.00,Central
2024-01-18,Shipped,3333,83047.00,Central
2025-03-05,Shipped,3739,81129.00,Central
2026-04-12,Shipped,3173,37757.00,Central
2024-08-01,Shipped,532,93378.00,South
2024-06-04,Shipped,3128,45041.00,East
2025-02-03,Shipped,3093,25390.00,Central
2026-05-23,Shipped,4122,89905.00,Central
2025-04-14,Shipped,1442,18569.00,Central
2025-02-21,Shipped,1731,51529.00,West
2024-07-27,Shipped,1607,30053.00,Central
2024-05-31,Shipped,2486,45890.00,South
2024-12-14,Shipped,3015,61907.00,South
2026-02-14,Shipped,1688,46553.00,Central
2025-07-16,Shipped,2783,71870.00,West
2024-10-05,Shipped,3496,91409.00,South
2024-03-08,Shipped,2588,5511.00,West
2025-05-08,Shipped,4614,36010.00,East
2025-10-04,Shipped,3925,16242.00,West
2024-09-04,Shipped,2592,92026.00,East
2025-04-23,Shipped,1251,22651.00,Central
2024-04-05,Shipped,308,3102.00,South
2024-01-13,Shipped,2160,36188.00,Central
2025-04-21,Shipped,68,83396.00,Central
2024-08-03,Shipped,4918,70407.00,West
2024-07-09,Shipped,3380,14564.00,East
2025-03-14,Shipped,2147,24641.00,West
2024-05-08,Shipped,3454,31129.00,South
2025-07-08,Shipped,910,26962.00,West
2024-07-20,Shipped,2473,7618.00,West
2024-10-27,Shipped,2749,96705.00,South
2025-09-05,Shipped,3060,28271.00,Central
2024-08-24,Shipped,1279,17129.00,Central
2025-06-08,Shipped,1961,97810.00,Central
2026-03-12,Shipped,1914,65457.00,South
2024-11-20,Shipped,3870,59481.00,West
2024-05-07,Shipped,1123,10569.00,Central
2024-05-08,Shipped,3186,31509.00,Central
2025-08-31,Shipped,653,91303.00,Central
2025-11-08,Shipped,1180,76834.00,West
2026-04-14,Shipped,653,30288.00,Central
2025-08-28,Shipped,4164,86341.00,Central
2024-09-18,Shipped,2216,80604.00,East
2024-11-05,Shipped,2934,76440.00,Central
2025-03-21,Shipped,2335,13538.00,East
2024-05-25,Shipped,104,67696.00,North
2026-02-17,Shipped,2980,2959.00,South
2025-12-02,Shipped,2060,87010.00,Central
2025-12-10,Shipped,1359,36099.00,Central
2024-11-30,Shipped,452,23777.00,Central
2024-12-11,Shipped,1344,31633.00,Central
2024-11-24,Shipped,1897,46155.00,Central
2024-04-29,Shipped,845,77988.00,West
2026-02-19,Shipped,1418,97105.00,Central
2025-11-01,Shipped,784,34711.00,North
2025-12-29,Shipped,3244,1383.00,North
2025-08-08,Shipped,3234,65158.00,North
2024-05-31,Shipped,2165,43992.00,Central
2025-12-31,Shipped,3550,2068.00,North
2025-01-18,Shipped,2755,56772.00,Central
2025-09-05,Shipped,4048,28895.00,South
2024-09-07,Shipped,2450,60024.00,East
2024-07-19,Shipped,2439,64965.00,East
2026-04-09,Shipped,4168,18016.00,Central
2026-01-30,Shipped,264,63058.00,South
2024-01-17,Shipped,1898,23625.00,North
2024-12-11,Shipped,4840,41153.00,East
2024-06-20,Shipped,456,66463.00,South
2025-08-25,Shipped,1226,57903.00,South
2025-06-28,Shipped,1148,47513.00,Central
2025-05-09,Shipped,848,28322.00,Central
2024-01-18,Shipped,1543,53585.00,South
2026-02-01,Shipped,2685,35149.00,Central
2026-01-12,Shipped,2262,12387.00,North
2024-04-05,Shipped,3285,92436.00,Central
2024-06-27,Shipped,1473,6962.00,Central
2024-03-09,Shipped,2561,43095.00,North
2025-06-15,Shipped,1552,49525.00,Central
2025-01-05,Shipped,3797,17774.00,North
2024-03-19,Shipped,4502,15499.00,Central
2024-06-16,Shipped,1340,24331.00,Central
2025-10-15,Shipped,3763,89144.00,South
2025-03-22,Shipped,4167,7175.00,Central
2026-04-05,Shipped,4617,49112.00,East
2025-05-22,Shipped,622,55990.00,North
2025-12-03,Shipped,3528,75642.00,East
2025-05-15,Shipped,1966,98052.00,South
2024-06-15,Shipped,882,61909.00,Central
2024-09-15,Shipped,4755,20687.00,South
2024-06-07,Shipped,4240,83494.00,South
2026-03-31,Shipped,4615,21254.00,Central
2024-08-27,Shipped,2384,44359.00,Central
2024-05-22,Shipped,4451,62403.00,Central
2025-12-06,Shipped,891,69066.00,Central
2025-01-20,Shipped,1631,73903.00,North
2024-05-09,Shipped,1707,9895.00,Central
2024-07-31,Shipped,2126,46173.00,East
2025-08-16,Shipped,372,78322.00,Central
2024-12-29,Shipped,3056,61684.00,Central
2024-08-08,Shipped,2389,64530.00,Central
2024-08-24,Shipped,3598,26612.00,Central
2024-02-29,Shipped,2455,58225.00,East
2025-03-05,Shipped,4231,26560.00,East
2025-09-26,Shipped,3107,42366.00,South
2024-07-18,Shipped,918,76604.00,North
2024-04-08,Shipped,160,25133.00,East
2025-03-22,Shipped,2972,11616.00,Central
2025-10-27,Shipped,769,34120.00,North
2025-06-22,Shipped,2597,26710.00,Central
2026-01-27,Shipped,243,10326.00,Central
2024-09-29,Shipped,2519,3863.00,North
2025-10-01,Shipped,3022,4682.00,South
2024-11-26,Shipped,606,81002.00,Central
2024-06-28,Shipped,493,7750.00,West
2024-01-22,Shipped,2952,13536.00,East
2025-06-05,Shipped,82,48975.00,North
2025-03-01,Shipped,1393,27969.00,South
2025-07-31,Shipped,3210,20506.00,North
2025-03-12,Shipped,2496,32090.00,Central
2025-11-26,Shipped,4455,92566.00,East
2024-01-27,Shipped,1319,84537.00,Central
2025-03-11,Shipped,2128,79826.00,South
2024-04-14,Shipped,4554,46228.00,Central
2025-11-24,Shipped,447,35756.00,North
2024-01-24,Shipped,2008,71424.00,Central
2024-10-14,Shipped,4381,82649.00,East
2026-01-04,Shipped,4810,52333.00,South
2026-05-15,Shipped,1240,89915.00,Central
2025-07-15,Shipped,4408,34749.00,Central
2024-07-08,Shipped,2212,68824.00,Central
2024-08-30,Shipped,604,39514.00,West
2024-04-27,Shipped,1724,60633.00,Central
2024-11-02,Shipped,4901,91088.00,North
2026-03-31,Shipped,2194,56059.00,Central
2026-01-27,Shipped,3773,75717.00,West
2024-11-04,Shipped,2189,16573.00,South
2025-07-19,Shipped,4271,95290.00,Central
2024-09-25,Shipped,713,11291.00,North
2025-07-15,Shipped,973,41831.00,Central
2026-05-26,Shipped,1099,62313.00,West
2026-01-24,Shipped,1562,86637.00,Central
2025-01-07,Shipped,2350,91756.00,Central
2026-03-09,Shipped,3625,29158.00,North
2025-10-19,Shipped,2057,96633.00,North
2025-03-07,Shipped,4346,33475.00,West
2024-05-26,Shipped,3017,48433.00,Central
2024-04-09,Shipped,4251,46632.00,East
2026-02-14,Shipped,1711,62134.00,East
2025-07-27,Shipped,2023,27007.00,Central
2025-04-12,Shipped,2719,98006.00,West
2025-10-21,Shipped,2008,76996.00,East
2024-10-29,Shipped,4952,64234.00,Central
2024-03-19,Shipped,1489,52094.00,East
2025-06-22,Shipped,390,39068.00,Central
2024-10-13,Shipped,1442,91730.00,North
2025-05-27,Shipped,243,93095.00,Central
2025-07-29,Shipped,147,73300.00,Central
2025-01-03,Shipped,3030,31527.00,Central
2024-04-18,Shipped,4884,60674.00,East
2024-04-12,Shipped,2782,92587.00,Central
2025-03-19,Shipped,4398,87869.00,South
2025-07-30,Shipped,1698,9633.00,South
2026-04-02,Shipped,4261,53575.00,Central
2025-02-09,Shipped,3633,88227.00,Central
2025-09-29,Shipped,1584,63302.00,North
2025-04-08,Shipped,4990,94671.00,Central
2024-11-21,Shipped,3546,5339.00,Central
2024-08-25,Shipped,1817,37522.00,East
2026-02-15,Shipped,259,34763.00,Central
2026-03-05,Shipped,1001,12407.00,North
2025-04-26,Shipped,166,61071.00,Central
2024-03-25,Shipped,3110,20991.00,South
2025-07-19,Shipped,2132,72167.00,East
2024-11-25,Shipped,1851,69063.00,Central
2025-07-08,Shipped,1707,8299.00,West
2025-07-08,Shipped,2644,71310.00,Central
2026-02-04,Shipped,2467,82863.00,North
2026-04-25,Shipped,3033,59922.00,Central
2024-02-08,Shipped,4814,87216.00,South
2024-07-06,Shipped,2885,68624.00,Central
2024-04-19,Shipped,4342,51542.00,South
2024-02-20,Shipped,238,30030.00,Central
2026-01-25,Shipped,2668,70873.00,North
2024-01-08,Shipped,3843,86495.00,Central
2025-01-22,Shipped,3494,96715.00,North
2024-03-25,Shipped,3773,78167.00,Central
2026-04-12,Shipped,4492,89059.00,Central
2024-02-04,Shipped,3391,24119.00,North
2025-06-17,Shipped,4299,33146.00,East
2024-04-12,Shipped,4427,29013.00,Central
2025-06-20,Shipped,2538,6446.00,Central
2026-04-17,Shipped,3911,52544.00,South
2024-09-20,Shipped,3069,82819.00,South
2026-02-16,Shipped,2068,22639.00,South
2025-06-20,Shipped,3259,65156.00,Central
2025-04-24,Shipped,127,60799.00,West
2025-12-18,Shipped,3351,28459.00,North
2024-09-27,Shipped,3129,32682.00,North
2025-10-22,Shipped,242,15087.00,Central
2024-11-28,Shipped,2017,80313.00,Central
2024-08-13,Shipped,4739,21505.00,East
2024-04-28,Shipped,198,93607.00,West
2024-05-13,Shipped,3279,14101.00,Central
2024-02-29,Shipped,2759,26715.00,Central
2025-12-24,Shipped,3254,37179.00,Central
2025-08-17,Shipped,1137,2975.00,Central
2025-04-30,Shipped,2125,82595.00,Central
2026-02-02,Shipped,4614,55950.00,East
2024-06-21,Shipped,134,35877.00,North
2026-04-25,Shipped,3325,32880.00,South
2025-01-07,Shipped,1273,93095.00,Central
2026-04-23,Shipped,2184,2920.00,South
2025-07-31,Shipped,352,93970.00,Central
2024-02-17,Shipped,4242,4031.00,South
2024-01-17,Shipped,1065,14442.00,South
2025-06-18,Shipped,4148,18453.00,North
2024-10-13,Shipped,1227,87799.00,Central
2025-07-02,Shipped,1234,72327.00,Central
2025-12-27,Shipped,4568,24353.00,Central
2026-03-10,Shipped,1741,3419.00,North
2025-04-13,Shipped,2536,19542.00,Central
2024-04-06,Shipped,2570,56343.00,East
2025-06-25,Shipped,3281,23733.00,Central
2026-02-19,Shipped,4852,17443.00,North
2026-05-02,Shipped,1931,81768.00,East
2025-09-09,Shipped,1899,68423.00,North
2026-02-16,Shipped,3141,88198.00,Central
2026-02-07,Shipped,2449,21203.00,Central
2024-04-03,Shipped,3694,562.00,East
2025-03-07,Shipped,4237,98450.00,South
2025-11-26,Shipped,4263,62962.00,Central
2025-02-25,Shipped,1881,40882.00,Central
2024-01-14,Shipped,3137,35257.00,Central
2025-08-22,Shipped,2434,72587.00,North
2025-08-08,Shipped,891,28501.00,North
2025-09-20,Shipped,1407,68764.00,Central
2026-04-08,Shipped,547,32162.00,South
2025-04-29,Shipped,1508,21092.00,Central
2024-06-12,Shipped,484,76258.00,East
2024-04-06,Shipped,3741,71646.00,North
2025-10-20,Shipped,1897,37589.00,West
2025-01-02,Shipped,117,26664.00,North
2026-05-25,Shipped,2740,804.00,Central
2024-07-29,Shipped,2974,42354.00,East
2026-03-31,Shipped,16,79596.00,Central
2024-06-11,Shipped,4614,52642.00,East
2025-08-01,Shipped,3045,20388.00,Central
2026-05-19,Shipped,2768,92581.00,Central
2024-06-03,Shipped,265,2226.00,Central
2024-07-17,Shipped,1366,92351.00,Central
2025-10-27,Shipped,1083,71964.00,Central
2025-12-30,Shipped,170,76497.00,Central
2025-04-29,Shipped,4183,32552.00,Central
2024-12-17,Shipped,2075,45367.00,North
2024-04-18,Shipped,4743,71167.00,North
2025-06-16,Shipped,3150,18566.00,North
2025-09-21,Shipped,1627,15984.00,Central
2025-12-25,Shipped,2537,35516.00,East
2025-07-16,Shipped,237,29646.00,Central
2024-12-27,Shipped,960,1420.00,South
2025-07-26,Shipped,3676,81283.00,South
2026-05-17,Shipped,4343,59809.00,East
2025-06-28,Shipped,170,63475.00,South
2026-05-12,Shipped,3735,38766.00,Central
2025-11-30,Shipped,184,92441.00,South
2024-10-12,Shipped,2431,64174.00,West
2025-06-21,Shipped,3759,74430.00,Central
2024-02-28,Shipped,3058,9993.00,Central
2024-07-22,Shipped,3017,33892.00,Central
2026-01-17,Shipped,2362,54226.00,South
2024-09-15,Shipped,3495,36516.00,East
2025-07-11,Shipped,3434,53309.00,North
2025-08-07,Shipped,3332,71076.00,Central
2025-03-12,Shipped,153,43919.00,Central
2024-05-26,Shipped,1014,54819.00,Central
2024-02-06,Shipped,1917,69478.00,Central
2024-03-19,Shipped,1481,84551.00,South
2024-04-08,Shipped,3784,30854.00,Central
2024-07-02,Shipped,3122,97347.00,North
2024-12-27,Shipped,2787,23048.00,North
2025-02-21,Shipped,631,44743.00,West
2025-12-31,Shipped,3783,93716.00,South
2025-06-21,Shipped,3699,95504.00,South
2026-03-30,Shipped,503,41004.00,North
2025-09-21,Shipped,24,32125.00,Central
2025-09-15,Shipped,2341,28610.00,Central
2025-01-06,Shipped,451,98306.00,Central
2026-05-13,Shipped,1153,11664.00,North
2025-08-27,Shipped,4451,45258.00,West
2024-08-31,Shipped,4206,53285.00,North
2024-01-23,Shipped,1384,34873.00,West
2024-02-25,Shipped,2241,47732.00,Central
2026-01-15,Shipped,4154,76087.00,North
2025-11-04,Shipped,1399,37239.00,Central
2026-02-23,Shipped,4896,56182.00,North
2024-06-17,Shipped,2278,59666.00,North
2025-12-29,Shipped,2951,14322.00,Central
2025-07-25,Shipped,1775,11235.00,South
2025-05-28,Shipped,4025,40108.00,Central
2026-04-25,Shipped,2018,1049.00,Central
2024-11-10,Shipped,2559,38968.00,East
2025-09-25,Shipped,2178,30468.00,West
2024-08-04,Shipped,3737,2822.00,South
2025-09-30,Shipped,4705,55712.00,North
2025-09-03,Shipped,3603,48316.00,Central
2025-04-30,Shipped,2658,14738.00,North
2026-02-05,Shipped,3038,93530.00,West
2024-08-16,Shipped,854,5140.00,North
2024-04-27,Shipped,1556,70307.00,Central
2024-11-06,Shipped,1439,5036.00,Central
2024-02-21,Shipped,4246,25471.00,Central
2025-12-01,Shipped,553,96056.00,North
2026-02-04,Shipped,4528,87765.00,South
2024-07-12,Shipped,3809,11139.00,Central
2024-11-26,Shipped,554,40219.00,Central
2024-01-02,Shipped,112,29510.00,West
2025-01-31,Shipped,855,79465.00,West
2025-04-18,Shipped,3837,21391.00,West
2025-07-24,Shipped,3689,52650.00,Central
2024-11-09,Shipped,3612,36173.00,North
2025-07-02,Shipped,4007,26139.00,Central
2026-01-10,Shipped,240,66678.00,South
2025-09-28,Shipped,3270,94172.00,Central
2024-07-08,Shipped,3418,80350.00,Central
2024-12-07,Shipped,1297,79645.00,East
2025-09-03,Shipped,660,68357.00,South
2026-01-10,Shipped,4729,21921.00,North
2025-07-29,Shipped,590,49038.00,West
2025-10-12,Shipped,3819,38386.00,East
2025-03-16,Shipped,3063,52597.00,Central
2025-09-04,Shipped,4798,48241.00,East
2024-10-29,Shipped,2287,97787.00,West
2024-07-17,Shipped,3764,84924.00,North
2025-05-25,Shipped,3886,45584.00,North
2025-04-05,Shipped,416,61851.00,Central
2025-01-18,Shipped,2577,94561.00,West
2024-06-17,Shipped,229,23013.00,West
2024-11-09,Shipped,4270,57107.00,South
2026-04-17,Shipped,2201,94701.00,North
2024-04-04,Shipped,4114,80307.00,South
2025-02-07,Shipped,478,98336.00,East
2026-04-15,Shipped,2558,12793.00,East
2025-09-20,Shipped,2291,89945.00,Central
2025-11-14,Shipped,4688,23961.00,Central
2024-02-25,Shipped,19,93766.00,East
2024-05-15,Shipped,2655,23217.00,East
2026-03-14,Shipped,1357,32105.00,Central
2025-05-26,Shipped,733,32440.00,Central
2025-11-07,Shipped,1305,30071.00,Central
2025-04-30,Shipped,640,20828.00,North
2024-09-24,Shipped,501,96442.00,Central
2026-05-07,Shipped,1961,68788.00,Central
2025-07-05,Shipped,2524,92088.00,North
2025-08-02,Shipped,2211,53876.00,Central
2024-11-04,Shipped,3979,8680.00,Central
2025-03-13,Shipped,2556,97389.00,South
2026-01-28,Shipped,4805,34294.00,North
2024-08-27,Shipped,3470,77195.00,Central
2024-10-10,Shipped,4936,56709.00,South
2025-03-01,Shipped,1916,98776.00,South
2026-02-28,Shipped,763,66576.00,North
2025-01-25,Shipped,777,83742.00,Central
2024-10-05,Shipped,1317,12933.00,North
2025-06-19,Shipped,2292,25118.00,North
2024-06-30,Shipped,3647,45536.00,South
2024-01-11,Shipped,4227,9081.00,East
2024-02-13,Shipped,1174,35046.00,South
2024-02-02,Shipped,2503,73031.00,East
2025-04-03,Shipped,3718,62242.00,Central
2025-09-23,Shipped,572,81081.00,East
2025-07-03,Shipped,753,16586.00,North
2024-10-04,Shipped,178,89076.00,Central
2024-12-01,Shipped,3001,93410.00,Central
2025-08-20,Shipped,2859,83023.00,East
2026-04-15,Shipped,3127,73870.00,East
2024-11-21,Shipped,1835,42918.00,Central
2024-06-04,Shipped,2564,45587.00,West
2025-06-12,Shipped,3608,77192.00,Central
2025-09-21,Shipped,690,83314.00,Central
2024-04-21,Shipped,4427,50858.00,South
2026-05-13,Shipped,471,53552.00,North
2024-04-01,Shipped,598,5571.00,Central
2026-05-02,Shipped,3047,19164.00,Central
2026-03-10,Shipped,3812,72270.00,Central
2024-11-03,Shipped,3884,77155.00,Central
2025-06-20,Shipped,1078,972.00,South
2026-01-22,Shipped,3755,71746.00,Central
2025-10-09,Shipped,265,82047.00,West
2026-02-22,Shipped,1679,29752.00,North
2025-11-19,Shipped,130,88907.00,Central
2024-02-02,Shipped,1852,13922.00,South
2024-03-10,Shipped,4877,33986.00,South
2024-07-27,Shipped,3474,27588.00,Central
2024-05-23,Shipped,1276,76642.00,South
2026-02-12,Shipped,1138,2710.00,Central
2026-03-23,Shipped,835,85847.00,East
2024-09-02,Shipped,4552,55144.00,North
2024-09-05,Shipped,4351,58171.00,North
2024-07-06,Shipped,3395,31529.00,Central
2024-10-04,Shipped,2771,41213.00,Central
2025-09-25,Shipped,3899,81440.00,South
2024-10-30,Shipped,4884,43480.00,East
2024-02-26,Shipped,2116,12005.00,Central
2025-09-09,Shipped,3057,94377.00,West
2024-05-29,Shipped,3849,30423.00,South
2024-06-26,Shipped,239,10920.00,Central
2025-04-09,Shipped,4969,22401.00,Central
2025-06-08,Shipped,3538,18288.00,East
2024-08-04,Shipped,160,18084.00,West
2026-01-17,Shipped,3320,12423.00,Central
2024-07-01,Shipped,4734,34241.00,North
2025-08-02,Shipped,75,41898.00,South
2026-01-06,Shipped,2057,77491.00,Central
2024-02-07,Shipped,1309,82950.00,North
2026-01-21,Shipped,1363,65183.00,Central
2025-12-11,Shipped,3891,82059.00,North
2024-07-17,Shipped,4524,85223.00,North
2025-06-17,Shipped,2022,41873.00,West
2024-10-18,Shipped,2529,619.00,South
2024-05-09,Shipped,1659,70895.00,Central
2025-05-22,Shipped,2968,41089.00,West
2025-04-16,Shipped,3756,92670.00,East
2025-10-04,Shipped,4717,79360.00,Central
2024-06-07,Shipped,1221,63997.00,West
2026-02-07,Shipped,1113,28801.00,South
2025-12-07,Shipped,147,76718.00,North
2024-08-27,Shipped,2348,90152.00,Central
2025-11-12,Shipped,149,90212.00,North
2025-08-26,Shipped,3795,98303.00,Central
2025-06-15,Shipped,3544,2064.00,East
2026-05-04,Shipped,1856,50128.00,Central
2024-06-08,Shipped,2008,76990.00,Central
2025-06-05,Shipped,1098,32386.00,North
2024-06-15,Shipped,767,71833.00,Central
2026-05-22,Shipped,4146,78433.00,Central
2025-07-03,Shipped,331,61200.00,Central
2026-03-11,Shipped,568,53426.00,South
2025-03-20,Shipped,3065,88523.00,West
2025-03-22,Shipped,3382,70350.00,North
2026-03-18,Shipped,847,27785.00,South
2024-11-20,Shipped,1316,89389.00,Central
2024-10-26,Shipped,2600,28031.00,West
2025-02-25,Shipped,1277,72105.00,South
2025-10-02,Shipped,3664,18706.00,South
2025-01-18,Shipped,2183,60872.00,Central
2025-08-06,Shipped,4069,32480.00,Central
2024-07-10,Shipped,4361,12682.00,Central
2024-11-18,Shipped,2781,2969.00,South
2025-11-28,Shipped,3748,40184.00,Central
2024-02-02,Shipped,1908,48808.00,Central
2026-02-02,Shipped,180,1973.00,North
2025-02-04,Shipped,1383,27910.00,East
2024-05-28,Shipped,927,36176.00,Central
2026-01-12,Shipped,820,42195.00,Central
2026-05-23,Shipped,4713,31722.00,East
2025-12-20,Shipped,1886,1868.00,Central
2025-07-08,Shipped,4452,37288.00,Central
2025-12-25,Shipped,2542,20359.00,South
2025-01-31,Shipped,3321,82769.00,Central
2024-02-11,Shipped,587,78520.00,Central
2026-01-10,Shipped,1227,67369.00,Central
2025-11-30,Shipped,3487,74006.00,Central
2025-02-22,Shipped,3225,63641.00,Central
2026-05-25,Shipped,396,25751.00,West
2025-01-25,Shipped,4447,52744.00,Central
2024-07-06,Shipped,1621,10056.00,Central
2024-03-06,Shipped,1065,18631.00,North
2024-10-16,Shipped,1748,19219.00,East
2024-01-06,Shipped,470,72410.00,East
2026-03-27,Shipped,2273,88234.00,Central
2024-06-21,Shipped,3317,19866.00,Central
2025-01-11,Shipped,3927,74298.00,East
2024-03-15,Shipped,555,1234.00,South
2025-12-15,Shipped,3075,6119.00,West
2026-05-05,Shipped,1729,13330.00,Central
2024-07-02,Shipped,4106,93586.00,East
2025-03-18,Shipped,1070,89512.00,Central
2025-11-25,Shipped,4226,24341.00,East
2024-01-17,Shipped,3332,10832.00,West
2024-02-06,Shipped,364,16236.00,South
2024-11-19,Shipped,3661,30324.00,Central
2025-05-18,Shipped,1955,107.00,South
2026-05-06,Shipped,1142,85467.00,West
2024-11-22,Shipped,4663,39633.00,East
2024-10-25,Shipped,2368,92026.00,East
2024-04-04,Shipped,2089,27186.00,Central
2025-12-10,Shipped,4798,49905.00,North
2024-12-14,Shipped,4766,85205.00,East
2026-04-21,Shipped,4649,3095.00,North
2025-03-21,Shipped,1119,11443.00,North
2025-02-06,Shipped,776,50889.00,North
2024-03-06,Shipped,3051,61967.00,West
2025-03-12,Shipped,2809,92616.00,East
2025-11-09,Shipped,1024,96649.00,North
2026-05-05,Shipped,736,8525.00,Central
2024-03-31,Shipped,400,8962.00,West
2025-10-27,Shipped,4172,37071.00,South
2026-04-02,Shipped,4692,97457.00,East
2025-06-09,Shipped,45,61810.00,Central
2026-04-22,Shipped,3323,1947.00,West
2024-01-12,Shipped,3909,83233.00,East
2026-05-15,Shipped,742,32391.00,Central
2024-08-09,Shipped,646,32289.00,South
2024-04-06,Shipped,3393,63385.00,North
2026-05-12,Shipped,3558,47084.00,Central
2024-08-15,Shipped,3798,33879.00,North
2024-10-06,Shipped,3536,55108.00,South
2024-02-09,Shipped,2532,5298.00,East
2025-06-01,Shipped,43,6649.00,North
2025-03-25,Shipped,3458,83361.00,West
2024-10-18,Shipped,3273,62555.00,Central
2025-02-01,Shipped,671,6572.00,Central
2024-09-24,Shipped,386,37128.00,South
2025-04-18,Shipped,4521,1984.00,South
2024-04-26,Shipped,4796,13097.00,Central
2024-06-28,Shipped,2517,10339.00,South
2025-11-25,Shipped,2680,92739.00,Central
2025-12-26,Shipped,494,17496.00,North
2025-07-03,Shipped,563,9295.00,North
2024-02-17,Shipped,4373,39470.00,East
2025-01-23,Shipped,1599,66722.00,South
2024-07-10,Shipped,4903,76599.00,East
2025-12-25,Shipped,4145,79961.00,Central
2025-12-10,Shipped,3208,52140.00,South
2025-06-02,Shipped,741,53915.00,North
2025-04-21,Shipped,874,21177.00,South
2025-12-21,Shipped,2900,80623.00,Central
2025-02-07,Shipped,542,3015.00,Central
2025-04-25,Shipped,1417,88055.00,South
2026-04-20,Shipped,3651,40368.00,Central
2025-08-09,Shipped,3811,39830.00,Central
2025-03-19,Shipped,45,26524.00,West
2025-05-05,Shipped,4905,41809.00,South
2025-10-22,Shipped,47,68210.00,Central
2026-04-17,Shipped,4436,23252.00,South
2024-06-25,Shipped,1729,33246.00,East
2024-02-21,Shipped,2485,64705.00,Central
2024-06-18,Shipped,1971,61703.00,West
2024-05-21,Shipped,1735,64879.00,Central
2026-05-14,Shipped,916,97362.00,Central
2024-12-29,Shipped,3670,61536.00,North
2025-06-08,Shipped,2963,26000.00,West
2026-05-25,Shipped,4227,41018.00,East
2026-04-29,Shipped,1049,6490.00,South
2024-02-07,Shipped,411,69148.00,Central
2024-03-24,Shipped,3966,1400.00,North
2025-02-03,Shipped,2615,89719.00,Central
2024-08-19,Shipped,1091,76118.00,Central
2025-06-05,Shipped,305,13947.00,South
2024-02-26,Shipped,2476,93378.00,Central
2024-09-30,Shipped,1614,4057.00,North
2025-11-05,Shipped,1180,48022.00,East
2024-09-20,Shipped,1280,2563.00,Central
2025-08-16,Shipped,4559,19969.00,Central
2026-01-23,Shipped,2993,54765.00,South
2024-10-12,Shipped,4393,35399.00,East
2025-04-21,Shipped,1092,80877.00,Central
2024-04-18,Shipped,3961,72830.00,Central
2025-09-06,Shipped,2865,32158.00,South
2024-02-27,Shipped,3315,80357.00,Central
2024-06-18,Shipped,1226,24574.00,North
2024-05-24,Shipped,4087,57893.00,East
2025-08-03,Shipped,2811,40899.00,East
2024-06-19,Shipped,3327,48033.00,South
2025-08-16,Shipped,3034,15492.00,Central
2024-03-17,Shipped,4669,85021.00,Central
2024-04-12,Shipped,1878,96659.00,Central
2025-05-31,Shipped,1045,3313.00,Central
2026-04-30,Shipped,1585,33185.00,Central
2024-05-11,Shipped,3390,17847.00,Central
2024-08-16,Shipped,2763,55909.00,South
2024-04-08,Shipped,3810,2331.00,North
2026-01-09,Shipped,1212,63051.00,South
2026-05-24,Shipped,3616,44948.00,North
2024-02-17,Shipped,1073,35478.00,Central
2024-03-30,Shipped,4685,48974.00,North
2024-05-04,Shipped,2253,75965.00,Central
2026-05-10,Shipped,4458,47244.00,North
2025-11-28,Shipped,806,60967.00,North
2025-02-18,Shipped,969,14855.00,Central
2024-12-27,Shipped,3083,68115.00,South
2024-09-28,Shipped,3912,56994.00,West
2025-10-19,Shipped,2300,77008.00,Central
2024-03-19,Shipped,1102,33312.00,North
2026-05-23,Shipped,267,45092.00,Central
2024-04-05,Shipped,144,34421.00,North
2025-01-15,Shipped,2491,18338.00,Central
2024-01-01,Shipped,4868,95174.00,South
2025-08-10,Shipped,1665,22796.00,North
2025-12-12,Shipped,1311,30349.00,Central
2025-01-14,Shipped,3620,63187.00,Central
2025-03-11,Shipped,2572,10260.00,North
2025-02-03,Shipped,4529,54589.00,Central
2024-02-28,Shipped,1747,74590.00,Central
2025-05-10,Shipped,506,11433.00,South
2024-08-30,Shipped,4712,93782.00,East
2025-04-02,Shipped,547,75098.00,East
2025-12-25,Shipped,1663,40655.00,Central
2026-01-13,Shipped,4944,69284.00,North
2025-11-01,Shipped,4962,41516.00,West
2026-03-26,Shipped,2953,74496.00,North
2025-11-14,Shipped,1826,19925.00,South
2024-01-15,Shipped,3965,28398.00,South
2025-08-03,Shipped,2908,45445.00,Central
2026-05-22,Shipped,440,74370.00,East
2025-10-09,Shipped,3532,26895.00,Central
2025-01-29,Shipped,754,33941.00,Central
2025-02-23,Shipped,1511,77310.00,Central
2024-03-27,Shipped,884,61595.00,Central
2024-11-09,Shipped,790,16247.00,North
2026-03-30,Shipped,1192,61259.00,West
2026-01-23,Shipped,381,80898.00,Central
2024-02-20,Shipped,1763,84422.00,North
2025-08-04,Shipped,92,98925.00,Central
2024-11-24,Shipped,4410,51008.00,South
2026-05-17,Shipped,4327,34278.00,Central
2025-01-18,Shipped,2875,30293.00,West
2025-12-04,Shipped,3295,54568.00,North
2025-12-07,Shipped,3732,33084.00,Central
2025-09-28,Shipped,802,8110.00,East
2025-12-07,Shipped,3930,97611.00,Central
2024-07-03,Shipped,4284,77272.00,West
2025-07-15,Shipped,2481,5907.00,Central
2024-05-27,Shipped,4665,44489.00,Central
2025-10-30,Shipped,2213,66882.00,West
2025-01-29,Shipped,3668,23894.00,East
2024-02-25,Shipped,3504,21966.00,Central
2025-03-12,Shipped,4328,29388.00,Central
2024-09-12,Shipped,365,71417.00,South
2025-02-18,Shipped,4187,82164.00,North
2026-03-10,Shipped,1445,89945.00,Central
2026-04-21,Shipped,824,50095.00,North
2024-09-05,Shipped,2533,61098.00,Central
2024-01-21,Shipped,62,71517.00,Central
2026-02-15,Shipped,152,77048.00,West
2024-03-16,Shipped,620,29516.00,East
2025-05-31,Shipped,1435,53857.00,North
2024-11-03,Shipped,4428,1143.00,East
2025-10-26,Shipped,2506,6025.00,North
2024-04-16,Shipped,1410,7209.00,Central
2025-01-06,Shipped,4516,81630.00,West
2024-03-11,Shipped,2199,96348.00,Central
2024-05-27,Shipped,2922,57648.00,North
2025-11-25,Shipped,3084,25745.00,Central
2025-11-21,Shipped,1222,79371.00,Central
2024-03-02,Shipped,2115,31231.00,Central
2025-01-13,Shipped,1623,84407.00,North
2025-10-11,Shipped,2630,12600.00,East
2024-08-24,Shipped,2670,19984.00,North
2024-05-15,Shipped,4335,94785.00,Central
2024-07-21,Shipped,4955,54751.00,North
2024-02-03,Shipped,4268,66993.00,North
2024-06-29,Shipped,3636,79015.00,North
2024-08-08,Shipped,2979,95754.00,Central
2026-03-31,Shipped,2255,18231.00,South
2025-03-11,Shipped,2911,8917.00,East
2024-06-02,Shipped,3509,39639.00,Central
2025-01-15,Shipped,3350,33316.00,South
2025-04-07,Shipped,4255,61922.00,Central
2024-02-07,Shipped,393,46314.00,Central
2025-11-23,Shipped,1664,78797.00,Central
2024-09-28,Shipped,1031,50740.00,North
2024-11-21,Shipped,1439,75725.00,Central
2024-02-18,Shipped,3699,79053.00,Central
2025-07-13,Shipped,1190,92225.00,West
2024-05-03,Shipped,4913,63209.00,North
2024-06-06,Shipped,465,71044.00,North
2026-04-25,Shipped,333,16066.00,Central
2025-05-23,Shipped,2098,67566.00,North
2024-04-08,Shipped,2040,29217.00,East
2024-10-30,Shipped,2271,97921.00,East
2026-02-08,Shipped,3815,94030.00,Central
2025-07-25,Shipped,1575,63375.00,West
2024-07-25,Shipped,3238,41647.00,North
2025-07-07,Shipped,4566,92023.00,East
2024-09-27,Shipped,1788,49377.00,South
2025-04-16,Shipped,834,22473.00,South
2025-08-26,Shipped,2386,47923.00,South
2024-10-06,Shipped,4023,78558.00,South
2024-07-13,Shipped,19,90069.00,Central
2024-04-16,Shipped,4769,6513.00,North
2024-03-21,Shipped,520,82931.00,West
2024-09-17,Shipped,311,27004.00,North
2025-01-20,Shipped,1703,77061.00,Central
2024-09-01,Shipped,4421,61632.00,South
2024-05-30,Shipped,906,86761.00,Central
2025-09-24,Shipped,4067,76313.00,Central
2024-11-17,Shipped,3230,47089.00,West
2024-09-20,Shipped,2259,95135.00,Central
2025-11-03,Shipped,2180,50771.00,Central
2024-10-18,Shipped,177,73706.00,Central
2025-05-02,Shipped,3917,72770.00,North
2025-06-15,Shipped,2025,39545.00,Central
2024-05-19,Shipped,964,50469.00,West
2025-07-24,Shipped,2265,75389.00,North
2025-02-25,Shipped,2565,89678.00,South
2025-10-05,Shipped,3,35315.00,South
2025-10-31,Shipped,3139,75206.00,South
2025-06-08,Shipped,1745,44006.00,Central
2026-01-28,Shipped,2922,43184.00,Central
2024-08-22,Shipped,3845,65816.00,West
2024-04-05,Shipped,628,33726.00,East
2024-11-14,Shipped,4734,97069.00,North
2025-10-25,Shipped,540,90356.00,Central
2024-12-19,Shipped,3351,52939.00,North
2024-04-29,Shipped,3195,17054.00,South
2024-01-14,Shipped,3914,2029.00,South
2026-03-04,Shipped,2156,81552.00,North
2025-02-24,Shipped,4970,29396.00,West
2024-06-07,Shipped,3876,28615.00,Central
2024-07-09,Shipped,4477,11486.00,South
2025-10-06,Shipped,4572,9383.00,Central
2026-05-21,Shipped,3419,17179.00,West
2025-08-24,Shipped,428,29383.00,Central
2024-09-02,Shipped,1609,37407.00,West
2024-08-27,Shipped,3836,59609.00,Central
2025-06-17,Shipped,1073,69363.00,North
2024-07-26,Shipped,418,23825.00,Central
2024-05-14,Shipped,2968,71406.00,Central
2025-08-11,Shipped,3569,77525.00,North
2024-12-16,Shipped,2135,48749.00,West
2024-07-09,Shipped,4373,57263.00,East
2024-10-06,Shipped,4921,87699.00,Central
2024-12-23,Shipped,2312,42000.00,Central
2024-02-24,Shipped,1125,27282.00,Central
2026-05-12,Shipped,4982,31437.00,Central
2026-03-17,Shipped,4819,3825.00,Central
2025-06-16,Shipped,4596,72913.00,East
2025-12-25,Shipped,4505,10023.00,North
2024-08-15,Shipped,1077,97085.00,East
2026-01-25,Shipped,1947,57985.00,East
2025-02-10,Shipped,2621,66958.00,South
2025-02-28,Shipped,2680,28427.00,West
2024-06-03,Shipped,4779,71272.00,Central
2026-03-22,Shipped,1630,6274.00,North
2025-08-10,Shipped,1191,52385.00,East
2025-03-29,Shipped,2818,10270.00,East
2024-09-05,Shipped,4756,71245.00,Central
2025-06-17,Shipped,2352,5323.00,North
2025-01-30,Shipped,3591,1214.00,North
2025-06-29,Shipped,1093,45970.00,East
2026-05-19,Shipped,3860,33181.00,West
2026-01-09,Shipped,1520,957.00,West
2025-04-11,Shipped,4872,69556.00,South
2026-01-31,Shipped,1801,90782.00,South
2025-08-01,Shipped,1505,30900.00,East
2026-04-06,Shipped,483,18924.00,South
2024-04-07,Shipped,4768,15985.00,Central
2025-08-29,Shipped,1096,55523.00,North
2024-10-25,Shipped,1278,40651.00,North
2026-04-03,Shipped,3426,3382.00,Central
2026-01-01,Shipped,2659,61789.00,East
2025-07-14,Shipped,2691,86544.00,Central
2024-02-14,Shipped,1778,62422.00,North
2025-12-06,Shipped,2753,47636.00,Central
2026-04-02,Shipped,832,55448.00,East
2025-11-29,Shipped,3596,40042.00,East
2024-08-12,Shipped,354,67503.00,Central
2024-10-15,Shipped,2411,71554.00,Central
2024-05-21,Shipped,3554,11933.00,South
2025-05-22,Shipped,4428,7883.00,Central
2025-04-22,Shipped,1644,96598.00,West
2026-03-10,Shipped,3516,42702.00,North
2024-08-22,Shipped,247,9638.00,North
2025-02-01,Shipped,3218,48791.00,Central
2025-01-12,Shipped,4702,21229.00,North
2025-10-18,Shipped,3560,77813.00,North
2025-01-13,Shipped,2205,54494.00,West
2025-08-09,Shipped,2767,8125.00,North
2025-08-14,Shipped,4567,40655.00,North
2024-05-20,Shipped,4008,60755.00,Central
2026-02-20,Shipped,2292,92006.00,West
2025-12-23,Shipped,3190,34593.00,Central
2025-06-01,Shipped,3682,85151.00,North
2025-07-26,Shipped,2430,20183.00,Central
2024-08-24,Shipped,4060,21810.00,Central
2024-05-20,Shipped,2524,11085.00,Central
2024-02-01,Shipped,1316,27547.00,East
2026-04-26,Shipped,1014,67370.00,South
2026-01-23,Shipped,4482,46186.00,North
2026-05-07,Shipped,3095,31942.00,Central
2025-05-20,Shipped,3682,10145.00,Central
2025-05-07,Shipped,1187,29415.00,Central
2024-12-06,Shipped,1451,89806.00,North
2024-03-21,Shipped,4789,8047.00,Central
2025-03-05,Shipped,839,18523.00,Central
2024-12-01,Shipped,3461,69687.00,Central
2024-06-26,Shipped,4436,34240.00,South
2024-02-18,Shipped,3410,93622.00,Central
2024-03-03,Shipped,1845,34513.00,South
2024-06-03,Shipped,2092,94393.00,Central
2024-08-29,Shipped,484,82765.00,North
2026-03-29,Shipped,1288,94935.00,North
2024-11-14,Shipped,1824,48928.00,Central
2024-06-13,Shipped,2549,2245.00,Central
2024-10-29,Shipped,2609,95527.00,East
2024-12-13,Shipped,2793,69380.00,Central
2024-11-26,Shipped,2280,39508.00,East
2025-03-16,Shipped,3586,84481.00,Central
2025-08-31,Shipped,4164,13069.00,Central
2026-02-08,Shipped,4333,91445.00,North
2024-08-30,Shipped,4513,17167.00,South
2025-05-23,Shipped,3213,32344.00,Central
2025-06-16,Shipped,979,68395.00,North
2024-06-09,Shipped,3445,17773.00,South
2025-01-03,Shipped,2096,13221.00,North
2024-12-16,Shipped,4752,97213.00,North
2025-06-21,Shipped,4742,73624.00,North
2025-01-07,Shipped,909,21412.00,Central
2025-06-14,Shipped,1723,18291.00,East
2024-05-14,Shipped,4688,89624.00,North
2025-07-29,Shipped,1989,17372.00,East
2025-03-05,Shipped,2267,23675.00,Central
2025-11-25,Shipped,4920,89515.00,South
2024-06-02,Shipped,1612,15382.00,Central
2025-07-29,Shipped,1027,33748.00,North
2024-05-08,Shipped,4452,59895.00,East
2026-03-10,Shipped,3464,575.00,South
2025-03-03,Shipped,2724,17033.00,West
2024-07-10,Shipped,248,41535.00,Central
2025-07-01,Shipped,863,27143.00,North
2024-10-07,Shipped,4459,7255.00,Central
2025-04-03,Shipped,2577,72470.00,Central
2024-01-15,Shipped,2283,70440.00,Central
2024-04-08,Shipped,3962,95218.00,Central
2025-05-15,Shipped,2775,49219.00,East
2024-08-30,Shipped,2539,79354.00,North
2025-07-16,Shipped,3226,7455.00,North
2024-05-16,Shipped,4140,52700.00,East
2025-06-16,Shipped,420,30121.00,North
2025-09-23,Shipped,1156,41762.00,Central
2025-09-20,Shipped,2643,38149.00,South
2024-03-12,Shipped,296,23315.00,North
2024-09-10,Shipped,585,40320.00,Central
2025-05-31,Shipped,4985,75864.00,Central
2024-01-08,Shipped,4313,75551.00,West
2026-03-07,Shipped,918,31045.00,South
2024-07-20,Shipped,1055,68057.00,Central
2025-04-29,Shipped,581,18736.00,West
2024-09-18,Shipped,2779,63630.00,Central
2025-02-02,Shipped,1123,83888.00,Central
2024-01-28,Shipped,3697,53745.00,Central
2026-04-02,Shipped,4361,77741.00,Central
2025-10-05,Shipped,2916,30731.00,East
2025-06-28,Shipped,1978,60680.00,Central
2025-02-23,Shipped,4618,3667.00,North
2026-03-30,Shipped,1139,11140.00,Central
2025-02-27,Shipped,2361,89060.00,North
2024-08-16,Shipped,1373,7507.00,East
2026-01-17,Shipped,4801,57971.00,East
2025-08-15,Shipped,1957,39780.00,South
2024-09-22,Shipped,3758,69896.00,Central
2024-10-22,Shipped,1087,85988.00,East
2024-08-05,Shipped,4425,88597.00,Central
2025-04-19,Shipped,4876,93714.00,Central
2024-10-04,Shipped,3715,40132.00,South
2025-08-05,Shipped,4610,89404.00,West
2025-11-25,Shipped,1054,33636.00,North
2025-09-12,Shipped,3293,64731.00,Central
2025-10-14,Shipped,3652,46866.00,Central
2025-03-17,Shipped,4351,77574.00,North
2025-08-09,Shipped,4881,46060.00,South
2026-02-14,Shipped,4957,19480.00,Central
2024-12-25,Shipped,4996,79666.00,East
2025-09-24,Shipped,794,52492.00,Central
2024-07-06,Shipped,437,93347.00,South
2025-06-10,Shipped,485,23841.00,Central
2025-12-02,Shipped,1100,55912.00,West
2024-02-14,Shipped,1380,68887.00,Central
2024-10-14,Shipped,1479,64074.00,Central
2024-12-01,Shipped,2173,90056.00,South
2025-07-08,Shipped,4684,49476.00,Central
2026-04-25,Shipped,4077,94710.00,North
2024-08-04,Shipped,4172,35225.00,West
2025-05-14,Shipped,3495,69805.00,West
2025-11-30,Shipped,310,70327.00,Central
2025-06-17,Shipped,809,30836.00,Central
2024-08-07,Shipped,4541,83392.00,North
2026-03-01,Shipped,4420,85674.00,North
2025-10-08,Shipped,2129,89104.00,South
2024-07-23,Shipped,504,26050.00,South
2025-07-25,Shipped,212,75134.00,Central
2026-04-12,Shipped,258,91889.00,North
2024-04-16,Shipped,902,59581.00,West
2025-06-03,Shipped,852,24576.00,South
2024-08-01,Shipped,251,79494.00,East
2026-01-20,Shipped,1444,57570.00,South
2025-12-18,Shipped,570,93746.00,West
2025-07-08,Shipped,2286,5431.00,Central
2025-08-22,Shipped,1442,42943.00,North
2024-10-01,Shipped,4530,33080.00,Central
2024-10-31,Shipped,1219,43085.00,West
2024-03-20,Shipped,4565,57659.00,South
2024-12-10,Shipped,16,54243.00,East
2025-03-08,Shipped,4098,86540.00,Central
2024-06-10,Shipped,2091,47150.00,Central
2024-06-23,Shipped,2588,16873.00,North
2024-03-23,Shipped,2250,4581.00,East
2025-04-19,Shipped,4387,72175.00,South
2026-05-05,Shipped,4013,4069.00,South
2026-02-02,Shipped,534,93793.00,South
2025-11-13,Shipped,4873,18320.00,South
2025-10-06,Shipped,4247,53355.00,South
2024-05-20,Shipped,3615,51310.00,West
2025-05-05,Shipped,3704,11263.00,North
2025-01-15,Shipped,3049,20565.00,North
2026-05-12,Shipped,2470,23953.00,North
2025-03-01,Shipped,2940,34256.00,East
2024-09-16,Shipped,4451,61401.00,Central
2025-06-16,Shipped,2143,64048.00,Central
2026-02-05,Shipped,195,75260.00,East
2025-06-01,Shipped,2064,99008.00,Central
2025-11-08,Shipped,1690,81144.00,Central
2025-08-20,Shipped,2491,4767.00,Central
2025-02-02,Shipped,1329,48589.00,South
2024-07-25,Shipped,1858,26563.00,West
2024-12-11,Shipped,1516,39543.00,Central
2025-04-07,Shipped,87,74994.00,Central
2025-03-17,Shipped,3610,25154.00,Central
2025-08-28,Shipped,623,35768.00,Central
2025-09-16,Shipped,4390,794.00,Central
2024-06-24,Shipped,2428,45745.00,North
2024-11-24,Shipped,4050,521.00,North
2024-05-21,Shipped,658,91004.00,South
2026-05-15,Shipped,291,60508.00,North
2026-04-18,Shipped,2166,10650.00,Central
2024-02-06,Shipped,3122,70205.00,West
2024-11-09,Shipped,1842,66663.00,Central
2025-10-10,Shipped,2752,794.00,Central
2025-06-27,Shipped,1040,51272.00,South
2025-08-13,Shipped,2660,80743.00,Central
2025-06-23,Shipped,3985,39572.00,Central
2024-02-15,Shipped,4325,16426.00,South
2024-05-15,Shipped,530,36712.00,South
2025-11-03,Shipped,1249,43630.00,South
2025-09-12,Shipped,3433,40639.00,Central
2026-04-24,Shipped,100,78058.00,West
2025-10-04,Shipped,583,58048.00,West
2025-10-12,Shipped,1377,89585.00,West
2024-03-28,Shipped,715,62643.00,Central
2026-05-26,Shipped,4302,81316.00,North
2025-08-09,Shipped,907,66506.00,Central
2025-03-07,Shipped,4766,54887.00,North
2025-07-09,Shipped,3468,39852.00,East
2024-11-25,Shipped,7,81615.00,West
2025-07-16,Shipped,2568,3295.00,Central
2026-03-30,Shipped,206,39858.00,North
2024-06-07,Shipped,1604,75881.00,East
2025-07-10,Shipped,4938,85738.00,West
2026-04-28,Shipped,1234,96786.00,Central
2024-01-29,Shipped,3461,90387.00,South
2024-09-22,Shipped,2051,54357.00,Central
2024-06-22,Shipped,1578,90819.00,East
2025-04-02,Shipped,249,9461.00,North
2024-02-01,Shipped,2359,40768.00,Central
2024-07-31,Shipped,2878,72960.00,South
2024-12-20,Shipped,4795,9269.00,South
2025-04-08,Shipped,4816,88309.00,Central
2025-06-04,Shipped,2377,1771.00,East
2024-05-04,Shipped,47,86163.00,West
2024-01-12,Shipped,4990,28983.00,Central
2026-05-14,Shipped,4934,66441.00,Central
2024-03-20,Shipped,3446,72808.00,Central
2024-08-06,Shipped,3667,49491.00,South
2025-11-19,Shipped,2594,49504.00,Central
2025-03-22,Shipped,1687,6832.00,North
2026-01-09,Shipped,1367,80211.00,South
2024-10-18,Shipped,3929,25867.00,North
2025-11-01,Shipped,1326,84704.00,South
2024-01-19,Shipped,1582,57168.00,North
2024-09-08,Shipped,271,10623.00,West
2024-12-05,Shipped,4307,30802.00,North
2025-11-13,Shipped,3221,34759.00,Central
2025-03-12,Shipped,383,62799.00,Central
2026-05-11,Shipped,435,1271.00,South
2026-03-19,Shipped,1485,45581.00,East
2024-02-28,Shipped,2474,72576.00,Central
2025-08-17,Shipped,1372,54712.00,West
2025-06-11,Shipped,3642,7150.00,North
2025-12-01,Shipped,520,68039.00,Central
2025-07-11,Shipped,2650,26737.00,Central
2025-09-02,Shipped,1133,16587.00,North
2025-10-03,Shipped,2963,98717.00,South
2026-02-04,Shipped,3357,56277.00,Central
2025-11-27,Shipped,2276,5955.00,North
2025-02-22,Shipped,4432,20388.00,North
2024-01-13,Shipped,2683,78352.00,North
2025-10-16,Shipped,199,78616.00,South
2025-11-12,Shipped,141,71244.00,East
2024-03-23,Shipped,4004,87551.00,West
2024-11-24,Shipped,402,78411.00,Central
2024-08-20,Shipped,2217,77896.00,Central
2024-11-02,Shipped,4572,68129.00,Central
2025-02-14,Shipped,1013,72850.00,South
2024-04-02,Shipped,3395,29751.00,East
2024-03-30,Shipped,416,14387.00,Central
2024-09-19,Shipped,2967,55225.00,South
2025-07-29,Shipped,4390,16393.00,North
2025-02-27,Shipped,1806,51755.00,East
2024-12-16,Shipped,1946,24761.00,West
2025-08-20,Shipped,2403,38688.00,East
2024-09-12,Shipped,3894,80543.00,Central
2024-05-03,Shipped,4879,90061.00,South
2025-05-19,Shipped,2415,76397.00,West
2025-08-12,Shipped,533,66168.00,Central
2024-05-17,Shipped,4141,59952.00,North
2025-05-17,Shipped,3043,6584.00,Central
2024-10-19,Shipped,1785,73307.00,East
2025-12-12,Shipped,212,90239.00,Central
2024-06-17,Shipped,720,51616.00,Central
2024-03-07,Shipped,2397,34643.00,East
2025-10-11,Shipped,944,29348.00,North
2026-01-09,Shipped,3807,54087.00,Central
2025-08-24,Shipped,3294,17706.00,Central
2025-08-16,Shipped,4739,81988.00,West
2025-05-05,Shipped,3452,39687.00,South
2026-05-22,Shipped,2320,35172.00,North
2025-08-08,Shipped,3769,95982.00,North
2024-12-27,Shipped,2817,51545.00,North
2024-02-11,Shipped,343,37103.00,East
2026-04-27,Shipped,3417,12000.00,North
2024-03-26,Shipped,4229,89335.00,Central
2024-08-25,Shipped,2017,53404.00,Central
2025-01-29,Shipped,491,63794.00,Central
2026-02-08,Shipped,4279,53323.00,Central
2024-07-30,Shipped,2961,7076.00,North
2025-11-22,Shipped,14,11305.00,Central
2024-04-14,Shipped,199,71065.00,Central
2024-01-03,Shipped,16,41150.00,East
2025-02-16,Shipped,645,83923.00,North
2025-06-11,Shipped,3819,90914.00,East
2026-02-21,Shipped,4492,29220.00,Central
2025-06-03,Shipped,1859,73879.00,North
2025-03-19,Shipped,4674,74312.00,Central
2024-03-12,Shipped,3361,20228.00,North
2024-06-24,Shipped,3060,87918.00,South
2026-05-03,Shipped,2071,58735.00,Central
2024-01-28,Shipped,2880,85490.00,Central
2024-06-25,Shipped,1696,70513.00,South
2025-11-24,Shipped,1235,56662.00,East
2025-07-08,Shipped,253,89716.00,North
2025-08-04,Shipped,4424,67405.00,South
2024-04-23,Shipped,3500,62778.00,Central
2025-09-21,Shipped,4069,83323.00,West
2025-01-14,Shipped,1713,83083.00,Central
2026-05-20,Shipped,4478,35981.00,Central
2024-05-29,Shipped,4,3905.00,West
2025-04-30,Shipped,4426,62176.00,South
2024-04-04,Shipped,2167,91651.00,South
2025-06-08,Shipped,1278,83288.00,North
2024-10-09,Shipped,4511,85864.00,East
2025-03-29,Shipped,659,7916.00,Central
2024-01-16,Shipped,4494,81684.00,South
2025-11-02,Shipped,1184,27323.00,Central
2025-08-28,Shipped,68,86954.00,South
2025-05-27,Shipped,3392,32792.00,Central
2026-03-02,Shipped,1725,56353.00,South
2025-02-08,Shipped,841,20827.00,Central
2025-05-02,Shipped,864,775.00,Central
2024-11-25,Shipped,1586,11059.00,Central
2024-09-24,Shipped,528,7287.00,South
2025-06-30,Shipped,2690,23294.00,South
2024-07-09,Shipped,1111,86690.00,Central
2024-04-04,Shipped,2209,96137.00,East
2025-12-07,Shipped,1918,75077.00,Central
2025-02-03,Shipped,2834,92867.00,East
2024-06-01,Shipped,4083,76313.00,North
2024-12-31,Shipped,31,12676.00,Central
2024-05-01,Shipped,1005,28790.00,North
2025-04-26,Shipped,957,39584.00,Central
2024-02-06,Shipped,3853,86442.00,Central
2025-07-09,Shipped,1558,24097.00,Central
2024-01-03,Shipped,1647,61862.00,Central
2024-08-02,Shipped,3403,30023.00,East
2025-11-13,Shipped,2698,95310.00,West
2025-04-14,Shipped,60,82889.00,North
2024-03-15,Shipped,4919,93443.00,East
2026-04-28,Shipped,3945,11887.00,East
2024-08-24,Shipped,957,8847.00,Central
2024-03-28,Shipped,2017,53582.00,South
2024-01-23,Shipped,574,45173.00,Central
2024-08-19,Shipped,2903,91201.00,North
2025-12-15,Shipped,4647,40477.00,North
2025-04-22,Shipped,1403,23410.00,North
2026-03-03,Shipped,3325,54706.00,South
2024-10-02,Shipped,3262,7187.00,Central
2025-01-13,Shipped,2609,25228.00,Central
2026-04-04,Shipped,2187,47328.00,Central
2026-01-15,Shipped,1994,18905.00,North
2024-07-28,Shipped,696,9859.00,Central
2025-09-21,Shipped,4135,75691.00,North
2026-01-13,Shipped,4101,53516.00,North
2025-03-14,Shipped,615,91648.00,Central
2025-08-21,Shipped,2042,2624.00,Central
2025-03-10,Shipped,4484,56634.00,Central
2025-07-24,Shipped,873,61127.00,North
2024-12-24,Shipped,2394,40529.00,West
2024-04-05,Shipped,1302,54320.00,Central
2024-05-06,Shipped,4515,40309.00,East
2024-03-20,Shipped,4604,66501.00,East
2026-05-20,Shipped,3934,29945.00,West
2024-09-28,Shipped,4653,44609.00,Central
2025-06-18,Shipped,709,97326.00,West
2024-10-24,Shipped,3910,96034.00,Central
2025-09-02,Shipped,4336,87439.00,North
2026-04-28,Shipped,3511,15587.00,Central
2026-04-11,Shipped,747,91214.00,West
2025-04-14,Shipped,4191,61905.00,North
2026-05-10,Shipped,1089,11236.00,South
2025-05-30,Shipped,4213,31702.00,Central
2025-04-05,Shipped,4877,56844.00,Central
2024-03-06,Shipped,1638,22142.00,North
2024-11-05,Shipped,2332,88511.00,South
2026-05-17,Shipped,1133,31510.00,Central
2025-12-30,Shipped,3483,30723.00,West
2025-02-16,Shipped,4690,15436.00,North
2025-05-26,Shipped,4645,28902.00,South
2025-10-07,Shipped,2271,57409.00,Central
2024-02-16,Shipped,2868,84996.00,East
2024-09-15,Shipped,2402,96106.00,East
2025-09-29,Shipped,4839,18125.00,Central
2026-04-28,Shipped,1798,63042.00,Central
2024-01-15,Shipped,5000,56780.00,South
2024-05-02,Shipped,3885,16615.00,South
2024-11-01,Shipped,1192,4001.00,South
2024-04-18,Shipped,590,15094.00,South
2025-09-04,Shipped,3746,67935.00,South
2025-08-09,Shipped,706,35849.00,Central
2026-02-14,Shipped,215,98899.00,West
2025-04-20,Shipped,1756,47233.00,North
2026-04-19,Shipped,97,96706.00,Central
2024-11-06,Shipped,6,95958.00,Central
2024-05-10,Shipped,1533,49208.00,North
2025-04-10,Shipped,616,59253.00,Central
2026-05-05,Shipped,1849,37310.00,East
2024-10-19,Shipped,2923,36385.00,Central
2024-05-25,Shipped,1948,45375.00,North
2025-04-28,Shipped,2545,18319.00,South
2025-08-14,Shipped,4858,83664.00,North
2025-08-26,Shipped,2925,48053.00,Central
2025-11-21,Shipped,2011,56647.00,Central
2024-11-23,Shipped,4784,25220.00,North
2024-05-31,Shipped,1555,35808.00,East
2024-10-11,Shipped,1486,2833.00,Central
2024-12-04,Shipped,1260,51139.00,North
2024-05-20,Shipped,3900,47929.00,North
2024-08-05,Shipped,1770,35655.00,Central
2026-03-11,Shipped,1407,5338.00,East
2024-09-10,Shipped,556,40855.00,Central
2024-06-01,Shipped,4332,2274.00,South
2024-05-29,Shipped,1006,11041.00,East
2024-02-17,Shipped,707,86435.00,Central
2026-01-16,Shipped,3152,60826.00,Central
2025-05-03,Shipped,3098,23981.00,North
2024-07-09,Shipped,1737,25378.00,North
2024-10-22,Shipped,3660,24395.00,South
2024-06-04,Shipped,458,68650.00,West
2025-08-31,Shipped,220,1042.00,Central
2025-06-08,Shipped,1689,31999.00,Central
2024-12-11,Shipped,1648,25736.00,Central
2024-07-12,Shipped,620,31224.00,Central
2025-02-04,Shipped,1783,66817.00,West
2024-05-12,Shipped,4491,40967.00,Central
2024-11-01,Shipped,2167,89862.00,West
2024-06-15,Shipped,82,95197.00,Central
2026-03-29,Shipped,1511,63647.00,Central
2025-07-20,Shipped,1743,54666.00,South
2024-05-09,Shipped,1624,88573.00,North
2025-07-09,Shipped,2992,93124.00,South
2026-03-23,Shipped,4651,91546.00,Central
2024-05-11,Shipped,3430,3870.00,South
2025-04-28,Shipped,4161,86927.00,Central
2026-04-09,Shipped,717,31855.00,West
2026-01-30,Shipped,78,79653.00,North
2026-04-13,Shipped,106,87916.00,East
2025-09-25,Shipped,3063,5447.00,North
2025-12-16,Shipped,2381,8836.00,Central
2024-03-20,Shipped,3597,70960.00,Central
2024-03-09,Shipped,4089,36413.00,Central
2024-12-24,Shipped,1194,85274.00,East
2024-11-22,Shipped,3851,65615.00,Central
2025-12-03,Shipped,4415,20706.00,North
2025-09-11,Shipped,1705,80570.00,South
2024-05-22,Shipped,1967,18289.00,North
2024-04-11,Shipped,2248,92578.00,East
2025-06-30,Shipped,2061,45112.00,West
2025-01-19,Shipped,171,45867.00,Central
2024-12-19,Shipped,1705,50232.00,Central
2025-08-31,Shipped,944,1627.00,Central
2026-01-31,Shipped,3728,37452.00,Central
2024-06-08,Shipped,1100,73795.00,Central
2026-05-23,Shipped,3491,6851.00,Central
2024-11-22,Shipped,268,23835.00,North
2025-02-10,Shipped,4046,37359.00,Central
2024-02-14,Shipped,1830,18092.00,Central
2024-01-08,Shipped,552,24112.00,East
2025-04-12,Shipped,3564,54839.00,Central
2025-08-22,Shipped,547,33098.00,Central
2024-08-20,Shipped,2088,32686.00,West
2024-11-01,Shipped,2674,31198.00,Central
2026-03-22,Shipped,3119,2298.00,South
2024-04-04,Shipped,313,26730.00,South
2025-12-15,Shipped,1706,83514.00,East
2024-11-02,Shipped,2195,23537.00,East
2025-11-04,Shipped,2876,88767.00,Central
2025-02-14,Shipped,2819,41848.00,South
2024-03-23,Shipped,4652,56220.00,Central
2024-07-31,Shipped,2604,31545.00,West
2024-01-19,Shipped,1259,48173.00,East
2025-06-25,Shipped,2031,16326.00,South
2024-03-03,Shipped,230,3125.00,East
2025-11-19,Shipped,3174,18117.00,South
2026-01-11,Shipped,1630,5928.00,East
2024-01-27,Shipped,786,31038.00,Central
2026-02-27,Shipped,4209,52692.00,East
2025-08-01,Shipped,4740,44027.00,Central
2024-09-05,Shipped,4897,63190.00,Central
2024-10-12,Shipped,3219,69541.00,East
2026-05-14,Shipped,3573,97016.00,East
2026-01-29,Shipped,4580,41852.00,East
2025-05-11,Shipped,4389,49600.00,East
2024-11-19,Shipped,318,67977.00,Central
2025-06-29,Shipped,1096,87684.00,North
2024-10-08,Shipped,2906,80430.00,South
2025-05-28,Shipped,92,60628.00,Central
2025-08-06,Shipped,2787,57690.00,South
2026-03-03,Shipped,4324,36665.00,Central
2025-01-03,Shipped,1291,52324.00,East
2025-03-05,Shipped,3253,92942.00,Central
2026-04-21,Shipped,2987,73570.00,Central
2025-07-24,Shipped,4544,40713.00,East
2026-04-20,Shipped,2540,65219.00,South
2025-07-22,Shipped,2062,31526.00,Central
2025-04-02,Shipped,1892,48800.00,Central
2024-10-02,Shipped,2495,91307.00,Central
2024-02-29,Shipped,3188,8859.00,Central
2026-03-17,Shipped,4915,54097.00,Central
2024-02-21,Shipped,4800,78211.00,North
2024-07-28,Shipped,2100,19397.00,Central
2024-11-09,Shipped,4454,97148.00,North
2024-12-24,Shipped,64,53447.00,South
2025-10-09,Shipped,2091,40640.00,Central
2025-05-10,Shipped,4843,1315.00,Central
2024-03-15,Shipped,3303,66522.00,Central
2024-01-11,Shipped,4586,29022.00,Central
2024-05-19,Shipped,1919,28148.00,South
2024-10-24,Shipped,2055,66097.00,North
2026-02-11,Shipped,2558,82556.00,South
2024-05-12,Shipped,519,36326.00,East
2025-11-17,Shipped,2973,62783.00,West
2025-10-24,Shipped,4947,51705.00,West
2025-04-28,Shipped,3487,85847.00,South
2024-05-31,Shipped,1221,1816.00,North
2025-03-05,Shipped,1917,26806.00,Central
2024-07-07,Shipped,3005,73389.00,Central
2025-07-13,Shipped,4168,11349.00,North
2026-05-03,Shipped,2334,12500.00,South
2024-07-06,Shipped,3947,30752.00,North
2025-06-26,Shipped,368,30289.00,Central
2026-05-21,Shipped,1665,54202.00,Central
2025-03-29,Shipped,1268,931.00,Central
2025-05-31,Shipped,2022,72019.00,Central
2024-10-23,Shipped,1423,40546.00,South
2024-05-06,Shipped,3667,94560.00,North
2026-04-17,Shipped,4854,30000.00,South
2026-04-13,Shipped,4036,27276.00,South
2025-06-18,Shipped,4550,69906.00,Central
2024-10-29,Shipped,4066,3519.00,West
2024-01-09,Shipped,1507,62752.00,South
2025-09-13,Shipped,1525,67801.00,West
2024-11-28,Shipped,1494,13375.00,Central
2025-07-12,Shipped,175,78466.00,East
2024-05-02,Shipped,29,73744.00,Central
2026-02-14,Shipped,3745,36069.00,North
2025-05-11,Shipped,1389,5979.00,West
2025-09-03,Shipped,1637,27423.00,Central
2024-04-25,Shipped,1638,69056.00,Central
2025-11-15,Shipped,1961,60956.00,Central
2024-10-23,Shipped,1579,72017.00,West
2026-04-02,Shipped,2371,59651.00,North
2026-02-23,Shipped,3843,9273.00,Central
2024-09-27,Shipped,4865,38700.00,South
2025-05-30,Shipped,994,21880.00,North
2026-02-28,Shipped,4478,63295.00,Central
2025-04-03,Shipped,1194,12211.00,South
2025-03-06,Shipped,4074,20913.00,East
2026-05-13,Shipped,1442,19099.00,Central
2026-03-25,Shipped,1142,25437.00,Central
2025-07-19,Shipped,890,87162.00,South
2025-12-05,Shipped,746,69184.00,East
2024-05-02,Shipped,741,85858.00,North
2025-11-29,Shipped,3864,29272.00,South
2024-01-03,Shipped,694,37311.00,South
2026-02-12,Shipped,4059,51044.00,Central
2024-08-05,Shipped,2552,62445.00,East
2026-05-22,Shipped,934,13695.00,East
2026-01-04,Shipped,2099,43647.00,Central
2025-01-30,Shipped,643,86603.00,Central
2025-10-11,Shipped,4877,61880.00,Central
2024-09-25,Shipped,4927,49747.00,Central
2024-01-21,Shipped,914,2574.00,Central
2026-03-10,Shipped,279,9957.00,Central
2025-07-12,Shipped,4671,52590.00,Central
2024-07-08,Shipped,3152,6334.00,Central
2025-02-16,Shipped,4722,61113.00,Central
2025-09-01,Shipped,4871,34396.00,West
2024-03-29,Shipped,1532,14019.00,Central
2026-04-03,Shipped,2489,15167.00,South
2025-12-09,Shipped,1433,82746.00,South
2024-03-11,Shipped,123,62468.00,East
2026-02-22,Shipped,3462,64079.00,North
2025-11-09,Shipped,330,6410.00,East
2025-07-06,Shipped,3816,74693.00,Central
2025-02-18,Shipped,1228,14708.00,South
2025-10-07,Shipped,847,53437.00,Central
2024-10-29,Shipped,4056,85341.00,Central
2025-07-07,Shipped,3303,30409.00,Central
2025-08-07,Shipped,444,52631.00,Central
2025-06-18,Shipped,1858,41905.00,East
2026-01-02,Shipped,1441,90690.00,South
2026-02-03,Shipped,2035,78134.00,Central
2025-06-24,Shipped,3763,26712.00,North
2025-04-06,Shipped,526,12007.00,Central
2024-07-24,Shipped,4419,49815.00,Central
2026-02-11,Shipped,742,39512.00,West
2024-08-30,Shipped,929,80531.00,Central
2025-07-29,Shipped,4106,78194.00,North
2024-05-18,Shipped,2908,6521.00,Central
2026-05-12,Shipped,4358,77035.00,Central
2026-02-18,Shipped,4809,56794.00,West
2026-01-03,Shipped,1876,62877.00,South
2025-05-27,Shipped,2635,83197.00,South
2024-09-26,Shipped,1034,43204.00,West
2025-04-28,Shipped,3998,7272.00,East
2024-07-25,Shipped,61,39476.00,North
2024-11-12,Shipped,128,48406.00,Central
2026-01-06,Shipped,3451,33371.00,East
2025-10-04,Shipped,507,66667.00,Central
2026-02-03,Shipped,2865,65678.00,South
2025-12-25,Shipped,271,38751.00,Central
2024-05-09,Shipped,1966,61863.00,South
2026-02-24,Shipped,2816,95522.00,East
2025-12-05,Shipped,1992,47586.00,South
2026-02-15,Shipped,3519,22425.00,Central
2026-04-04,Shipped,3862,41358.00,East
2024-05-28,Shipped,1395,79420.00,North
2024-03-13,Shipped,3363,50052.00,North
2025-10-26,Shipped,2652,13221.00,Central
2025-01-07,Shipped,2564,86814.00,South
2024-05-12,Shipped,1532,41727.00,Central
2024-04-21,Shipped,1609,67525.00,East
2024-11-15,Shipped,1210,98957.00,East
2026-03-23,Shipped,1169,52455.00,Central
2024-08-05,Shipped,1635,31838.00,South
2025-10-21,Shipped,2131,69561.00,North
2025-11-24,Shipped,1311,67877.00,East
2025-06-12,Shipped,2377,67352.00,North
2026-05-06,Shipped,1676,5207.00,Central
2025-04-30,Shipped,618,72026.00,Central
2024-01-15,Shipped,151,21686.00,South
2026-01-01,Shipped,3279,49268.00,South
2024-11-17,Shipped,1118,70021.00,Central
2025-03-13,Shipped,2956,25120.00,West
2026-03-16,Shipped,311,60331.00,South
2024-07-21,Shipped,4009,35503.00,South
2025-07-18,Shipped,1115,90153.00,Central
2025-08-29,Shipped,2717,76159.00,West
2025-02-14,Shipped,2376,31455.00,Central
2025-07-10,Shipped,1634,95646.00,Central
2024-02-26,Shipped,3908,70430.00,North
2024-06-23,Shipped,2451,13876.00,Central
2025-07-22,Shipped,184,75713.00,Central
2024-09-06,Shipped,729,59148.00,North
2025-02-13,Shipped,2637,49921.00,South
2024-06-12,Shipped,1885,84916.00,Central
2026-02-21,Shipped,3843,93531.00,Central
2026-01-29,Shipped,618,92087.00,Central
2025-07-03,Shipped,2139,5076.00,East
2026-04-26,Shipped,1041,2030.00,East
2026-01-16,Shipped,1635,1004.00,East
2025-02-04,Shipped,460,39524.00,Central
2026-03-15,Shipped,752,96587.00,South
2025-08-03,Shipped,3427,96879.00,Central
2024-04-25,Shipped,4745,12458.00,Central
2026-05-21,Shipped,812,8157.00,West
2024-04-29,Shipped,1804,30300.00,Central
2026-03-06,Shipped,3874,97062.00,East
2025-06-28,Shipped,1675,69187.00,North
2025-10-26,Shipped,4243,40335.00,Central
2026-04-28,Shipped,4135,94887.00,North
2024-03-15,Shipped,362,54033.00,Central
2024-08-28,Shipped,794,63344.00,North
2024-01-15,Shipped,3905,52138.00,East
2026-05-14,Shipped,4804,88731.00,North
2026-01-12,Shipped,1216,68261.00,Central
2024-07-08,Shipped,915,97135.00,Central
2025-12-22,Shipped,338,88151.00,North
2025-01-13,Shipped,1129,10467.00,Central
2024-01-12,Shipped,1845,50284.00,Central
2024-12-18,Shipped,4098,84205.00,Central
2024-01-07,Shipped,2082,87325.00,Central
2025-04-29,Shipped,3451,52871.00,East
2025-05-30,Shipped,1514,4886.00,East
2025-01-25,Shipped,873,62688.00,North
2026-04-29,Shipped,4053,6869.00,Central
2024-03-29,Shipped,2501,91132.00,Central
2025-10-24,Shipped,4374,89943.00,Central
2025-04-18,Shipped,191,37588.00,Central
2025-10-28,Shipped,920,1188.00,Central
2024-02-03,Shipped,4544,6037.00,East
2024-11-27,Shipped,3895,3872.00,Central
2025-03-29,Shipped,962,81373.00,Central
2024-06-03,Shipped,2439,19251.00,East
2024-08-18,Shipped,1133,20576.00,Central
2025-02-11,Shipped,966,95841.00,South
2025-04-11,Shipped,3635,31743.00,South
2025-12-20,Shipped,182,41329.00,South
2025-10-15,Shipped,1593,70933.00,Central
2024-01-13,Shipped,509,81662.00,West
2024-09-18,Shipped,1171,53673.00,North
2025-12-10,Shipped,2346,59784.00,Central
2025-03-02,Shipped,3445,16066.00,Central
2025-05-18,Shipped,1849,52768.00,Central
2025-09-22,Shipped,2432,55360.00,Central
2026-01-14,Shipped,3532,68615.00,North
2025-11-27,Shipped,1851,21811.00,West
2024-06-22,Shipped,1752,13846.00,North
2024-12-07,Shipped,4620,23271.00,North
2024-08-22,Shipped,1443,29628.00,Central
2025-06-25,Shipped,2226,43667.00,East
2025-02-04,Shipped,2982,47845.00,South
2024-10-04,Shipped,3034,49647.00,North
2024-07-12,Shipped,836,67732.00,Central
2025-05-10,Shipped,2537,73334.00,Central
2025-10-04,Shipped,559,58995.00,Central
2024-06-14,Shipped,2318,47469.00,Central
2024-12-26,Shipped,3369,27937.00,Central
2025-08-31,Shipped,742,97564.00,Central
2024-11-25,Shipped,744,52465.00,Central
2025-08-23,Shipped,1995,60679.00,North
2024-08-11,Shipped,2061,79185.00,South
2024-04-09,Shipped,1598,57908.00,North
2026-03-09,Shipped,3803,58011.00,Central
2025-01-10,Shipped,4320,30924.00,Central
2025-11-19,Shipped,4294,87667.00,Central
2025-12-04,Shipped,2535,35988.00,Central
2025-05-12,Shipped,1742,52238.00,Central
2025-04-04,Shipped,1291,40363.00,Central
2024-06-11,Shipped,465,9628.00,South
2026-02-27,Shipped,1429,27558.00,East
2025-01-06,Shipped,444,77452.00,Central
2025-03-27,Shipped,4168,60403.00,Central
2024-06-26,Shipped,2713,2922.00,North
2025-02-08,Shipped,2397,91247.00,South
2025-06-29,Shipped,1440,14170.00,East
2026-03-28,Shipped,4452,74957.00,North
2024-04-13,Shipped,163,53988.00,Central
2026-05-04,Shipped,3803,35405.00,Central
2025-05-20,Shipped,2332,56658.00,South
2025-04-05,Shipped,1829,35730.00,West
2025-01-25,Shipped,3470,78822.00,East
2026-02-22,Shipped,2246,89211.00,Central
2025-11-30,Shipped,2260,9334.00,Central
2025-08-08,Shipped,4497,36223.00,East
2024-11-07,Shipped,38,4033.00,Central
2024-06-05,Shipped,1701,68505.00,Central
2026-04-23,Shipped,918,49693.00,North
2025-11-01,Shipped,2168,65684.00,South
2024-01-24,Shipped,2991,59274.00,Central
2026-04-26,Shipped,1920,28448.00,North
2025-09-08,Shipped,3556,18662.00,East
2025-09-28,Shipped,4519,15988.00,South
2026-03-29,Shipped,963,9890.00,Central
2025-12-15,Shipped,4223,57404.00,West
2024-01-31,Shipped,158,5283.00,South
2025-05-04,Shipped,2096,77720.00,Central
2026-02-16,Shipped,888,2546.00,North
2024-02-19,Shipped,4945,96188.00,Central
2025-12-21,Shipped,671,6169.00,Central
2026-04-26,Shipped,1049,67070.00,Central
2025-04-08,Shipped,4027,1150.00,North
2026-05-16,Shipped,4285,93534.00,Central
2025-01-18,Shipped,4041,73859.00,East
2024-01-31,Shipped,854,4658.00,North
2025-09-13,Shipped,755,29080.00,West
2025-09-05,Shipped,3703,47033.00,North
2025-06-13,Shipped,2353,72734.00,Central
2025-01-27,Shipped,2266,40820.00,Central
2024-03-24,Shipped,18,2344.00,East
2024-07-08,Shipped,928,68228.00,Central
2024-02-19,Shipped,1719,66704.00,South
2026-03-09,Shipped,3279,49377.00,West
2024-09-29,Shipped,1960,78753.00,West
2025-02-24,Shipped,2802,10224.00,Central
2025-10-01,Shipped,2566,25416.00,South
2024-12-08,Shipped,3776,41575.00,North
2024-01-03,Shipped,1337,62188.00,Central
2025-04-13,Shipped,892,88029.00,Central
2024-05-01,Shipped,2778,36816.00,Central
2025-08-16,Shipped,1449,18800.00,Central
2026-01-21,Shipped,786,59066.00,Central
2026-03-09,Shipped,4261,7269.00,South
2026-05-02,Shipped,4804,95265.00,North
2026-05-07,Shipped,3002,38925.00,Central
2025-12-26,Shipped,4019,89193.00,Central
2026-04-28,Shipped,4644,78674.00,South
2026-04-08,Shipped,4631,54258.00,South
2025-01-20,Shipped,3232,20670.00,Central
2024-05-10,Shipped,2301,22487.00,Central
2026-03-21,Shipped,78,81978.00,Central
2025-01-06,Shipped,3024,39805.00,South
2024-11-12,Shipped,3103,43155.00,North
2025-06-07,Shipped,638,3870.00,North
2024-08-14,Shipped,2210,4234.00,Central
2026-02-17,Shipped,2172,28125.00,East
2024-01-12,Shipped,2962,95590.00,Central
2024-02-20,Shipped,1809,24028.00,North
2026-01-20,Shipped,4523,2468.00,Central
2026-01-22,Shipped,2944,82026.00,North
2025-08-30,Shipped,2855,70386.00,Central
2025-04-14,Shipped,1436,10482.00,South
2025-08-31,Shipped,3453,22931.00,East
2025-09-07,Shipped,841,34444.00,North
2025-04-28,Shipped,4212,45614.00,Central
2024-09-11,Shipped,4870,78184.00,Central
2025-11-04,Shipped,1105,84714.00,South
2024-01-30,Shipped,648,62278.00,Central
2025-05-31,Shipped,3532,88942.00,North
2024-04-23,Shipped,3447,40330.00,Central
2026-01-16,Shipped,2018,74923.00,Central
2025-12-01,Shipped,3476,96898.00,North
2024-03-13,Shipped,290,68586.00,South
2026-02-05,Shipped,467,94102.00,Central
2025-04-13,Shipped,4911,92178.00,West
2025-07-09,Shipped,153,43873.00,West
2024-07-18,Shipped,3902,6603.00,Central
2024-01-08,Shipped,1627,30714.00,East
2024-09-09,Shipped,1030,70820.00,Central
2024-05-11,Shipped,523,42942.00,Central
2025-09-13,Shipped,3193,63477.00,East
2025-09-14,Shipped,2461,12714.00,South
2026-01-12,Shipped,2470,70326.00,Central
2026-01-27,Shipped,2048,76571.00,East
2024-02-01,Shipped,2545,70483.00,East
2024-10-06,Shipped,816,17573.00,West
2025-07-31,Shipped,3183,65673.00,Central
2024-11-11,Shipped,548,71477.00,South
2024-04-02,Shipped,3048,92982.00,North
2024-01-24,Shipped,4191,98856.00,North
2025-07-07,Shipped,3819,59761.00,Central
2026-03-15,Shipped,1175,17505.00,West
2026-01-18,Shipped,2963,46704.00,Central
2025-09-23,Shipped,513,67837.00,North
2024-10-04,Shipped,1156,30601.00,South
2026-04-21,Shipped,3954,12500.00,South
2025-05-24,Shipped,4536,89865.00,North
2024-10-19,Shipped,1312,24487.00,Central
2025-07-30,Shipped,2189,84223.00,West
2025-07-10,Shipped,2874,24329.00,West
2025-10-25,Shipped,3664,90586.00,West
2025-08-12,Shipped,3895,28672.00,North
2025-01-04,Shipped,957,90209.00,North
2025-07-16,Shipped,2486,39655.00,Central
2024-07-05,Shipped,924,38862.00,West
2025-01-01,Shipped,66,35017.00,East
2025-01-18,Shipped,808,46545.00,North
2026-04-11,Shipped,1190,78358.00,North
2024-06-19,Shipped,1494,27724.00,Central
2024-03-29,Shipped,4470,48596.00,Central
2025-09-06,Shipped,3204,14625.00,North
2026-04-15,Shipped,1564,37898.00,Central
2024-03-08,Shipped,3359,65733.00,South
2024-04-12,Shipped,1518,91328.00,East
2025-07-15,Shipped,2246,67958.00,East
2024-12-05,Shipped,4514,65465.00,Central
2025-08-09,Shipped,4600,38427.00,East
2026-04-28,Shipped,1244,11392.00,West
2025-05-05,Shipped,4664,23678.00,Central
2024-12-15,Shipped,3858,37971.00,Central
2024-11-10,Shipped,4835,22424.00,Central
2024-02-02,Shipped,736,62319.00,North
2025-03-23,Shipped,2719,81064.00,Central
2025-06-02,Shipped,1111,28427.00,West
2024-02-05,Shipped,4637,38965.00,North
2025-09-02,Shipped,254,6585.00,Central
2024-03-19,Shipped,3794,46005.00,Central
2024-08-24,Shipped,3119,93807.00,West
2024-12-31,Shipped,1651,3185.00,Central
2025-08-12,Shipped,3464,25420.00,West
2024-06-30,Shipped,1797,62930.00,Central
2024-11-18,Shipped,68,74257.00,West
2025-07-29,Shipped,2929,41506.00,South
2026-03-22,Shipped,4711,68701.00,Central
2024-09-04,Shipped,401,48423.00,Central
2025-04-22,Shipped,1895,7725.00,Central
2026-04-06,Shipped,3976,71594.00,South
2026-01-17,Shipped,2936,37729.00,South
2026-02-03,Shipped,4374,34736.00,East
2025-02-21,Shipped,4321,18330.00,East
2024-10-29,Shipped,4549,77178.00,East
2026-05-13,Shipped,432,52853.00,North
2025-01-23,Shipped,2944,93883.00,West
2024-04-12,Shipped,3133,11992.00,North
2026-03-29,Shipped,350,30013.00,South
2026-04-12,Shipped,482,37310.00,West
2025-02-25,Shipped,3505,65025.00,Central
2024-07-02,Shipped,2325,14271.00,East
2025-02-17,Shipped,4294,12870.00,Central
2025-08-09,Shipped,1897,6190.00,Central
2026-04-20,Shipped,3607,46459.00,East
2024-05-17,Shipped,625,98317.00,Central
2025-04-07,Shipped,3370,64386.00,Central
2025-09-16,Shipped,1022,57884.00,Central
2025-01-23,Shipped,2887,46031.00,Central
2025-08-17,Shipped,1151,42014.00,Central
2024-10-09,Shipped,334,27100.00,Central
2026-03-11,Shipped,3930,21831.00,South
2025-07-14,Shipped,1893,96480.00,East
2026-02-03,Shipped,4093,8621.00,North
2025-03-27,Shipped,4956,16425.00,Central
2025-09-01,Shipped,1185,57059.00,Central
2026-05-06,Shipped,2953,63014.00,South
2024-12-26,Shipped,526,10805.00,Central
2025-04-14,Shipped,4142,45361.00,South
2024-06-01,Shipped,2382,24470.00,Central
2024-02-19,Shipped,1697,33530.00,Central
2024-12-30,Shipped,2123,15743.00,Central
2025-02-04,Shipped,3994,96930.00,Central
2024-02-02,Shipped,1110,53620.00,West
2024-05-21,Shipped,1044,7408.00,East
2026-04-18,Shipped,858,56082.00,North
2025-03-28,Shipped,4585,13016.00,North
2026-03-17,Shipped,3146,7977.00,Central
2026-05-03,Shipped,3441,60897.00,Central
2025-08-03,Shipped,820,8192.00,Central
2024-08-01,Shipped,763,59125.00,North
2026-02-19,Shipped,2536,7586.00,West
2025-01-25,Shipped,4638,24198.00,North
2025-12-31,Shipped,523,75474.00,North
2025-05-15,Shipped,3745,12134.00,North
2024-01-07,Shipped,1197,22171.00,Central
2024-12-29,Shipped,2365,5535.00,South
2024-12-16,Shipped,4739,20955.00,North
2024-02-09,Shipped,3555,24965.00,South
2024-04-19,Shipped,549,96599.00,Central
2026-03-04,Shipped,1323,57648.00,South
2025-02-28,Shipped,2947,94965.00,Central
2025-01-22,Shipped,3154,13942.00,Central
2024-09-07,Shipped,106,92374.00,East
2025-11-29,Shipped,1538,82746.00,East
2025-06-29,Shipped,860,50236.00,East
2026-05-13,Shipped,4248,63829.00,Central
2024-10-16,Shipped,2309,79907.00,North
2024-03-26,Shipped,915,29539.00,Central
2026-04-19,Shipped,1321,94540.00,West
2024-05-29,Shipped,364,33624.00,Central
2025-04-11,Shipped,1948,46232.00,East
2024-01-25,Shipped,108,50648.00,West
2024-05-26,Shipped,656,7817.00,East
2025-04-23,Shipped,2251,81868.00,Central
2025-02-08,Shipped,803,57054.00,South
2024-08-28,Shipped,4132,88489.00,Central
2025-09-19,Shipped,1740,7209.00,Central
2024-01-11,Shipped,4957,62695.00,Central
2025-06-11,Shipped,2372,62794.00,Central
2024-08-26,Shipped,4121,69737.00,South
2024-03-25,Shipped,1876,46047.00,Central
2025-07-12,Shipped,4136,96816.00,North
2025-11-03,Shipped,1486,2179.00,Central
2025-06-13,Shipped,1528,28617.00,Central
2024-01-30,Shipped,2881,54483.00,Central
2024-05-04,Shipped,4937,32209.00,North
2026-02-14,Shipped,3871,56630.00,South
2026-02-06,Shipped,3154,21711.00,East
2025-09-15,Shipped,2680,44890.00,South
2025-02-21,Shipped,1316,24054.00,Central
2024-08-14,Shipped,4504,86183.00,East
2025-09-15,Shipped,2886,86677.00,North
2026-03-09,Shipped,4913,4934.00,Central
2025-06-10,Shipped,1051,61165.00,West
2026-02-23,Shipped,3810,36489.00,South
2025-09-16,Shipped,401,73130.00,West
2026-04-03,Shipped,1669,15588.00,East
2024-03-06,Shipped,1910,31884.00,Central
2024-08-10,Shipped,3421,4772.00,South
2024-01-03,Shipped,1106,49217.00,East
2026-02-22,Shipped,2886,21698.00,Central
2025-01-24,Shipped,212,38151.00,North
2024-02-07,Shipped,1229,40061.00,North
2025-04-11,Shipped,4602,1533.00,North
2026-02-21,Shipped,1547,79938.00,Central
2024-01-19,Shipped,229,81938.00,East
2026-01-19,Shipped,3677,78341.00,East
2025-02-11,Shipped,2633,88547.00,Central
2024-12-23,Shipped,1904,7681.00,North
2024-06-09,Shipped,4726,8597.00,Central
2025-08-01,Shipped,1461,18722.00,West
2024-12-05,Shipped,4835,40488.00,West
2024-03-18,Shipped,1669,76578.00,East
2025-02-02,Shipped,930,89037.00,East
2024-08-07,Shipped,4056,7538.00,Central
2025-05-23,Shipped,1092,46595.00,Central
2025-08-28,Shipped,498,71486.00,North
2024-05-03,Shipped,2629,11461.00,Central
2025-09-12,Shipped,383,99049.00,Central
2024-01-15,Shipped,1006,64023.00,Central
2026-04-23,Shipped,2219,29708.00,South
2024-02-26,Shipped,3059,33925.00,Central
2024-08-03,Shipped,372,44311.00,Central
2026-03-13,Shipped,4503,58893.00,Central
2025-10-11,Shipped,3437,79865.00,Central
2024-03-30,Shipped,3973,2139.00,South
2025-08-25,Shipped,4657,52646.00,North
2024-01-14,Shipped,4958,11111.00,East
2024-01-21,Shipped,2191,65207.00,Central
2025-07-08,Shipped,4691,72864.00,West
2024-07-19,Shipped,4765,86720.00,Central
2024-12-20,Shipped,4224,92748.00,South
2024-03-25,Shipped,2121,97517.00,South
2026-05-13,Shipped,1529,85239.00,South
2025-10-11,Shipped,4204,34841.00,Central
2026-01-17,Shipped,4183,86849.00,South
2024-04-12,Shipped,2304,46272.00,North
2025-06-14,Shipped,3808,7142.00,West
2025-08-11,Shipped,2434,96532.00,North
2025-11-14,Shipped,1633,25756.00,West
2024-12-02,Shipped,2046,79160.00,East
2025-01-06,Shipped,3779,51723.00,East
2025-11-24,Shipped,1081,2559.00,Central
2026-02-28,Shipped,4547,89648.00,North
2025-05-10,Shipped,4154,29441.00,South
2025-01-14,Shipped,2335,54248.00,Central
2025-10-06,Shipped,1520,48170.00,North
2025-12-11,Shipped,170,7025.00,West
2024-09-29,Shipped,525,67060.00,Central
2026-05-15,Shipped,3751,32292.00,Central
2024-10-05,Shipped,3022,58335.00,Central
2024-10-12,Shipped,3250,78500.00,South
2024-10-10,Shipped,4410,48573.00,South
2025-11-11,Shipped,4525,51536.00,Central
2025-05-12,Shipped,1999,44260.00,West
2026-03-14,Shipped,4238,21018.00,Central
2024-10-10,Shipped,2533,43658.00,East
2024-03-02,Shipped,1857,11672.00,South
2025-10-09,Shipped,2518,62252.00,South
2025-07-20,Shipped,4446,10919.00,East
2025-01-19,Shipped,2403,55203.00,East
2025-01-12,Shipped,3498,35892.00,Central
2025-11-12,Shipped,4200,66521.00,South
2025-01-08,Shipped,3049,89789.00,West
2025-12-09,Shipped,1070,41623.00,East
2024-05-07,Shipped,3362,27006.00,Central
2024-06-24,Shipped,1710,79079.00,Central
2024-07-03,Shipped,3481,47482.00,North
2025-11-12,Shipped,3737,81787.00,East
2024-10-05,Shipped,3533,14723.00,South
2025-09-24,Shipped,3079,45362.00,North
2024-01-06,Shipped,1788,46706.00,Central
2025-05-22,Shipped,2986,72029.00,Central
2025-11-15,Shipped,2195,84594.00,West
2026-04-03,Shipped,4744,52522.00,North
2026-01-13,Shipped,3571,10120.00,North
2025-08-21,Shipped,2692,69336.00,Central
2025-11-12,Shipped,3799,65848.00,Central
2024-01-10,Shipped,3317,53330.00,Central
2025-04-02,Shipped,4650,18624.00,South
2026-05-20,Shipped,2436,10928.00,Central
2026-01-17,Shipped,1806,23643.00,North
2024-09-25,Shipped,3644,93913.00,West
2025-09-01,Shipped,4714,98222.00,East
2025-03-29,Shipped,791,16737.00,East
2025-02-11,Shipped,923,89670.00,South
2026-05-20,Shipped,3743,58446.00,Central
2025-07-04,Shipped,1628,49786.00,East
2025-11-29,Shipped,4540,1434.00,South
2026-02-01,Shipped,1486,26627.00,North
2024-11-27,Shipped,3891,40217.00,Central
2025-07-20,Shipped,503,39633.00,North
2024-09-26,Shipped,2515,4830.00,East
2024-10-14,Shipped,3198,17227.00,North
2024-05-10,Shipped,2895,30798.00,Central
2026-04-04,Shipped,4178,85286.00,Central
2026-03-22,Shipped,3198,60069.00,West
2024-03-02,Shipped,4273,59278.00,East
2024-01-29,Shipped,1378,51903.00,South
2025-01-11,Shipped,4090,58015.00,Central
2025-07-29,Shipped,3411,4828.00,Central
2025-01-29,Shipped,3520,77339.00,Central
2024-06-16,Shipped,345,86771.00,Central
2024-08-19,Shipped,3933,31477.00,Central
2024-03-09,Shipped,2353,82024.00,North
2025-12-01,Shipped,292,94313.00,North
2025-10-21,Shipped,2808,63215.00,East
2026-05-25,Shipped,3950,96134.00,South
2024-09-03,Shipped,2521,2269.00,South
2026-02-02,Shipped,3019,29017.00,West
2025-07-29,Shipped,2043,44636.00,East
2024-06-01,Shipped,3901,84505.00,North
2024-05-12,Shipped,4895,18125.00,Central
2026-03-25,Shipped,521,35920.00,Central
2025-04-16,Shipped,2812,5980.00,North
2026-01-22,Shipped,1054,31525.00,East
2025-05-16,Shipped,1903,37286.00,East
2025-06-15,Shipped,1582,16365.00,North
2024-04-11,Shipped,4355,52852.00,West
2024-03-13,Shipped,3579,32705.00,North
2024-02-13,Shipped,2726,13620.00,North
2024-04-07,Shipped,2683,70458.00,Central
2024-11-19,Shipped,3087,34405.00,West
2025-02-26,Shipped,3814,71137.00,Central
2024-09-04,Shipped,4173,83380.00,South
2024-05-30,Shipped,2181,44941.00,South
2025-09-20,Shipped,4849,26527.00,Central
2026-03-28,Shipped,1673,86534.00,East
2024-06-30,Shipped,4431,74778.00,Central
2026-05-16,Shipped,4408,10977.00,Central
2024-02-07,Shipped,2870,87696.00,Central
2025-07-03,Shipped,4979,18218.00,East
2025-11-06,Shipped,493,61040.00,South
2024-03-21,Shipped,2282,74331.00,Central
2025-01-18,Shipped,4252,61003.00,Central
2026-04-20,Shipped,3164,89373.00,Central
2024-03-22,Shipped,364,15701.00,Central
2025-07-12,Shipped,1103,58092.00,Central
2024-10-18,Shipped,4268,17574.00,North
2024-12-22,Shipped,3107,67040.00,Central
2026-05-12,Shipped,3240,19375.00,North
2025-08-06,Shipped,3416,93165.00,North
2024-11-08,Shipped,4055,26640.00,East
2025-10-11,Shipped,2182,93040.00,North
2024-12-03,Shipped,481,95905.00,Central
2026-01-31,Shipped,1695,94804.00,South
2024-07-11,Shipped,2592,28942.00,Central
2026-01-06,Shipped,3050,74376.00,Central
2026-04-26,Shipped,4028,43115.00,West
2024-05-04,Shipped,3290,73869.00,South
2026-05-10,Shipped,1712,55847.00,East
2025-03-28,Shipped,713,76765.00,South
2026-05-16,Shipped,946,60797.00,West
2026-03-05,Shipped,1621,10064.00,Central
2024-02-10,Shipped,488,95677.00,South
2024-08-04,Shipped,4098,9902.00,Central
2024-09-28,Shipped,1763,59243.00,Central
2025-03-24,Shipped,4512,5132.00,South
2025-04-30,Shipped,3997,53758.00,North
2025-03-30,Shipped,571,68722.00,South
2024-02-11,Shipped,4445,37349.00,North
2024-06-05,Shipped,2195,67662.00,South
2026-05-17,Shipped,2746,48170.00,South
2024-02-24,Shipped,1861,85938.00,South
2025-02-03,Shipped,2872,53977.00,Central
2026-03-04,Shipped,4348,63055.00,North
2024-02-23,Shipped,4348,94398.00,North
2025-08-08,Shipped,459,75169.00,Central
2024-10-12,Shipped,118,7837.00,East
2024-08-13,Shipped,4975,87478.00,Central
2024-09-29,Shipped,2539,26795.00,South
2025-07-02,Shipped,3361,57630.00,South
2025-09-24,Shipped,1955,72086.00,East
2025-12-29,Shipped,3719,69575.00,North
2026-02-16,Shipped,4556,50874.00,Central
2024-12-17,Shipped,1588,7022.00,North
2024-11-17,Shipped,3468,2614.00,Central
2025-12-30,Shipped,1857,10439.00,West
2024-05-10,Shipped,1251,24489.00,East
2025-12-18,Shipped,4826,83655.00,Central
2025-05-04,Shipped,4096,46605.00,North
2025-03-30,Shipped,3805,30817.00,East
2025-09-29,Shipped,280,53450.00,North
2026-03-07,Shipped,3605,86771.00,South
2024-03-19,Shipped,102,17062.00,North
2026-01-03,Shipped,1802,66359.00,North
2024-06-13,Shipped,175,11101.00,West
2025-04-14,Shipped,964,57279.00,Central
2025-09-29,Shipped,1524,65010.00,Central
2026-03-26,Shipped,3698,21815.00,South
2026-01-16,Shipped,1174,75280.00,East
2024-01-30,Shipped,3959,58556.00,Central
2026-02-05,Shipped,4052,59905.00,East
2025-11-12,Shipped,439,89230.00,East
2025-08-30,Shipped,4253,74694.00,Central
2025-03-20,Shipped,4983,22577.00,Central
2025-08-24,Shipped,2933,52903.00,North
2026-04-26,Shipped,3209,14865.00,North
2024-09-13,Shipped,4863,91703.00,Central
2024-04-05,Shipped,362,82227.00,South
2024-02-25,Shipped,755,83888.00,North
2025-01-21,Shipped,1256,50614.00,Central
2025-02-13,Shipped,1093,96346.00,West
2026-02-04,Shipped,17,12560.00,Central
2025-11-09,Shipped,1666,49202.00,North
2025-04-10,Shipped,2455,12255.00,Central
2025-08-16,Shipped,4266,51527.00,North
2025-08-14,Shipped,740,53577.00,South
2026-03-19,Shipped,1476,90208.00,West
2026-05-21,Shipped,1390,93652.00,West
2026-05-07,Shipped,3425,3113.00,North
2024-11-01,Shipped,2947,48704.00,East
2024-02-05,Shipped,1052,10225.00,South
2025-11-19,Shipped,3649,34440.00,East
2025-09-18,Shipped,1215,49016.00,Central
2024-03-19,Shipped,2953,81064.00,North
2026-01-20,Shipped,2730,88129.00,South
2025-01-16,Shipped,1303,7566.00,West
2025-11-11,Shipped,1261,89670.00,Central
2024-01-13,Shipped,4631,28334.00,Central
2025-06-14,Shipped,4319,58525.00,North
2024-08-03,Shipped,1685,16484.00,South
2026-01-09,Shipped,3463,14674.00,West
2025-11-07,Shipped,537,27676.00,East
2024-11-25,Shipped,241,98061.00,East
2024-07-09,Shipped,4252,36175.00,West
2026-02-20,Shipped,4925,75506.00,West
2024-04-16,Shipped,1943,4023.00,Central
2025-12-05,Shipped,1433,92497.00,West
2024-05-30,Shipped,1210,86534.00,North
2024-06-09,Shipped,2540,10900.00,North
2025-04-12,Shipped,754,50858.00,East
2025-04-15,Shipped,2928,58662.00,North
2026-04-13,Shipped,1952,36623.00,East
2026-03-04,Shipped,647,92912.00,East
2025-12-05,Shipped,3386,65492.00,Central
2024-06-12,Shipped,4300,30285.00,Central
2025-06-14,Shipped,4549,94290.00,Central
2025-11-05,Shipped,595,82386.00,East
2024-03-12,Shipped,2592,1130.00,South
2025-03-11,Shipped,1926,81397.00,North
2025-08-25,Shipped,4215,97410.00,West
2024-07-27,Shipped,3489,33564.00,North
2024-01-23,Shipped,3715,53316.00,Central
2024-01-26,Shipped,4083,59974.00,North
2025-01-12,Shipped,4056,9132.00,Central
2025-01-22,Shipped,124,9240.00,East
2024-03-31,Shipped,420,6563.00,Central
2024-04-12,Shipped,455,59030.00,Central
2025-05-08,Shipped,356,66626.00,South
2026-03-26,Shipped,2727,50677.00,Central
2025-01-21,Shipped,4853,3579.00,East
2025-02-18,Shipped,593,14189.00,Central
2024-08-10,Shipped,4130,9574.00,Central
2025-07-03,Shipped,3909,21886.00,Central
2024-08-17,Shipped,710,34800.00,Central
2025-01-27,Shipped,3390,97608.00,Central
2024-04-27,Shipped,4081,90983.00,South
2025-08-26,Shipped,1922,44186.00,South
2024-04-18,Shipped,1527,26785.00,South
2025-08-30,Shipped,4649,64850.00,North
2025-12-22,Shipped,1945,96674.00,Central
2024-09-20,Shipped,4060,19777.00,South
2026-05-09,Shipped,1069,14873.00,Central
2025-03-26,Shipped,3059,85091.00,North
2024-12-13,Shipped,2421,12354.00,West
2024-09-17,Shipped,3145,76873.00,South
2025-07-15,Shipped,2734,28945.00,Central
2024-05-13,Shipped,3856,6390.00,South
2025-07-04,Shipped,2031,96650.00,South
2026-01-20,Shipped,2234,44104.00,South
2024-05-27,Shipped,4821,23758.00,Central
2025-03-26,Shipped,3640,55911.00,West
2024-08-24,Shipped,2751,35484.00,South
2025-10-24,Shipped,4045,61460.00,North
2026-05-20,Shipped,2212,67618.00,Central
2025-10-02,Shipped,2854,26757.00,South
2026-04-21,Shipped,793,90754.00,South
2024-07-29,Shipped,1645,77463.00,Central
2024-06-15,Shipped,1748,89247.00,South
2024-08-06,Shipped,1383,29797.00,North
2024-03-02,Shipped,1591,91783.00,Central
2025-04-14,Shipped,398,62624.00,Central
2025-04-23,Shipped,925,20328.00,East
2025-08-07,Shipped,4740,83610.00,North
2026-02-12,Shipped,719,85319.00,South
2024-12-13,Shipped,957,49450.00,Central
2025-08-12,Shipped,726,27761.00,East
2025-02-24,Shipped,1916,21440.00,Central
2024-05-24,Shipped,2855,61411.00,South
2024-02-25,Shipped,3045,2741.00,North
2024-02-27,Shipped,1614,69554.00,Central
2025-09-03,Shipped,2275,40888.00,North
2024-07-06,Shipped,3141,2841.00,Central
2025-12-12,Shipped,1190,12521.00,Central
2025-08-13,Shipped,708,19836.00,North
2024-06-07,Shipped,1145,68676.00,Central
2026-04-20,Shipped,4052,75401.00,North
2024-10-11,Shipped,4937,63685.00,Central
2024-07-26,Shipped,4374,65692.00,East
2024-10-21,Shipped,1621,67853.00,West
2024-05-28,Shipped,2107,77694.00,Central
2025-03-09,Shipped,398,53165.00,East
2026-04-27,Shipped,4238,11691.00,South
2025-04-08,Shipped,1619,37467.00,South
2025-12-05,Shipped,1108,28701.00,Central
2026-05-10,Shipped,376,54520.00,Central
2026-02-15,Shipped,3262,97965.00,Central
2026-01-22,Shipped,4227,94728.00,Central
2024-05-05,Shipped,3088,57175.00,Central
2025-11-26,Shipped,2369,39340.00,South
2026-04-29,Shipped,2911,4106.00,North
2024-04-12,Shipped,4231,82872.00,North
2024-06-28,Shipped,4300,23998.00,Central
2024-02-07,Shipped,919,72492.00,Central
2024-08-20,Shipped,1139,10643.00,East
2024-04-27,Shipped,2263,64211.00,East
2024-04-12,Shipped,1813,69398.00,Central
2024-02-25,Shipped,3792,27502.00,South
2024-03-04,Shipped,4772,96738.00,South
2024-12-13,Shipped,2424,98453.00,North
2024-06-09,Shipped,1721,33992.00,West
2024-04-30,Shipped,4674,80912.00,East
2026-02-14,Shipped,3498,46525.00,Central
2025-07-12,Shipped,2994,75366.00,Central
2024-07-28,Shipped,2951,23982.00,Central
2026-01-19,Shipped,2448,21051.00,Central
2024-03-30,Shipped,3802,76777.00,Central
2025-03-30,Shipped,1548,1702.00,Central
2024-12-30,Shipped,1864,27564.00,Central
2024-09-23,Shipped,4904,91723.00,Central
2025-01-11,Shipped,2447,71369.00,Central
2024-09-06,Shipped,323,92757.00,Central
2025-08-03,Shipped,4746,55669.00,Central
2026-01-02,Shipped,3573,74047.00,Central
2024-09-15,Shipped,4231,58700.00,South
2024-07-09,Shipped,4841,50742.00,Central
2024-02-21,Shipped,2853,60194.00,East
2024-03-28,Shipped,108,84466.00,North
2025-02-16,Shipped,1440,68718.00,North
2024-08-30,Shipped,4458,45813.00,North
2026-05-07,Shipped,2588,61678.00,North
2025-07-09,Shipped,1248,95000.00,Central
2024-10-22,Shipped,4919,57360.00,South
2025-10-10,Shipped,3684,74835.00,Central
2024-02-08,Shipped,3045,87408.00,Central
2024-05-21,Shipped,2257,68261.00,North
2025-04-02,Shipped,4426,60457.00,Central
2024-12-12,Shipped,3316,25766.00,East
2025-05-09,Shipped,2681,84765.00,South
2024-01-16,Shipped,3025,52241.00,Central
2025-08-25,Shipped,3069,58338.00,South
2024-04-05,Shipped,2717,95838.00,Central
2024-08-18,Shipped,4486,24490.00,South
2026-02-24,Shipped,2554,28305.00,South
2024-08-18,Shipped,1297,10392.00,Central
2025-11-13,Shipped,4755,45503.00,Central
2026-04-25,Shipped,2601,58732.00,Central
2025-06-17,Shipped,368,26837.00,North
2026-01-29,Shipped,2021,88571.00,Central
2024-06-25,Shipped,943,84564.00,Central
2026-05-10,Shipped,3490,49959.00,East
2025-08-04,Shipped,4788,29944.00,South
2024-07-04,Shipped,1566,50800.00,West
2025-05-20,Shipped,2652,12907.00,South
2024-04-06,Shipped,770,24774.00,Central
2025-10-05,Shipped,2703,26803.00,East
2024-10-11,Shipped,3307,71219.00,East
2025-09-25,Shipped,4392,82392.00,South
2024-05-02,Shipped,4133,13914.00,South
2025-03-24,Shipped,87,70285.00,Central
2025-12-27,Shipped,1143,5017.00,Central
2024-01-26,Shipped,892,20915.00,South
2024-04-15,Shipped,564,94710.00,South
2024-03-11,Shipped,3662,14163.00,Central
2026-03-21,Shipped,2751,47112.00,West
2025-07-07,Shipped,2483,42920.00,East
2024-08-21,Shipped,3346,6412.00,East
2025-05-23,Shipped,4253,31151.00,Central
2024-11-22,Shipped,4076,85875.00,North
2024-11-19,Shipped,3958,68401.00,Central
2025-12-24,Shipped,4622,36722.00,Central
2025-01-15,Shipped,2572,96623.00,Central
2024-09-21,Shipped,2495,46968.00,Central
2024-08-15,Shipped,4697,54024.00,Central
2025-07-07,Shipped,1463,9602.00,North
2024-09-02,Shipped,2326,21288.00,North
2025-01-11,Shipped,4639,88529.00,Central
2025-09-16,Shipped,717,25291.00,North
2025-04-07,Shipped,3653,98726.00,Central
2026-01-24,Shipped,4191,65775.00,Central
2024-01-04,Shipped,4195,89939.00,Central
2025-10-16,Shipped,4062,43278.00,North
2025-05-12,Shipped,3828,12076.00,North
2025-07-02,Shipped,637,47115.00,South
2025-03-08,Shipped,3353,91558.00,South
2024-04-25,Shipped,1651,18406.00,Central
2025-08-28,Shipped,3685,42661.00,Central
2025-04-14,Shipped,904,54910.00,South
2025-02-07,Shipped,2756,64939.00,Central
2024-08-15,Shipped,2803,74062.00,Central
2026-01-26,Shipped,2295,78950.00,Central
2025-06-06,Shipped,1161,34851.00,North
2024-08-20,Shipped,3212,19653.00,South
2024-11-17,Shipped,4819,46412.00,Central
2025-10-09,Shipped,3154,32906.00,South
2025-07-11,Shipped,3088,63561.00,East
2025-12-25,Shipped,2887,80656.00,Central
2024-12-13,Shipped,4219,49339.00,North
2024-07-23,Shipped,817,44769.00,North
2026-03-23,Shipped,4041,53761.00,North
2024-01-08,Shipped,3056,26539.00,Central
2026-04-09,Shipped,3395,35691.00,Central
2024-12-12,Shipped,4750,53220.00,Central
2026-05-06,Shipped,3358,95365.00,East
2024-05-20,Shipped,3715,49292.00,Central
2026-02-18,Shipped,4696,8862.00,South
2025-01-04,Shipped,1669,9744.00,North
2024-12-16,Shipped,1765,193.00,Central
2025-09-19,Shipped,3563,62708.00,Central
2025-03-18,Shipped,4076,34445.00,West
2025-12-21,Shipped,3451,24909.00,East
2024-02-17,Shipped,3780,70041.00,East
2025-05-19,Shipped,731,22282.00,West
2026-01-19,Shipped,2993,42599.00,Central
2025-08-19,Shipped,1412,87305.00,East
2025-04-13,Shipped,756,223.00,North
2025-07-13,Shipped,4929,7479.00,North
2025-12-17,Shipped,3505,51889.00,East
2025-06-11,Shipped,4892,89112.00,East
2024-10-03,Shipped,1410,92231.00,South
2024-01-09,Shipped,1972,21957.00,East
2024-09-19,Shipped,561,60157.00,North
2026-01-24,Shipped,4715,75450.00,North
2025-05-07,Shipped,918,73581.00,South
2024-07-16,Shipped,2786,75359.00,Central
2024-10-24,Shipped,3680,42460.00,Central
2025-12-30,Shipped,772,25693.00,South
2025-08-19,Shipped,584,84661.00,Central
2024-04-13,Shipped,2770,79239.00,North
2024-07-28,Shipped,1802,40245.00,South
2024-02-20,Shipped,699,3451.00,Central
2025-11-15,Shipped,543,21004.00,Central
2026-03-23,Shipped,4437,70831.00,Central
2026-05-04,Shipped,1242,669.00,South
2025-03-08,Shipped,4713,52616.00,North
2026-01-26,Shipped,4321,58438.00,East
2025-02-11,Shipped,2696,8980.00,Central
2025-01-29,Shipped,4559,96636.00,East
2024-02-19,Shipped,3866,94322.00,Central
2025-04-10,Shipped,3530,34638.00,Central
2025-08-24,Shipped,1923,91078.00,South
2024-12-12,Shipped,3626,59721.00,Central
2026-01-16,Shipped,1111,83700.00,North
2024-09-16,Shipped,1637,94708.00,Central
2026-05-13,Shipped,3711,91175.00,North
2026-05-13,Shipped,1283,98886.00,Central
2024-08-25,Shipped,3937,34062.00,North
2025-08-07,Shipped,3045,80602.00,Central
2025-05-03,Shipped,1467,19150.00,Central
2026-03-09,Shipped,3206,35897.00,East
2024-12-02,Shipped,326,61220.00,Central
2024-08-29,Shipped,689,32298.00,Central
2024-05-05,Shipped,2982,14404.00,North
2026-05-06,Shipped,3963,63298.00,Central
2024-07-18,Shipped,4076,22146.00,East
2025-09-16,Shipped,786,6483.00,South
2025-12-07,Shipped,440,62891.00,West
2024-04-25,Shipped,3101,96536.00,Central
2026-01-31,Shipped,2526,20488.00,North
2026-01-10,Shipped,3914,71241.00,North
2025-12-11,Shipped,3885,19098.00,South
2025-10-23,Shipped,4187,96236.00,Central
2024-05-31,Shipped,167,33172.00,Central
2025-03-19,Shipped,1405,25115.00,East
2024-06-22,Shipped,3903,67802.00,North
2024-09-02,Shipped,4905,86544.00,South
2024-06-05,Shipped,313,7207.00,Central
2025-05-07,Shipped,3523,43575.00,Central
2025-09-22,Shipped,3377,75737.00,North
2024-11-06,Shipped,2105,15941.00,Central
2024-10-27,Shipped,4454,50248.00,East
2024-12-23,Shipped,4263,97990.00,Central
2024-06-20,Shipped,4450,47613.00,Central
2025-08-13,Shipped,1443,87489.00,North
2024-09-18,Shipped,3923,49455.00,North
2024-01-30,Shipped,3532,38798.00,East
2025-05-05,Shipped,2351,53197.00,Central
2026-03-28,Shipped,518,14758.00,East
2025-08-25,Shipped,410,21578.00,West
2024-04-15,Shipped,3514,69826.00,South
2025-09-03,Shipped,3470,40988.00,Central
2026-04-26,Shipped,1354,20308.00,North
2025-09-14,Shipped,2693,67499.00,South
2024-09-07,Shipped,3647,15197.00,Central
2025-12-21,Shipped,2735,12979.00,West
2025-06-30,Shipped,839,11873.00,East
2026-01-27,Shipped,2455,37524.00,South
2025-06-12,Shipped,1414,10465.00,Central
2025-08-04,Shipped,3211,8988.00,Central
2025-06-03,Shipped,4319,20801.00,North
2024-06-29,Shipped,3964,38494.00,Central
2026-03-16,Shipped,514,2389.00,West
2025-01-01,Shipped,2786,1078.00,Central
2024-01-16,Shipped,4657,84072.00,North
2024-06-24,Shipped,1419,14625.00,North
2025-04-04,Shipped,2901,4052.00,North
2024-09-06,Shipped,1565,36939.00,Central
2026-04-24,Shipped,1505,26263.00,Central
2024-07-31,Shipped,3306,61360.00,North
2024-12-10,Shipped,3703,32218.00,North
2026-04-20,Shipped,1449,74777.00,Central
2024-12-07,Shipped,1642,42297.00,South
2024-06-20,Shipped,927,58430.00,North
2024-09-19,Shipped,1673,28354.00,South
2024-04-10,Shipped,4201,43481.00,East
2024-11-08,Shipped,3961,11088.00,Central
2024-10-14,Shipped,1887,49112.00,North
2024-12-29,Shipped,3641,78571.00,East
2024-03-21,Shipped,4399,58475.00,Central
2025-04-15,Shipped,2845,24487.00,South
2026-04-20,Shipped,814,83822.00,West
2025-03-22,Shipped,646,66805.00,South
2024-09-22,Shipped,1289,63815.00,North
2024-05-05,Shipped,3620,41156.00,South
2025-11-23,Shipped,3433,20890.00,East
2025-08-06,Shipped,1816,91383.00,East
2025-10-08,Shipped,471,71722.00,Central
2024-04-13,Shipped,4949,69440.00,West
2026-04-08,Shipped,363,97081.00,South
2025-08-06,Shipped,4246,23144.00,Central
2026-01-21,Shipped,549,27129.00,North
2024-11-18,Shipped,4776,22113.00,Central
2025-11-30,Shipped,2827,85386.00,East
2026-05-12,Shipped,389,22322.00,North
2025-08-11,Shipped,4522,54166.00,West
2024-02-19,Shipped,2922,93462.00,West
2024-01-10,Shipped,4819,13317.00,West
2025-02-22,Shipped,3917,59617.00,South
2024-07-03,Shipped,3350,62441.00,West
2025-11-17,Shipped,4116,76979.00,Central
2025-08-29,Shipped,572,59740.00,West
2024-05-29,Shipped,3719,6803.00,Central
2024-10-23,Shipped,2927,45529.00,Central
2024-06-20,Shipped,2092,53198.00,East
2025-06-20,Shipped,1917,59506.00,West
2025-12-17,Shipped,4158,4589.00,Central
2024-12-15,Shipped,2298,14080.00,West
2024-03-29,Shipped,4163,88531.00,Central
2026-03-03,Shipped,383,66550.00,Central
2024-08-23,Shipped,2263,47035.00,Central
2026-04-16,Shipped,2405,56544.00,Central
2025-01-13,Shipped,1432,64016.00,West
2025-09-25,Shipped,4079,75552.00,Central
2024-07-28,Shipped,2228,70950.00,North
2024-03-16,Shipped,1690,1912.00,North
2026-05-24,Shipped,4919,63466.00,South
2026-05-23,Shipped,912,95896.00,East
2026-03-29,Shipped,4917,6483.00,South
2024-09-14,Shipped,4991,15925.00,East
2024-02-26,Shipped,675,41860.00,West
2024-03-20,Shipped,3996,97283.00,North
2024-05-24,Shipped,1192,67778.00,Central
2024-04-29,Shipped,2713,48122.00,West
2024-08-28,Shipped,156,86505.00,East
2025-05-12,Shipped,2519,56553.00,South
2026-04-17,Shipped,2433,4049.00,Central
2026-01-31,Shipped,3569,81497.00,Central
2026-03-23,Shipped,1828,6643.00,Central
2025-01-15,Shipped,923,23342.00,West
2025-03-23,Shipped,1843,72643.00,South
2024-08-08,Shipped,302,93450.00,Central
2024-03-20,Shipped,3527,13542.00,Central
2026-03-23,Shipped,1394,92856.00,South
2024-05-18,Shipped,3854,19843.00,Central
2024-06-29,Shipped,4036,39196.00,North
2025-06-10,Shipped,714,6507.00,South
2024-06-20,Shipped,4272,38132.00,North
2024-01-01,Shipped,3559,53385.00,Central
2025-12-05,Shipped,1865,61944.00,North
2024-06-03,Shipped,657,36853.00,Central
2025-08-25,Shipped,1457,54487.00,Central
2025-12-23,Shipped,3701,34586.00,Central
2025-03-26,Shipped,3295,15455.00,South
2024-01-02,Shipped,3603,68814.00,North
2024-06-07,Shipped,2316,26397.00,North
2025-06-10,Shipped,1421,18053.00,Central
2025-04-04,Shipped,1902,84060.00,West
2025-04-04,Shipped,1308,30306.00,North
2024-07-29,Shipped,4730,33292.00,Central
2026-05-12,Shipped,3434,64220.00,Central
2025-04-19,Shipped,1163,7976.00,Central
2024-01-07,Shipped,2717,34476.00,South
2024-05-24,Shipped,1691,59032.00,West
2025-03-21,Shipped,122,12582.00,Central
2024-10-20,Shipped,3674,13499.00,West
2025-01-22,Shipped,4433,13570.00,Central
2025-07-28,Shipped,1338,77520.00,East
2025-07-29,Shipped,1707,6750.00,East
2024-12-09,Shipped,4288,70211.00,Central
2026-01-07,Shipped,4712,30342.00,North
2024-02-05,Shipped,3799,80464.00,Central
2026-05-09,Shipped,2968,77015.00,North
2025-01-01,Shipped,3179,95931.00,Central
2024-02-25,Shipped,4774,96804.00,South
2026-04-17,Shipped,4455,59981.00,North
2024-04-14,Shipped,4507,39814.00,Central
2024-07-13,Shipped,1770,49567.00,North
2025-12-23,Shipped,819,60028.00,Central
2024-02-28,Shipped,4476,80730.00,North
2024-12-29,Shipped,603,37913.00,South
2025-12-21,Shipped,4388,89306.00,Central
2024-02-27,Shipped,2665,29599.00,North
2024-11-12,Shipped,3402,83093.00,Central
2025-10-03,Shipped,3678,50159.00,East
2025-10-21,Shipped,3610,38404.00,South
2024-02-06,Shipped,4958,56873.00,Central
2025-09-06,Shipped,506,16434.00,Central
2025-07-02,Shipped,4439,3930.00,Central
2025-11-07,Shipped,4414,16901.00,West
2026-03-21,Shipped,3262,21766.00,East
2025-12-16,Shipped,4815,95527.00,Central
2025-09-08,Shipped,3877,58011.00,North
2025-04-07,Shipped,4277,9457.00,Central
2025-06-07,Shipped,3677,60674.00,North
2026-04-15,Shipped,1658,46171.00,South
2026-03-05,Shipped,1064,64996.00,North
2025-05-25,Shipped,3952,40217.00,South
2025-05-27,Shipped,4766,29238.00,South
2026-05-09,Shipped,846,96020.00,North
2026-03-03,Shipped,3045,31217.00,North
2026-02-16,Shipped,2647,75660.00,North
2025-01-17,Shipped,1100,8849.00,West
2024-07-14,Shipped,1395,49494.00,South
2025-08-16,Shipped,93,22494.00,South
2025-02-22,Shipped,3635,9873.00,North
2024-02-25,Shipped,1617,33144.00,North
2024-03-17,Shipped,374,75800.00,North
2024-06-07,Shipped,3126,80087.00,South
2025-09-13,Shipped,4997,28995.00,South
2024-01-17,Shipped,4715,94735.00,Central
2024-02-04,Shipped,186,25925.00,Central
2025-08-30,Shipped,4184,80607.00,Central
2025-06-14,Shipped,4316,31367.00,Central
2024-08-01,Shipped,2807,245.00,Central
2026-01-08,Shipped,2864,97569.00,Central
2024-05-23,Shipped,443,59297.00,North
2024-11-22,Shipped,1661,79651.00,Central
2024-03-06,Shipped,143,69877.00,East
2025-07-01,Shipped,3445,8914.00,East
2026-04-06,Shipped,3432,37211.00,East
2024-10-27,Shipped,2839,12252.00,South
2024-08-20,Shipped,1902,90730.00,South
2025-05-10,Shipped,853,72494.00,Central
2024-03-13,Shipped,460,21447.00,South
2025-12-18,Shipped,1545,45307.00,East
2024-09-22,Shipped,4305,19113.00,East
2024-08-05,Shipped,3255,81190.00,West
2024-06-06,Shipped,4922,10852.00,South
2024-04-01,Shipped,137,97608.00,Central
2025-12-30,Shipped,3098,61109.00,West
2025-12-14,Shipped,2998,54637.00,Central
2024-02-16,Shipped,3149,20054.00,South
2024-05-23,Shipped,3730,17654.00,South
2025-09-25,Shipped,3381,60640.00,Central
2024-05-13,Shipped,3101,98223.00,West
2026-04-30,Shipped,1206,39377.00,Central
2026-04-28,Shipped,3211,48014.00,Central
2025-11-06,Shipped,3476,21846.00,South
2025-04-22,Shipped,1689,33407.00,North
2025-04-24,Shipped,3111,82193.00,South
2026-04-20,Shipped,3815,88242.00,North
2024-01-21,Shipped,723,81457.00,East
2026-02-17,Shipped,3864,92298.00,East
2024-03-08,Shipped,3225,85013.00,Central
2025-01-14,Shipped,3751,94870.00,North
2025-12-26,Shipped,3118,76412.00,Central
2024-01-19,Shipped,3252,77052.00,Central
2024-08-10,Shipped,855,18551.00,South
2025-06-30,Shipped,2852,28361.00,Central
2025-11-07,Shipped,4895,45189.00,Central
2024-07-08,Shipped,1454,87292.00,South
2024-03-11,Shipped,3830,86134.00,North
2024-06-20,Shipped,4828,49566.00,Central
2026-04-28,Shipped,3139,20349.00,Central
2024-01-23,Shipped,947,98758.00,West
2024-04-29,Shipped,4006,85599.00,Central
2024-05-20,Shipped,1237,39445.00,Central
2025-04-07,Shipped,1174,20173.00,Central
2024-08-21,Shipped,1218,60618.00,North
2025-08-05,Shipped,1544,17843.00,Central
2024-06-09,Shipped,3769,61175.00,North
2025-05-19,Shipped,4537,618.00,North
2025-01-02,Shipped,4481,55187.00,North
2024-03-09,Shipped,825,420.00,North
2025-07-29,Shipped,1540,85591.00,South
2025-02-19,Shipped,882,12326.00,North
2024-05-01,Shipped,2181,50409.00,Central
2025-05-09,Shipped,890,36968.00,East
2025-01-16,Shipped,4168,2666.00,Central
2024-10-03,Shipped,2444,16125.00,Central
2024-03-05,Shipped,1286,8097.00,Central
2024-04-14,Shipped,4465,5197.00,Central
2024-04-03,Shipped,156,68660.00,North
2026-04-30,Shipped,1051,33482.00,North
2025-04-29,Shipped,2236,86410.00,Central
2025-11-02,Shipped,591,2615.00,South
2024-06-26,Shipped,4301,24022.00,South
2024-10-18,Shipped,3309,64995.00,West
2025-03-10,Shipped,1272,82997.00,Central
2024-03-15,Shipped,2102,57518.00,North
2024-11-03,Shipped,1396,10188.00,Central
2024-02-28,Shipped,4111,60573.00,East
2024-07-14,Shipped,1048,47752.00,South
2026-05-24,Shipped,3821,74017.00,North
2025-04-23,Shipped,3005,76739.00,East
2024-04-26,Shipped,938,66518.00,North
2026-04-22,Shipped,4979,95810.00,North
2025-09-15,Shipped,3331,75123.00,Central
2024-01-09,Shipped,1114,4011.00,South
2025-12-12,Shipped,875,28141.00,Central
2024-03-23,Shipped,4525,2196.00,East
2026-03-24,Shipped,3370,19931.00,West
2024-06-23,Shipped,1961,47868.00,Central
2024-07-15,Shipped,3314,20818.00,North
2024-07-13,Shipped,4315,89351.00,Central
2024-12-20,Shipped,4908,9155.00,North
2025-06-14,Shipped,2397,67569.00,East
2026-04-03,Shipped,911,42190.00,Central
2024-10-10,Shipped,1414,642.00,South
2024-09-27,Shipped,4833,74443.00,North
2025-05-25,Shipped,4632,6457.00,West
2025-02-09,Shipped,4008,48358.00,Central
2024-06-21,Shipped,417,27266.00,East
2024-01-22,Shipped,4770,84055.00,East
2025-09-19,Shipped,1325,6246.00,Central
2024-11-08,Shipped,1235,39449.00,Central
2024-12-05,Shipped,1841,98674.00,South
2024-05-28,Shipped,2364,57308.00,South
2024-03-02,Shipped,851,49347.00,North
2026-04-22,Shipped,3422,20009.00,North
2025-04-16,Shipped,4711,15090.00,Central
2024-11-08,Shipped,1845,94632.00,Central
2024-07-10,Shipped,1547,28580.00,Central
2024-06-24,Shipped,3198,7921.00,East
2024-12-22,Shipped,3672,67480.00,South
2024-01-22,Shipped,4688,13284.00,East
2025-09-23,Shipped,1510,53777.00,Central
2025-08-28,Shipped,204,58588.00,Central
2024-04-02,Shipped,4942,42211.00,East
2025-04-17,Shipped,1826,7328.00,West
2025-04-15,Shipped,3006,13103.00,South
2025-05-24,Shipped,2330,3463.00,East
2024-08-01,Shipped,2960,58830.00,Central
2025-02-23,Shipped,2960,67521.00,Central
2024-08-28,Shipped,131,57018.00,South
2024-07-05,Shipped,1261,90839.00,Central
2025-07-21,Shipped,1049,56471.00,Central
2025-03-21,Shipped,4028,43601.00,East
2025-05-01,Shipped,1950,19993.00,Central
2025-08-27,Shipped,1054,59366.00,Central
2025-10-06,Shipped,3702,53542.00,East
2025-07-27,Shipped,4769,56583.00,West
2024-08-15,Shipped,1540,58563.00,South
2025-05-11,Shipped,4993,69991.00,West
2025-05-25,Shipped,3431,90219.00,South
2024-09-08,Shipped,3484,56943.00,Central
2024-11-11,Shipped,659,65194.00,Central
2025-03-15,Shipped,261,41758.00,Central
2025-09-23,Shipped,277,65467.00,North
2025-09-24,Shipped,4125,79890.00,Central
2025-02-06,Shipped,1987,83258.00,South
2024-03-02,Shipped,3513,36558.00,Central
2024-09-12,Shipped,1798,38763.00,Central
2024-03-11,Shipped,2229,53376.00,North
2025-05-07,Shipped,4281,98261.00,East
2024-11-20,Shipped,4863,74301.00,South
2024-11-08,Shipped,3599,43096.00,South
2024-08-29,Shipped,1853,7817.00,East
2025-12-13,Shipped,4462,39071.00,West
2024-03-14,Shipped,1268,89586.00,Central
2024-09-11,Shipped,96,17647.00,South
2024-12-29,Shipped,285,85480.00,Central
2025-05-14,Shipped,4221,62908.00,South
2026-01-09,Shipped,3578,14642.00,Central
2024-05-23,Shipped,4465,3408.00,Central
2026-02-23,Shipped,430,97216.00,West
2024-12-08,Shipped,1734,17318.00,Central
2025-04-15,Shipped,4908,54134.00,Central
2025-06-03,Shipped,2973,81618.00,East
2024-02-23,Shipped,1111,45705.00,Central
2024-10-05,Shipped,3500,67720.00,Central
2024-04-22,Shipped,4610,64444.00,East
2024-12-12,Shipped,4043,72146.00,South
2024-05-17,Shipped,3069,24534.00,Central
2024-02-15,Shipped,2735,52735.00,Central
2024-03-28,Shipped,2629,40272.00,East
2025-07-23,Shipped,2888,61794.00,Central
2025-12-19,Shipped,3108,54351.00,South
2026-03-18,Shipped,3268,88860.00,East
2025-01-07,Shipped,120,14154.00,Central
2024-01-19,Shipped,3180,8228.00,Central
2024-05-15,Shipped,4120,65718.00,South
2025-05-17,Shipped,4245,51334.00,North
2025-04-08,Shipped,1104,79933.00,Central
2025-01-10,Shipped,1858,10545.00,Central
2025-08-07,Shipped,2660,7353.00,East
2026-02-23,Shipped,3118,12217.00,North
2026-05-26,Shipped,1253,99098.00,Central
2025-04-02,Shipped,3977,40951.00,Central
2026-01-09,Shipped,3056,8187.00,East
2025-04-16,Shipped,3431,40153.00,Central
2025-02-23,Shipped,3413,30349.00,Central
2025-09-22,Shipped,4780,30792.00,West
2024-07-04,Shipped,4554,31051.00,Central
2025-04-05,Shipped,2445,42114.00,Central
2024-06-23,Shipped,2495,14592.00,North
2024-08-06,Shipped,2994,41981.00,Central
2025-03-16,Shipped,4242,85140.00,Central
2026-01-11,Shipped,4102,44455.00,East
2026-03-12,Shipped,4078,58998.00,North
2024-07-22,Shipped,317,77826.00,Central
2024-02-01,Shipped,4036,84892.00,North
2025-12-11,Shipped,4200,10928.00,Central
2025-03-26,Shipped,1360,83955.00,North
2025-05-30,Shipped,4343,29946.00,South
2024-04-29,Shipped,4945,13076.00,North
2025-10-15,Shipped,3959,18303.00,Central
2025-09-05,Shipped,1579,24838.00,North
2024-12-20,Shipped,1210,94126.00,Central
2025-01-06,Shipped,2753,43881.00,Central
2024-12-21,Shipped,2171,59922.00,South
2024-04-22,Shipped,3920,58132.00,South
2025-03-29,Shipped,3763,71225.00,East
2024-09-27,Shipped,1500,59361.00,South
2024-07-23,Shipped,2546,66774.00,Central
2024-02-22,Shipped,1776,39064.00,East
2025-04-01,Shipped,4959,56207.00,North
2026-04-19,Shipped,4691,19296.00,Central
2025-12-03,Shipped,2631,76502.00,North
2024-05-26,Shipped,2977,67041.00,Central
2026-02-08,Shipped,732,78920.00,Central
2024-06-11,Shipped,2917,13276.00,South
2024-08-27,Shipped,4768,38892.00,West
2026-01-03,Shipped,3976,41918.00,Central
2025-07-04,Shipped,1950,65677.00,Central
2024-11-20,Shipped,1929,3018.00,North
2024-11-10,Shipped,2238,89553.00,Central
2024-10-25,Shipped,3050,41413.00,Central
2024-12-14,Shipped,2266,71393.00,South
2024-03-07,Shipped,4812,44575.00,South
2024-09-04,Shipped,3055,51882.00,South
2024-06-16,Shipped,4327,4304.00,North
2024-03-05,Shipped,4435,97392.00,Central
2026-02-17,Shipped,638,48490.00,North
2026-01-31,Shipped,8,39875.00,Central
2024-03-27,Shipped,1803,68664.00,East
2024-07-16,Shipped,4077,89651.00,East
2025-07-04,Shipped,211,76962.00,South
2024-07-27,Shipped,4338,35557.00,Central
2026-02-26,Shipped,149,22803.00,South
2024-02-14,Shipped,1909,35758.00,East
2025-02-24,Shipped,1784,4392.00,North
2024-03-30,Shipped,4609,1425.00,Central
2024-08-22,Shipped,3836,18676.00,South
2024-05-13,Shipped,4024,78162.00,Central
2025-11-11,Shipped,2014,95683.00,South
2025-03-10,Shipped,2883,48890.00,Central
2024-01-27,Shipped,3938,69457.00,Central
2026-03-01,Shipped,3612,2737.00,South
2026-01-05,Shipped,4868,61676.00,Central
2024-02-29,Shipped,4015,7915.00,Central
2026-04-25,Shipped,2033,73307.00,South
2025-01-30,Shipped,3996,57528.00,Central
2026-05-17,Shipped,393,8647.00,North
2024-04-24,Shipped,4857,48907.00,South
2025-10-26,Shipped,2803,76774.00,North
2024-04-01,Shipped,1867,16931.00,West
2026-02-25,Shipped,4128,11721.00,West
2025-06-28,Shipped,4394,64934.00,South
2024-06-19,Shipped,419,27541.00,Central
2024-04-01,Shipped,834,83026.00,Central
2025-06-22,Shipped,1010,23129.00,North
2025-09-19,Shipped,328,56826.00,South
2026-02-14,Shipped,92,63534.00,Central
2024-12-16,Shipped,2828,78873.00,South
2024-02-27,Shipped,4765,84550.00,West
2025-08-04,Shipped,4859,49385.00,South
2025-07-12,Shipped,4538,9853.00,East
2024-06-02,Shipped,1667,77957.00,Central
2025-02-01,Shipped,1473,93323.00,Central
2024-02-01,Shipped,1438,72347.00,South
2024-03-19,Shipped,217,35419.00,Central
2024-08-28,Shipped,3035,72816.00,Central
2025-07-12,Shipped,201,2356.00,East
2025-03-26,Shipped,4906,4584.00,Central
2024-07-17,Shipped,4273,48298.00,East
2025-08-27,Shipped,2037,58000.00,West
2024-08-18,Shipped,3716,30054.00,Central
2025-02-03,Shipped,773,74059.00,East
2026-03-28,Shipped,2410,513.00,South
2024-05-22,Shipped,4230,32749.00,West
2026-04-13,Shipped,946,26055.00,Central
2025-07-01,Shipped,3645,51005.00,East
2026-01-02,Shipped,3174,21220.00,Central
2024-08-23,Shipped,4216,31884.00,Central
2024-04-27,Shipped,3124,95532.00,North
2025-04-03,Shipped,4981,63709.00,South
2024-10-29,Shipped,1014,95811.00,Central
2024-10-09,Shipped,478,13870.00,South
2024-01-14,Shipped,4408,88308.00,North
2024-07-04,Shipped,4649,70179.00,Central
2024-08-18,Shipped,2162,86903.00,Central
2024-12-26,Shipped,1227,12573.00,Central
2025-02-11,Shipped,1686,74997.00,Central
2026-03-18,Shipped,584,31849.00,Central
2024-01-27,Shipped,232,12811.00,North
2025-01-26,Shipped,2986,69408.00,North
2025-08-05,Shipped,3588,39746.00,Central
2025-12-07,Shipped,3904,84553.00,North
2026-03-11,Shipped,4014,31578.00,South
2024-04-19,Shipped,3124,6608.00,South
2025-06-16,Shipped,2747,24966.00,North
2024-04-22,Shipped,3849,5985.00,North
2025-08-22,Shipped,4280,19516.00,North
2025-11-02,Shipped,1131,34325.00,South
2024-07-27,Shipped,1188,38284.00,South
2024-01-21,Shipped,4156,31361.00,East
2025-06-24,Shipped,2182,25394.00,Central
2026-04-09,Shipped,771,57436.00,North
2025-12-19,Shipped,2036,11308.00,Central
2024-04-08,Shipped,913,2099.00,North
2024-12-03,Shipped,4208,51907.00,Central
2024-05-08,Shipped,3569,79546.00,Central
2024-04-22,Shipped,413,73089.00,Central
2024-05-19,Shipped,3304,42167.00,North
2024-05-29,Shipped,1464,7432.00,Central
2025-04-06,Shipped,2859,19856.00,Central
2025-03-14,Shipped,1802,26743.00,North
2025-11-22,Shipped,3405,77617.00,South
2025-07-08,Shipped,3371,42994.00,East
2025-09-23,Shipped,2542,73463.00,West
2026-02-07,Shipped,3177,23616.00,South
2025-04-15,Shipped,687,84161.00,North
2024-06-24,Shipped,3819,20494.00,Central
2024-10-04,Shipped,1808,23673.00,Central
2025-08-14,Shipped,2826,46404.00,Central
2024-04-12,Shipped,454,27020.00,East
2024-02-24,Shipped,2325,48115.00,South
2025-12-27,Shipped,4345,73218.00,North
2025-10-10,Shipped,1475,96694.00,South
2025-04-28,Shipped,4374,90479.00,West
2025-06-20,Shipped,3577,81176.00,North
2024-03-12,Shipped,2379,83038.00,North
2025-11-23,Shipped,2581,78791.00,Central
2025-08-03,Shipped,3620,98047.00,East
2025-02-23,Shipped,3979,44704.00,Central
2025-06-17,Shipped,1585,68240.00,Central
2024-12-25,Shipped,3743,47820.00,South
2025-08-26,Shipped,2191,23080.00,Central
2025-02-18,Shipped,4897,93101.00,Central
2026-01-12,Shipped,93,36342.00,South
2024-06-06,Shipped,1113,42354.00,East
2026-04-18,Shipped,3418,77947.00,East
2025-05-15,Shipped,2475,77025.00,East
2026-01-14,Shipped,818,71278.00,North
2025-06-24,Shipped,4045,46974.00,Central
2026-02-05,Shipped,2130,5377.00,Central
2025-09-04,Shipped,4608,59199.00,West
2026-05-11,Shipped,4623,65011.00,Central
2024-12-09,Shipped,204,90488.00,West
2025-11-18,Shipped,141,30142.00,East
2025-09-19,Shipped,4095,80190.00,North
2024-04-24,Shipped,3946,37436.00,North
2024-04-25,Shipped,3964,76549.00,West
2026-05-25,Shipped,2027,78669.00,North
2026-02-15,Shipped,4851,34893.00,East
2024-05-12,Shipped,1613,6112.00,Central
2026-01-13,Shipped,2595,31441.00,West
2025-12-20,Shipped,2281,89152.00,North
2026-04-26,Shipped,4033,9712.00,North
2025-09-02,Shipped,2530,21175.00,East
2025-12-21,Shipped,4045,16098.00,South
2024-03-24,Shipped,3183,40017.00,Central
2025-03-15,Shipped,3891,62445.00,South
2026-01-09,Shipped,1446,41638.00,West
2025-01-19,Shipped,2267,43972.00,Central
2024-02-17,Shipped,1430,35466.00,Central
2024-09-07,Shipped,1886,48279.00,East
2024-02-17,Shipped,4278,14373.00,Central
2025-04-01,Shipped,57,15123.00,North
2025-09-15,Shipped,1408,37731.00,Central
2026-04-06,Shipped,85,31118.00,South
2024-11-25,Shipped,854,23011.00,North
2025-09-16,Shipped,4510,59981.00,Central
2026-01-22,Shipped,2560,2484.00,Central
2025-08-22,Shipped,4016,80610.00,North
2026-02-09,Shipped,4041,28026.00,South
2024-06-29,Shipped,3842,60428.00,North
2025-01-09,Shipped,4129,98813.00,West
2026-02-02,Shipped,2429,75375.00,Central
2025-06-29,Shipped,4814,69531.00,Central
2025-09-09,Shipped,1636,80710.00,South
2025-08-15,Shipped,4360,48475.00,West
2024-04-17,Shipped,277,33341.00,North
2025-04-01,Shipped,3819,26282.00,Central
2024-10-14,Shipped,2564,43443.00,South
2024-01-21,Shipped,795,39480.00,Central
2025-12-12,Shipped,2763,72647.00,East
2025-02-19,Shipped,651,88142.00,North
2024-03-07,Shipped,4071,82556.00,Central
2024-12-29,Shipped,1286,70996.00,East
2024-08-05,Shipped,2892,86338.00,Central
2024-06-05,Shipped,181,89291.00,West
2025-12-20,Shipped,3055,18821.00,Central
2025-10-09,Shipped,250,29942.00,West
2024-11-30,Shipped,1502,20787.00,North
2024-02-29,Shipped,860,70034.00,Central
2024-04-03,Shipped,2489,81048.00,North
2025-12-28,Shipped,3347,77281.00,South
2024-01-16,Shipped,3043,34347.00,Central
2026-01-25,Shipped,4493,44685.00,Central
2024-12-20,Shipped,871,37515.00,West
2025-06-02,Shipped,1306,37668.00,Central
2024-01-25,Shipped,4750,8251.00,South
2025-12-19,Shipped,2320,39944.00,North
2024-04-21,Shipped,3950,41579.00,Central
2026-01-14,Shipped,1373,75906.00,East
2025-05-15,Shipped,1816,96945.00,Central
2025-10-09,Shipped,4292,48701.00,Central
2025-01-15,Shipped,1001,64248.00,East
2024-10-15,Shipped,3587,28416.00,Central
2026-05-14,Shipped,3933,64110.00,East
2024-04-08,Shipped,2862,90141.00,Central
2024-12-27,Shipped,14,71872.00,East
2025-07-16,Shipped,1496,1933.00,West
2024-04-26,Shipped,4100,82372.00,North
2025-08-25,Shipped,1905,3559.00,Central
2024-09-30,Shipped,4150,1301.00,Central
2025-11-18,Shipped,1009,95060.00,South
2024-09-17,Shipped,4044,40914.00,Central
2024-05-24,Shipped,4587,1641.00,North
2025-10-28,Shipped,4127,91772.00,Central
2026-04-21,Shipped,2422,18136.00,West
2025-06-24,Shipped,3,9737.00,South
2024-03-17,Shipped,536,98562.00,Central
2024-12-28,Shipped,4944,31288.00,East
2024-01-05,Shipped,1150,58105.00,South
2025-05-22,Shipped,1077,59126.00,Central
2024-08-06,Shipped,2476,67664.00,South
2025-09-03,Shipped,3565,40210.00,South
2024-10-08,Shipped,2628,19825.00,North
2026-01-31,Shipped,908,43694.00,North
2024-02-13,Shipped,3507,8730.00,North
2025-01-23,Shipped,826,69875.00,South
2026-03-31,Shipped,4602,79399.00,Central
2026-03-15,Shipped,450,35185.00,North
2024-04-25,Shipped,766,87715.00,Central
2025-03-26,Shipped,3629,35660.00,East
2025-11-17,Shipped,4981,1430.00,Central
2024-11-28,Shipped,3795,95625.00,South
2024-06-05,Shipped,200,87840.00,Central
2024-01-23,Shipped,4791,79208.00,Central
2026-01-12,Shipped,4046,5607.00,East
2025-12-24,Shipped,536,506.00,North
2026-02-14,Shipped,1512,49763.00,South
2024-12-17,Shipped,590,93190.00,Central
2025-09-28,Shipped,524,12401.00,North
2025-12-01,Shipped,947,79858.00,North
2024-12-08,Shipped,4593,61771.00,East
2025-05-13,Shipped,4375,67566.00,Central
2024-01-13,Shipped,3803,2813.00,West
2025-08-24,Shipped,2938,21135.00,South
2025-05-16,Shipped,129,83389.00,Central
2024-05-27,Shipped,3649,37272.00,North
2024-02-02,Shipped,1198,54795.00,Central
2024-11-03,Shipped,1576,95448.00,Central
2026-04-08,Shipped,1325,79662.00,South
2025-03-01,Shipped,4142,39037.00,South
2025-08-14,Shipped,218,41879.00,North
2025-06-21,Shipped,4546,80968.00,East
2026-02-03,Shipped,2681,19042.00,East
2026-05-07,Shipped,3008,57028.00,North
2026-02-13,Shipped,2203,34093.00,North
2024-06-18,Shipped,4337,67878.00,South
2024-10-21,Shipped,306,68041.00,Central
2026-04-08,Shipped,2157,7098.00,West
2024-12-17,Shipped,570,47946.00,West
2024-04-17,Shipped,1607,46661.00,West
2025-07-27,Shipped,280,16316.00,South
2024-05-08,Shipped,1028,2770.00,South
2024-06-01,Shipped,175,84563.00,Central
2025-02-23,Shipped,1317,13374.00,North
2024-12-05,Shipped,945,80272.00,Central
2025-04-18,Shipped,1663,18568.00,North
2025-02-27,Shipped,3473,97417.00,South
2026-01-01,Shipped,3299,30377.00,Central
2025-08-01,Shipped,4634,7394.00,East
2025-09-26,Shipped,172,50266.00,Central
2024-07-06,Shipped,2903,76581.00,Central
2024-02-12,Shipped,4641,1740.00,Central
2024-02-10,Shipped,1809,58328.00,Central
2025-06-24,Shipped,258,3972.00,West
2025-12-23,Shipped,1484,14788.00,South
2025-08-01,Shipped,2420,24739.00,South
2024-02-26,Shipped,2469,37137.00,North
2025-09-16,Shipped,4651,94233.00,East
2024-02-28,Shipped,686,61393.00,Central
2024-05-12,Shipped,4317,861.00,Central
2025-08-17,Shipped,1575,26939.00,North
2024-10-21,Shipped,197,42142.00,Central
2026-01-07,Shipped,4289,55883.00,East
2024-02-19,Shipped,2233,88940.00,East
2025-03-08,Shipped,2329,61752.00,West
2024-01-18,Shipped,4737,37456.00,East
2025-12-27,Shipped,660,36410.00,South
2024-04-16,Shipped,4073,19754.00,South
2024-04-21,Shipped,329,16906.00,Central
2024-06-15,Shipped,375,45541.00,Central
2025-08-09,Shipped,2984,76598.00,Central
2026-02-12,Shipped,2028,69855.00,North
2025-02-28,Shipped,4402,35798.00,Central
2025-10-19,Shipped,3981,52102.00,Central
2025-03-12,Shipped,2828,12286.00,Central
2026-03-23,Shipped,3447,77927.00,Central
2024-07-05,Shipped,1134,61876.00,North
2026-01-05,Shipped,563,66601.00,Central
2024-05-09,Shipped,4868,35619.00,North
2025-04-14,Shipped,4752,6219.00,Central
2024-09-15,Shipped,4505,49823.00,Central
2024-05-14,Shipped,529,99020.00,Central
2024-10-11,Shipped,45,84487.00,East
2026-04-18,Shipped,4956,3470.00,North
2024-03-25,Shipped,1560,66840.00,South
2025-06-22,Shipped,669,97747.00,Central
2024-01-26,Shipped,3114,15118.00,Central
2025-05-16,Shipped,1970,14111.00,West
2024-05-28,Shipped,970,44027.00,Central
2024-02-19,Shipped,4416,95536.00,North
2025-04-23,Shipped,2413,86141.00,North
2025-11-12,Shipped,4330,90485.00,South
2026-05-24,Shipped,2458,60045.00,South
2025-11-15,Shipped,2016,76972.00,Central
2025-05-17,Shipped,4868,58921.00,Central
2024-12-22,Shipped,2514,886.00,East
2024-09-15,Shipped,1853,18455.00,East
2024-06-17,Shipped,1499,44987.00,South
2024-07-19,Shipped,2554,90141.00,North
2024-08-26,Shipped,2214,79243.00,North
2025-07-08,Shipped,1968,24257.00,North
2024-09-27,Shipped,4746,27407.00,Central
2025-01-13,Shipped,3364,97966.00,Central
2024-12-17,Shipped,3933,45546.00,Central
2024-02-08,Shipped,3123,87142.00,North
2025-10-27,Shipped,4314,59674.00,Central
2026-01-13,Shipped,135,2833.00,Central
2024-10-06,Shipped,795,7946.00,North
2024-12-17,Shipped,593,43904.00,East
2024-02-17,Shipped,4179,82460.00,Central
2025-08-11,Shipped,2514,7200.00,Central
2024-09-05,Shipped,1490,41010.00,Central
2025-03-27,Shipped,1644,27111.00,South
2025-02-04,Shipped,1858,45735.00,South
2025-04-03,Shipped,969,21098.00,Central
2024-06-21,Shipped,2662,38032.00,North
2026-05-17,Shipped,3539,76469.00,West
2025-07-09,Shipped,965,90532.00,Central
2024-07-18,Shipped,1879,53113.00,Central
2024-03-03,Shipped,68,64263.00,South
2025-10-10,Shipped,2847,67980.00,Central
2026-01-27,Shipped,2704,40425.00,Central
2025-01-27,Shipped,4040,53688.00,West
2024-03-12,Shipped,871,28108.00,West
2025-10-30,Shipped,4182,57117.00,North
2024-05-03,Shipped,3627,72930.00,West
2026-04-20,Shipped,1712,12476.00,North
2025-02-26,Shipped,580,35832.00,Central
2026-05-09,Shipped,2731,60597.00,North
2026-04-22,Shipped,2137,57482.00,East
2024-11-11,Shipped,3368,43279.00,Central
2025-04-28,Shipped,1280,33322.00,Central
2025-05-03,Shipped,286,16205.00,Central
2024-07-27,Shipped,4760,89286.00,North
2024-12-23,Shipped,4164,80880.00,Central
2026-01-02,Shipped,2009,26174.00,North
2026-05-05,Shipped,1842,24516.00,Central
2025-10-22,Shipped,1567,53702.00,East
2025-02-18,Shipped,4502,87425.00,Central
2025-08-08,Shipped,2649,68208.00,East
2025-12-18,Shipped,1080,29374.00,Central
2024-10-07,Shipped,138,95268.00,South
2024-01-28,Shipped,808,49790.00,North
2025-04-03,Shipped,4095,13086.00,Central
2024-10-23,Shipped,2199,57681.00,Central
2024-01-04,Shipped,1671,7326.00,South
2024-08-30,Shipped,76,27030.00,South
2025-08-11,Shipped,304,53533.00,West
2025-04-24,Shipped,1374,1993.00,East
2024-12-13,Shipped,3305,87457.00,Central
2024-04-12,Shipped,4674,32843.00,North
2025-01-03,Shipped,3841,30507.00,West
2024-10-11,Shipped,4480,98667.00,North
2025-12-29,Shipped,2238,93578.00,Central
2024-03-08,Shipped,2019,5647.00,Central
2024-03-17,Shipped,3566,73482.00,North
2024-01-19,Shipped,281,4967.00,Central
2024-10-24,Shipped,3799,13824.00,North
2026-05-17,Shipped,1899,74782.00,Central
2024-11-03,Shipped,1641,86622.00,Central
2025-09-06,Shipped,359,1151.00,Central
2025-10-30,Shipped,2201,49771.00,North
2025-06-08,Shipped,1933,93610.00,Central
2026-01-17,Shipped,3545,97476.00,North
2026-01-02,Shipped,1276,57280.00,North
2026-02-10,Shipped,1908,32846.00,Central
2025-06-01,Shipped,4182,61535.00,South
2025-04-13,Shipped,395,89655.00,South
2025-09-17,Shipped,354,56143.00,West
2026-04-17,Shipped,3134,1016.00,East
2024-03-13,Shipped,1760,50020.00,Central
2025-12-22,Shipped,340,3995.00,Central
2026-03-02,Shipped,2855,85579.00,North
2024-05-01,Shipped,2117,19449.00,Central
2024-08-10,Shipped,1778,88415.00,North
2024-08-16,Shipped,1064,84591.00,Central
2025-09-22,Shipped,1700,96484.00,Central
2025-04-16,Shipped,2522,50438.00,South
2025-07-13,Shipped,1379,30570.00,Central
2025-12-27,Shipped,3106,40148.00,Central
2025-11-17,Shipped,485,82578.00,South
2026-01-19,Shipped,3780,59880.00,East
2024-05-01,Shipped,2054,33826.00,Central
2024-10-17,Shipped,89,60658.00,North
2025-12-25,Shipped,4968,52896.00,North
2025-04-28,Shipped,1072,61768.00,West
2026-03-29,Shipped,678,85529.00,East
2025-04-05,Shipped,2036,86439.00,Central
2026-05-17,Shipped,4956,1013.00,West
2026-01-27,Shipped,4970,7264.00,North
2024-09-13,Shipped,1931,89470.00,North
2025-09-22,Shipped,2808,49782.00,North
2025-03-08,Shipped,3392,35365.00,South
2024-02-29,Shipped,1116,63393.00,Central
2025-02-08,Shipped,941,88104.00,South
2026-02-05,Shipped,4294,30460.00,Central
2025-10-29,Shipped,379,85954.00,South
2025-05-26,Shipped,1664,24642.00,North
2024-12-20,Shipped,900,81607.00,Central
2024-11-01,Shipped,3990,24435.00,West
2026-02-07,Shipped,966,34787.00,North
2025-09-29,Shipped,3966,88180.00,South
2025-07-06,Shipped,2140,89702.00,South
2024-01-20,Shipped,782,12102.00,Central
2025-01-10,Shipped,3339,81998.00,Central
2026-05-21,Shipped,3218,34962.00,North
2024-07-31,Shipped,4254,27703.00,East
2025-10-04,Shipped,969,33952.00,Central
2025-02-23,Shipped,2402,82959.00,North
2025-05-28,Shipped,727,58723.00,West
2025-07-14,Shipped,4923,19167.00,Central
2025-09-18,Shipped,2668,55589.00,South
2024-06-22,Shipped,3472,37979.00,West
2024-10-09,Shipped,4132,29703.00,East
2024-05-17,Shipped,3783,67061.00,East
2024-01-15,Shipped,3310,42720.00,West
2025-04-18,Shipped,3660,34887.00,Central
2024-11-20,Shipped,717,80089.00,Central
2025-03-27,Shipped,560,36055.00,Central
2024-05-23,Shipped,1873,13962.00,Central
2025-07-18,Shipped,1910,466.00,Central
2026-01-28,Shipped,2097,14007.00,Central
2024-09-09,Shipped,500,53994.00,East
2025-07-16,Shipped,3376,9694.00,South
2026-03-27,Shipped,1421,28012.00,Central
2024-03-07,Shipped,2008,51732.00,South
2025-02-05,Shipped,2177,23503.00,West
2024-03-23,Shipped,3589,19011.00,Central
2025-10-31,Shipped,3890,97017.00,Central
2025-06-17,Shipped,1600,93791.00,East
2025-06-22,Shipped,1798,36514.00,North
2025-08-29,Shipped,3781,63053.00,Central
2025-04-26,Shipped,3695,56662.00,South
2024-10-16,Shipped,2509,196.00,North
2024-02-17,Shipped,834,73073.00,Central
2024-10-22,Shipped,952,8053.00,East
2024-07-09,Shipped,2586,30479.00,South
2026-04-14,Shipped,1187,3064.00,West
2026-04-16,Shipped,471,71517.00,North
2025-12-30,Shipped,699,53008.00,North
2024-06-28,Shipped,1561,58297.00,Central
2025-05-27,Shipped,2275,81012.00,North
2025-07-17,Shipped,2230,70791.00,East
2024-09-07,Shipped,2939,36311.00,West
2025-05-12,Shipped,4060,52201.00,Central
2026-01-28,Shipped,1731,50745.00,Central
2026-03-29,Shipped,3309,2118.00,South
2026-02-19,Shipped,4074,66312.00,Central
2024-07-21,Shipped,1105,66640.00,Central
2026-01-23,Shipped,3812,64402.00,North
2024-02-13,Shipped,3952,19640.00,East
2026-02-03,Shipped,1207,84169.00,South
2026-03-10,Shipped,2107,72826.00,Central
2024-07-02,Shipped,2062,18798.00,Central
2025-01-16,Shipped,4558,39424.00,West
2025-11-06,Shipped,209,52346.00,West
2025-08-13,Shipped,2863,29752.00,Central
2024-07-05,Shipped,1407,16299.00,Central
2024-11-01,Shipped,484,55481.00,Central
2026-05-02,Shipped,942,87469.00,North
2024-10-13,Shipped,1952,23497.00,East
2025-07-19,Shipped,3194,85749.00,South
2026-01-23,Shipped,1076,67857.00,Central
2026-03-20,Shipped,4322,72473.00,West
2025-06-13,Shipped,2504,78870.00,Central
2024-02-19,Shipped,2656,35519.00,Central
2025-10-31,Shipped,4730,40801.00,Central
2026-04-06,Shipped,616,66564.00,Central
2025-09-18,Shipped,3480,24532.00,South
2024-01-15,Shipped,3536,81398.00,West
2024-12-28,Shipped,4984,62297.00,South
2024-04-20,Shipped,856,51868.00,East
2024-08-29,Shipped,4510,38639.00,West
2024-05-26,Shipped,2677,15383.00,West
2024-01-14,Shipped,2559,4034.00,Central
2024-01-25,Shipped,2493,69014.00,East
2025-11-19,Shipped,2812,42351.00,North
2024-04-15,Shipped,2276,75311.00,North
2026-04-19,Shipped,2528,45972.00,West
2025-04-10,Shipped,3402,45699.00,North
2024-05-30,Shipped,4412,12902.00,Central
2025-09-21,Shipped,1389,23850.00,Central
2025-06-01,Shipped,2961,19799.00,East
2024-07-16,Shipped,1193,28564.00,North
2026-02-19,Shipped,1160,68812.00,Central
2025-06-10,Shipped,969,72391.00,West
2026-03-13,Shipped,2647,5592.00,Central
2024-11-20,Shipped,440,38914.00,Central
2024-06-13,Shipped,4140,25300.00,Central
2024-09-27,Shipped,348,9200.00,Central
2024-01-22,Shipped,2744,59379.00,Central
2024-12-21,Shipped,1393,16294.00,East
2025-09-19,Shipped,329,22976.00,Central
2024-07-06,Shipped,3219,91179.00,Central
2025-08-12,Shipped,852,27836.00,Central
2025-09-14,Shipped,4780,84011.00,West
2024-07-28,Shipped,1761,10071.00,North
2024-01-12,Shipped,1222,36714.00,Central
2024-05-28,Shipped,128,72442.00,Central
2026-05-11,Shipped,971,90673.00,North
2024-10-14,Shipped,3621,4360.00,Central
2024-07-31,Shipped,1202,12435.00,South
2024-08-05,Shipped,4674,64929.00,West
2026-04-21,Shipped,3532,34081.00,East
2024-05-02,Shipped,3329,63856.00,Central
2024-09-02,Shipped,4735,79730.00,North
2025-10-13,Shipped,3485,46988.00,North
2026-04-23,Shipped,2260,69098.00,East
2024-07-10,Shipped,1190,31026.00,Central
2025-05-05,Shipped,3359,19672.00,East
2026-02-23,Shipped,2331,46660.00,West
2024-04-25,Shipped,4360,67795.00,South
2024-06-15,Shipped,2730,43333.00,North
2024-11-18,Shipped,3248,5810.00,Central
2024-07-01,Shipped,3597,7099.00,West
2024-02-19,Shipped,442,33252.00,Central
2025-07-18,Shipped,4387,61407.00,Central
2025-04-24,Shipped,3473,40522.00,South
2025-07-01,Shipped,1328,77007.00,Central
2025-09-06,Shipped,2631,91556.00,Central
2026-02-18,Shipped,1452,60324.00,North
2026-01-31,Shipped,1633,33048.00,South
2025-05-27,Shipped,3429,60046.00,Central
2024-08-28,Shipped,1079,78116.00,Central
2025-09-02,Shipped,3936,42055.00,West
2025-04-07,Shipped,81,61723.00,Central
2026-03-25,Shipped,2980,33412.00,Central
2025-01-28,Shipped,2979,62151.00,South
2025-09-14,Shipped,2190,1404.00,Central
2024-08-06,Shipped,2978,54029.00,North
2025-09-08,Shipped,1840,13801.00,South
2024-05-14,Shipped,1136,6948.00,Central
2024-09-07,Shipped,3994,63551.00,Central
2025-08-22,Shipped,4794,12839.00,West
2025-10-09,Shipped,1750,82992.00,East
2025-05-09,Shipped,2377,18175.00,North
2024-09-20,Shipped,4328,7217.00,South
2025-03-03,Shipped,294,86246.00,East
2025-02-05,Shipped,1183,50298.00,Central
2024-02-20,Shipped,2332,43339.00,Central
2025-08-09,Shipped,853,24635.00,Central
2026-03-05,Shipped,527,7571.00,North
2025-02-04,Shipped,2839,67200.00,South
2025-08-02,Shipped,1216,36402.00,North
2024-07-07,Shipped,2477,61332.00,Central
2026-04-16,Shipped,13,11250.00,Central
2026-02-20,Shipped,4051,97308.00,South
2025-03-06,Shipped,4268,134.00,West
2025-09-25,Shipped,2693,13296.00,North
2024-05-26,Shipped,224,88315.00,Central
2024-08-06,Shipped,1166,92639.00,East
2025-09-06,Shipped,3043,67543.00,South
2025-12-19,Shipped,2663,13993.00,Central
2025-08-13,Shipped,596,1291.00,Central
2024-08-27,Shipped,4362,78775.00,Central
2024-03-29,Shipped,1000,19145.00,East
2025-12-12,Shipped,2548,4828.00,East
2024-11-05,Shipped,2574,56957.00,South
2026-03-12,Shipped,2092,17597.00,Central
2024-06-14,Shipped,2,97904.00,North
2025-09-30,Shipped,1723,1266.00,West
2024-12-11,Shipped,2451,95636.00,South
2025-07-15,Shipped,1891,3282.00,South
2024-04-19,Shipped,486,14205.00,South
2024-07-06,Shipped,1095,94688.00,Central
2025-06-27,Shipped,1295,36210.00,Central
2024-01-30,Shipped,1289,92165.00,Central
2026-02-18,Shipped,1159,325.00,Central
2024-02-28,Shipped,979,20324.00,West
2025-08-24,Shipped,2015,67938.00,North
2026-03-26,Shipped,4982,49709.00,Central
2024-06-11,Shipped,2285,13414.00,North
2025-06-15,Shipped,2053,30419.00,South
2025-04-11,Shipped,94,21215.00,Central
2024-08-25,Shipped,1714,68319.00,South
2024-06-02,Shipped,259,4241.00,South
2025-02-15,Shipped,2832,26934.00,Central
2024-07-15,Shipped,4572,81150.00,North
2024-03-24,Shipped,2611,93226.00,Central
2026-02-12,Shipped,1608,39062.00,South
2025-07-13,Shipped,3452,87925.00,East
2024-10-03,Shipped,2962,45676.00,Central
2024-09-28,Shipped,1425,19948.00,South
2024-10-06,Shipped,2577,25199.00,Central
2025-11-02,Shipped,543,29252.00,East
2025-10-27,Shipped,4157,82469.00,East
2025-12-01,Shipped,1109,57832.00,North
2025-02-14,Shipped,4635,57699.00,East
2024-12-07,Shipped,337,96538.00,Central
2025-02-16,Shipped,4393,11172.00,Central
2024-07-12,Shipped,98,25436.00,North
2025-09-01,Shipped,2856,34813.00,Central
2025-12-03,Shipped,1421,31271.00,Central
2025-08-19,Shipped,1723,56202.00,South
2024-12-06,Shipped,3488,61713.00,Central
2025-06-18,Shipped,218,35594.00,Central
2025-03-10,Shipped,1276,15241.00,North
2025-12-03,Shipped,2556,37092.00,East
2024-04-10,Shipped,3967,19220.00,Central
2025-02-27,Shipped,3190,52275.00,East
2024-04-16,Shipped,3892,45223.00,Central
2024-11-09,Shipped,4212,97401.00,South
2024-06-09,Shipped,2666,98149.00,Central
2024-01-06,Shipped,65,21451.00,West
2025-07-12,Shipped,4467,30175.00,Central
2025-09-24,Shipped,941,84653.00,Central
2025-07-30,Shipped,4863,4163.00,South
2024-04-20,Shipped,4253,55505.00,Central
2024-06-08,Shipped,2589,41692.00,East
2026-02-24,Shipped,2713,29752.00,East
2025-12-15,Shipped,3875,8065.00,South
2025-09-25,Shipped,4087,222.00,North
2025-05-07,Shipped,30,16305.00,Central
2024-01-05,Shipped,4101,24684.00,South
2024-12-20,Shipped,2471,82602.00,West
2025-04-29,Shipped,1958,51782.00,Central
2025-08-03,Shipped,39,52294.00,North
2026-01-31,Shipped,4295,97524.00,East
2025-04-08,Shipped,3467,81741.00,South
2024-07-10,Shipped,3247,53147.00,East
2024-12-12,Shipped,3871,26636.00,Central
2025-06-11,Shipped,2322,22060.00,South
2024-01-22,Shipped,3705,98612.00,North
2024-09-17,Shipped,1738,61896.00,Central
2026-01-06,Shipped,3262,68371.00,Central
2024-10-22,Shipped,1013,86726.00,South
2024-08-08,Shipped,2,6326.00,North
2025-08-13,Shipped,1224,27205.00,North
2026-02-03,Shipped,2918,63358.00,East
2025-01-01,Shipped,1441,66981.00,Central
2026-04-01,Shipped,1046,87900.00,Central
2025-05-26,Shipped,1447,28738.00,South
2026-03-02,Shipped,190,39628.00,Central
2024-09-17,Shipped,1001,54493.00,Central
2024-11-12,Shipped,279,2687.00,Central
2024-09-30,Shipped,1650,9207.00,South
2024-12-10,Shipped,2042,1906.00,East
2024-09-08,Shipped,1920,46515.00,East
2024-04-02,Shipped,2018,83853.00,South
2025-06-21,Shipped,4833,74824.00,South
2025-01-17,Shipped,915,41943.00,South
2026-01-26,Shipped,1910,89107.00,North
2025-08-12,Shipped,4694,59463.00,South
2026-04-13,Shipped,4184,80910.00,East
2026-01-17,Shipped,384,53534.00,East
2025-02-15,Shipped,1159,94976.00,Central
2025-02-04,Shipped,2848,64207.00,Central
2024-01-15,Shipped,918,27300.00,North
2025-01-17,Shipped,3980,32483.00,Central
2025-03-28,Shipped,1807,58938.00,Central
2024-06-02,Shipped,4749,32464.00,Central
2026-02-05,Shipped,459,6081.00,Central
2025-12-15,Shipped,2327,20161.00,South
2026-01-18,Shipped,2409,8258.00,North
2024-07-03,Shipped,3331,90152.00,Central
2024-11-20,Shipped,3631,46554.00,South
2025-08-18,Shipped,1510,29241.00,North
2026-01-30,Shipped,4622,67715.00,Central
2024-10-29,Shipped,3833,8475.00,Central
2025-05-18,Shipped,4779,54141.00,South
2026-04-09,Shipped,3813,44082.00,North
2025-02-09,Shipped,3194,5994.00,West
2024-05-14,Shipped,1193,33697.00,Central
2025-03-16,Shipped,1621,6499.00,East
2025-05-10,Shipped,3705,48225.00,East
2024-03-09,Shipped,3997,135.00,North
2026-02-24,Shipped,2345,43524.00,West
2025-09-13,Shipped,1916,29050.00,Central
2025-12-18,Shipped,1237,41675.00,Central
2025-06-23,Shipped,250,53757.00,South
2025-01-30,Shipped,1386,10851.00,Central
2025-01-21,Shipped,3035,74106.00,Central
2024-11-02,Shipped,4655,34556.00,East
2026-05-23,Shipped,2942,86020.00,North
2025-05-10,Shipped,4645,23063.00,North
2026-01-08,Shipped,357,82936.00,West
2025-01-25,Shipped,879,38984.00,Central
2024-06-11,Shipped,1755,98294.00,Central
2025-06-14,Shipped,362,23694.00,Central
2026-05-05,Shipped,2574,29797.00,Central
2026-04-07,Shipped,481,42818.00,Central
2025-06-17,Shipped,4404,85356.00,West
2025-10-05,Shipped,732,32154.00,South
2025-03-22,Shipped,148,47153.00,Central
2024-08-09,Shipped,2181,49797.00,Central
2025-09-27,Shipped,3363,46923.00,East
2026-03-25,Shipped,1706,81106.00,Central
2024-05-24,Shipped,4425,18091.00,East
2025-07-28,Shipped,956,70137.00,West
2024-07-28,Shipped,662,60472.00,East
2026-05-09,Shipped,1831,56572.00,West
2025-01-24,Shipped,4942,28551.00,North
2024-06-13,Shipped,3349,95468.00,Central
2025-03-04,Shipped,3383,95393.00,North
2026-05-04,Shipped,1093,74017.00,North
2024-09-02,Shipped,3266,42827.00,North
2026-03-13,Shipped,1155,57032.00,North
2024-10-03,Shipped,2818,95049.00,Central
2024-05-24,Shipped,512,28989.00,South
2024-06-10,Shipped,3565,10232.00,West
2024-06-28,Shipped,2368,73764.00,North
2026-03-19,Shipped,2592,79703.00,South
2025-07-12,Shipped,2186,36876.00,East
2025-11-27,Shipped,1238,73307.00,Central
2024-06-20,Shipped,3815,61616.00,Central
2026-01-13,Shipped,4438,33185.00,Central
2024-01-13,Shipped,1560,71317.00,Central
2024-10-01,Shipped,4726,14112.00,South
2025-06-22,Shipped,814,55909.00,West
2024-03-12,Shipped,2365,16791.00,East
2026-02-16,Shipped,1316,89986.00,Central
2026-03-27,Shipped,2524,24012.00,Central
2025-06-23,Shipped,1619,73958.00,Central
2024-05-02,Shipped,1131,86744.00,Central
2026-03-29,Shipped,1421,64105.00,East
2025-08-15,Shipped,4959,18587.00,Central
2025-05-30,Shipped,2954,62389.00,Central
2024-02-03,Shipped,2285,17939.00,East
2025-02-02,Shipped,2785,18318.00,Central
2024-01-14,Shipped,1315,67700.00,Central
2024-01-29,Shipped,4309,48176.00,South
2024-07-23,Shipped,4787,39954.00,South
2025-02-28,Shipped,1750,76448.00,South
2025-08-30,Shipped,3955,49627.00,Central
2025-05-08,Shipped,3147,77621.00,Central
2024-10-23,Shipped,1810,76970.00,North
2024-04-03,Shipped,4970,28305.00,East
2024-01-07,Shipped,964,84511.00,East
2025-08-14,Shipped,3396,60070.00,West
2026-03-06,Shipped,3150,83422.00,North
2025-06-22,Shipped,4272,96185.00,South
2025-10-25,Shipped,12,94943.00,Central
2025-03-23,Shipped,2127,63759.00,Central
2025-09-19,Shipped,1319,63002.00,Central
2025-10-17,Shipped,1439,49587.00,Central
2024-12-04,Shipped,2418,58224.00,North
2025-02-22,Shipped,752,16756.00,West
2026-03-28,Shipped,1083,11357.00,North
2025-02-16,Shipped,3594,46566.00,North
2025-07-17,Shipped,3654,24548.00,Central
2025-02-27,Shipped,1709,57565.00,South
2024-03-06,Shipped,4115,29643.00,Central
2024-09-04,Shipped,1967,52951.00,East
2024-03-07,Shipped,4058,15997.00,North
2026-03-28,Shipped,4705,78897.00,Central
2024-12-19,Shipped,3949,92876.00,North
2025-07-21,Shipped,1038,11206.00,North
2024-02-25,Shipped,100,11939.00,North
2024-05-03,Shipped,379,91034.00,West
2024-01-19,Shipped,3475,81490.00,South
2024-08-02,Shipped,2268,8070.00,Central
2025-05-30,Shipped,2153,153.00,Central
2024-05-05,Shipped,3121,53860.00,North
2025-01-20,Shipped,1661,85595.00,Central
2025-01-04,Shipped,4967,54560.00,South
2024-02-15,Shipped,309,39428.00,North
2024-12-03,Shipped,1857,71349.00,West
2025-08-05,Shipped,193,68264.00,Central
2024-06-19,Shipped,1363,5922.00,South
2024-10-04,Shipped,2736,2863.00,Central
2025-02-02,Shipped,3792,87321.00,West
2024-09-05,Shipped,1043,8451.00,Central
2024-12-11,Shipped,1509,64229.00,South
2026-02-06,Shipped,849,40809.00,Central
2024-02-26,Shipped,1987,37605.00,North
2025-02-04,Shipped,3634,26008.00,South
2024-05-13,Shipped,2718,95700.00,South
2025-09-15,Shipped,4809,50015.00,East
2024-06-10,Shipped,1174,37539.00,Central
2025-06-19,Shipped,2764,98478.00,Central
2025-03-27,Shipped,3408,77734.00,South
2025-09-16,Shipped,4305,71221.00,Central
2024-05-26,Shipped,711,46650.00,East
2025-12-06,Shipped,662,86762.00,Central
2025-12-17,Shipped,3959,36315.00,Central
2024-09-30,Shipped,1383,88788.00,Central
2024-05-26,Shipped,1810,63889.00,Central
2025-12-02,Shipped,3888,33454.00,East
2024-09-29,Shipped,4061,90501.00,Central
2026-04-08,Shipped,3618,3425.00,South
2024-12-27,Shipped,906,94017.00,West
2024-01-04,Shipped,2315,89814.00,Central
2025-08-26,Shipped,4042,25469.00,North
2025-08-18,Shipped,2077,92267.00,North
2025-11-24,Shipped,1665,49892.00,Central
2025-01-21,Shipped,4544,9786.00,Central
2025-04-24,Shipped,3734,93113.00,West
2025-02-14,Shipped,693,97949.00,North
2024-12-19,Shipped,3940,87038.00,Central
2026-01-07,Shipped,88,11172.00,North
2024-10-24,Shipped,2367,67013.00,Central
2024-12-11,Shipped,2090,89863.00,Central
2025-08-11,Shipped,2005,29589.00,Central
2024-01-24,Shipped,2461,64762.00,East
2025-02-05,Shipped,3832,34445.00,Central
2024-11-18,Shipped,4690,98290.00,South
2024-07-01,Shipped,4365,778.00,Central
2026-03-18,Shipped,3943,78474.00,East
2025-03-28,Shipped,303,34916.00,North
2024-07-27,Shipped,443,36755.00,West
2025-11-27,Shipped,4687,43968.00,Central
2025-09-23,Shipped,3771,43119.00,Central
2024-11-04,Shipped,3395,53782.00,Central
2025-03-14,Shipped,1636,56110.00,Central
2024-02-22,Shipped,1073,96338.00,North
2025-05-01,Shipped,3082,79326.00,East
2024-06-04,Shipped,3046,31269.00,South
2024-04-09,Shipped,1468,39614.00,Central
2025-02-19,Shipped,1924,87864.00,Central
2026-03-07,Shipped,597,26498.00,East
2025-07-29,Shipped,3819,46320.00,South
2025-11-25,Shipped,2382,76788.00,Central
2024-09-15,Shipped,2580,26057.00,Central
2024-07-17,Shipped,3655,42179.00,North
2026-05-09,Shipped,3471,9664.00,Central
2024-07-09,Shipped,3182,53843.00,Central
2026-05-24,Shipped,4946,85995.00,North
2024-05-24,Shipped,2145,35781.00,North
2026-01-24,Shipped,2959,96084.00,Central
2024-08-27,Shipped,232,86870.00,Central
2025-05-19,Shipped,1885,39703.00,Central
2024-10-06,Shipped,2192,12970.00,Central
2024-01-06,Shipped,605,16815.00,Central
2024-03-13,Shipped,3572,91595.00,South
2025-05-02,Shipped,271,95120.00,North
2025-09-03,Shipped,3462,20979.00,North
2026-01-06,Shipped,1280,90013.00,Central
2026-01-10,Shipped,2160,13189.00,South
2026-03-30,Shipped,4873,25402.00,Central
2026-02-09,Shipped,1337,45312.00,South
2025-04-28,Shipped,4850,16011.00,Central
2024-02-08,Shipped,3906,42077.00,Central
2025-09-21,Shipped,2804,11547.00,Central
2024-07-31,Shipped,4911,38734.00,South
2024-04-02,Shipped,1954,16826.00,South
2025-08-27,Shipped,2598,28108.00,Central
2024-12-23,Shipped,3544,84942.00,East
2024-08-25,Shipped,2700,68947.00,Central
2024-11-11,Shipped,738,43538.00,Central
2025-10-19,Shipped,1902,72810.00,West
2025-02-26,Shipped,4030,41637.00,East
2024-11-13,Shipped,2295,62341.00,North
2025-12-29,Shipped,924,41488.00,Central
2025-02-26,Shipped,4605,87599.00,North
2025-03-09,Shipped,1436,82636.00,North
2026-04-24,Shipped,1353,76062.00,North
2025-06-10,Shipped,1663,76466.00,North
2024-09-19,Shipped,4450,36217.00,North
2025-10-21,Shipped,4720,42485.00,West
2024-09-27,Shipped,2054,84017.00,North
2025-09-17,Shipped,2911,69230.00,Central
2025-08-02,Shipped,2743,46136.00,Central
2026-04-13,Shipped,1881,8644.00,West
2024-11-28,Shipped,1063,63851.00,North
2025-07-06,Shipped,4356,10477.00,Central
2026-01-19,Shipped,2789,81869.00,North
2025-04-28,Shipped,4741,82575.00,West
2024-02-23,Shipped,3501,82758.00,South
2024-12-12,Shipped,822,52315.00,South
2024-03-13,Shipped,587,49098.00,Central
2025-02-04,Shipped,2022,35882.00,South
2025-10-09,Shipped,115,37201.00,South
2024-11-17,Shipped,2421,98139.00,North
2024-01-17,Shipped,4247,92769.00,Central
2026-05-08,Shipped,2173,19751.00,Central
2026-04-10,Shipped,1282,32763.00,West
2026-02-23,Shipped,409,64109.00,Central
2025-01-31,Shipped,1208,4261.00,Central
2026-04-18,Shipped,1548,47302.00,Central
2026-05-21,Shipped,788,31188.00,North
2026-02-23,Shipped,1728,76763.00,South
2025-03-01,Shipped,1320,67487.00,North
2025-06-29,Shipped,1406,57707.00,North
2025-12-29,Shipped,1134,7640.00,South
2025-12-31,Shipped,2573,2254.00,Central
2024-01-07,Shipped,3657,96639.00,South
2024-06-06,Shipped,1797,37009.00,East
2025-12-26,Shipped,3372,29940.00,Central
2026-04-30,Shipped,744,39904.00,West
2024-03-09,Shipped,2465,44406.00,Central
2025-06-25,Shipped,4912,47885.00,South
2025-01-10,Shipped,1816,94764.00,Central
2024-07-04,Shipped,515,22854.00,Central
2025-07-02,Shipped,1461,81505.00,West
2024-07-20,Shipped,2841,37077.00,West
2025-05-22,Shipped,2210,4333.00,Central
2025-09-18,Shipped,2106,19945.00,Central
2024-11-17,Shipped,2782,89140.00,South
2024-11-30,Shipped,3551,54041.00,North
2026-02-23,Shipped,4759,56384.00,South
2025-08-05,Shipped,2668,70997.00,North
2024-01-06,Shipped,4142,3415.00,West
2025-01-10,Shipped,3457,39557.00,Central
2025-08-04,Shipped,2889,15468.00,South
2025-07-12,Shipped,1540,79286.00,Central
2025-02-03,Shipped,1733,37561.00,Central
2024-12-23,Shipped,3925,18645.00,South
2024-07-29,Shipped,1818,95066.00,Central
2025-08-27,Shipped,4721,20301.00,North
2025-03-16,Shipped,2791,96863.00,East
2024-06-03,Shipped,939,44986.00,Central
2025-01-03,Shipped,527,43741.00,East
2025-10-09,Shipped,2161,38430.00,East
2025-04-09,Shipped,2986,20633.00,East
2024-01-31,Shipped,3303,27625.00,West
2026-02-18,Shipped,1526,86399.00,North
2024-06-29,Shipped,4613,12641.00,Central
2024-03-11,Shipped,2553,97521.00,Central
2024-02-20,Shipped,558,33551.00,Central
2025-11-17,Shipped,646,86901.00,North
2024-03-08,Shipped,2873,46783.00,Central
2024-03-20,Shipped,3093,1876.00,East
2025-09-27,Shipped,108,48974.00,Central
2024-12-10,Shipped,1320,26537.00,West
2024-04-27,Shipped,2405,13920.00,Central
2025-01-21,Shipped,2522,88921.00,North
2025-07-31,Shipped,3414,51999.00,Central
2024-04-06,Shipped,1519,19021.00,West
2024-11-07,Shipped,807,40134.00,Central
2024-05-27,Shipped,4140,28293.00,South
2025-02-19,Shipped,2632,81497.00,Central
2025-08-21,Shipped,3439,41225.00,Central
2025-09-03,Shipped,2012,21253.00,East
2025-06-25,Shipped,173,68952.00,West
2024-02-09,Shipped,769,67545.00,East
2025-07-29,Shipped,2728,79715.00,South
2024-09-06,Shipped,4920,42420.00,East
2024-10-27,Shipped,2663,22390.00,East
2026-05-17,Shipped,4952,46713.00,Central
2025-01-09,Shipped,2525,44164.00,West
2025-11-24,Shipped,1467,78609.00,North
2025-01-20,Shipped,3361,41708.00,North
2025-04-20,Shipped,552,6491.00,Central
2024-12-13,Shipped,3737,84344.00,West
2025-06-20,Shipped,282,65188.00,Central
2024-12-03,Shipped,4473,49431.00,South
2025-05-27,Shipped,907,32866.00,East
2026-03-18,Shipped,3583,5656.00,Central
2025-06-03,Shipped,1853,39434.00,East
2025-03-30,Shipped,2790,46040.00,North
2025-08-20,Shipped,988,18455.00,Central
2025-05-13,Shipped,4852,42365.00,South
2024-09-22,Shipped,1055,40272.00,Central
2025-10-13,Shipped,1300,43283.00,East
2024-03-21,Shipped,4289,37737.00,North
2026-03-30,Shipped,742,77813.00,Central
2024-08-29,Shipped,3501,31611.00,Central
2025-05-24,Shipped,2793,27764.00,North
2024-02-06,Shipped,3244,35349.00,North
2026-04-21,Shipped,611,55943.00,Central
2024-04-02,Shipped,1737,77670.00,South
2024-09-18,Shipped,2862,92007.00,North
2025-08-08,Shipped,1069,7872.00,Central
2026-02-27,Shipped,1680,44378.00,North
2025-04-13,Shipped,3796,11341.00,West
2025-03-03,Shipped,4447,18741.00,Central
2024-12-30,Shipped,1076,86105.00,North
2024-07-06,Shipped,2690,47845.00,West
2025-10-04,Shipped,4837,63342.00,Central
2026-04-15,Shipped,817,68557.00,South
2024-08-07,Shipped,3845,21629.00,Central
2024-06-19,Shipped,2836,39944.00,North
2024-05-24,Shipped,4343,45816.00,Central
2025-01-31,Shipped,3805,52182.00,North
2025-10-18,Shipped,3150,34625.00,Central
2024-08-27,Shipped,1510,3800.00,North
2025-10-22,Shipped,23,35876.00,East
2024-09-11,Shipped,3869,88366.00,East
2025-12-16,Shipped,502,97497.00,South
2024-03-05,Shipped,1967,32933.00,North
2024-05-19,Shipped,2132,28952.00,Central
2024-10-21,Shipped,660,55279.00,East
2026-04-05,Shipped,4124,48068.00,West
2025-03-23,Shipped,2196,82583.00,South
2024-01-18,Shipped,3798,9816.00,West
2024-02-19,Shipped,151,2555.00,North
2024-02-04,Shipped,1566,79244.00,Central
2025-03-23,Shipped,4864,79017.00,West
2025-06-28,Shipped,2331,74140.00,East
2025-08-22,Shipped,1168,69253.00,Central
2026-03-17,Shipped,817,53370.00,Central
2024-01-20,Shipped,3912,40768.00,Central
2025-11-13,Shipped,3677,59933.00,Central
2024-07-20,Shipped,4255,8302.00,North
2024-03-14,Shipped,2348,50701.00,South
2024-09-24,Shipped,89,15067.00,Central
2024-06-16,Shipped,3690,79990.00,Central
2025-03-24,Shipped,1216,73072.00,North
2024-09-09,Shipped,1147,50592.00,Central
2025-06-20,Shipped,1715,44576.00,North
2025-06-26,Shipped,425,42308.00,Central
2024-05-17,Shipped,2817,26141.00,South
2026-04-29,Shipped,2330,27320.00,South
2024-01-27,Shipped,863,46246.00,East
2025-03-17,Shipped,4936,67665.00,East
2025-05-31,Shipped,1738,82664.00,South
2025-05-19,Shipped,885,20777.00,East
2025-12-07,Shipped,2391,93729.00,Central
2024-03-07,Shipped,2026,11126.00,North
2025-05-08,Shipped,714,79620.00,Central
2026-04-05,Shipped,1990,29239.00,Central
2026-05-06,Shipped,148,19874.00,Central
2025-02-23,Shipped,3918,29486.00,Central
2025-09-27,Shipped,3867,39570.00,East
2025-05-04,Shipped,777,20970.00,Central
2025-07-30,Shipped,1840,80702.00,Central
2025-03-17,Shipped,4082,41258.00,East
2026-03-28,Shipped,823,58008.00,Central
2025-03-04,Shipped,4281,48458.00,Central
2025-09-12,Shipped,3983,23974.00,South
2026-01-17,Shipped,3028,87233.00,East
2025-09-28,Shipped,4767,6659.00,Central
2025-07-28,Shipped,2989,45560.00,North
2025-06-16,Shipped,4117,32607.00,West
2025-10-07,Shipped,918,97252.00,Central
2025-02-03,Shipped,1030,14765.00,North
2025-01-25,Shipped,781,28334.00,North
2024-11-08,Shipped,4333,21647.00,North
2026-05-02,Shipped,908,90198.00,East
2025-08-28,Shipped,3111,34615.00,North
2025-12-10,Shipped,915,91779.00,Central
2024-02-17,Shipped,2709,65718.00,Central
2025-03-05,Shipped,1789,93807.00,North
2024-10-25,Shipped,3769,88262.00,Central
2025-06-19,Shipped,4571,36017.00,East
2025-09-16,Shipped,1543,71137.00,East
2025-02-13,Shipped,3742,38423.00,North
2024-04-19,Shipped,839,61926.00,North
2025-08-02,Shipped,983,38306.00,North
2025-11-25,Shipped,2029,10821.00,North
2025-12-18,Shipped,810,18744.00,Central
2026-01-31,Shipped,4915,85614.00,North
2026-03-27,Shipped,1637,54568.00,Central
2026-03-10,Shipped,347,54171.00,South
2025-09-22,Shipped,21,63087.00,North
2025-06-03,Shipped,1794,44744.00,Central
2025-05-22,Shipped,1024,18262.00,West
2024-07-26,Shipped,517,36901.00,Central
2025-09-26,Shipped,2632,78646.00,Central
2026-05-24,Shipped,3904,35896.00,Central
2025-10-24,Shipped,1045,34410.00,East
2024-04-22,Shipped,1493,65417.00,Central
2024-06-21,Shipped,2790,81895.00,Central
2026-01-18,Shipped,2642,96601.00,North
2026-02-04,Shipped,2791,44372.00,North
2024-11-25,Shipped,1295,91411.00,Central
2024-12-25,Shipped,2559,58647.00,East
2024-04-02,Shipped,4560,33901.00,Central
2024-06-30,Shipped,3572,10179.00,North
2026-03-01,Shipped,1404,60521.00,Central
2024-10-27,Shipped,4050,95717.00,East
2024-07-15,Shipped,1569,86541.00,Central
2025-04-01,Shipped,3536,68544.00,North
2024-03-16,Shipped,4189,41228.00,West
2026-05-04,Shipped,2516,56256.00,South
2024-04-08,Shipped,3973,42521.00,Central
2024-09-29,Shipped,2210,23206.00,North
2025-03-21,Shipped,2982,65967.00,Central
2024-02-12,Shipped,4005,90011.00,East
2024-10-25,Shipped,4629,92515.00,Central
2025-04-18,Shipped,1227,92465.00,South
2024-05-19,Shipped,1040,95004.00,Central
2024-03-19,Shipped,242,6122.00,Central
2024-04-10,Shipped,1627,97414.00,North
2025-05-15,Shipped,4470,76646.00,South
2026-04-14,Shipped,4645,41983.00,South
2024-11-25,Shipped,159,25984.00,South
2025-07-07,Shipped,1644,21824.00,Central
2026-05-19,Shipped,2845,70276.00,North
2025-06-02,Shipped,917,11108.00,Central
2024-12-30,Shipped,1113,12459.00,Central
2026-04-04,Shipped,681,13283.00,Central
2024-05-10,Shipped,4342,86917.00,East
2026-04-28,Shipped,2248,11962.00,East
2024-04-30,Shipped,3495,56047.00,Central
2024-09-02,Shipped,4194,28154.00,West
2024-02-26,Shipped,2477,72711.00,Central
2024-11-07,Shipped,2418,65977.00,East
2025-06-03,Shipped,852,59421.00,Central
2025-11-20,Shipped,2666,55650.00,South
2026-04-08,Shipped,3998,39837.00,Central
2025-10-16,Shipped,1521,47092.00,East
2026-05-14,Shipped,3076,93584.00,Central
2025-05-04,Shipped,3467,89678.00,Central
2025-06-26,Shipped,3124,92755.00,South
2025-03-20,Shipped,4601,18087.00,South
2025-11-11,Shipped,462,15885.00,Central
2024-05-08,Shipped,1272,84000.00,North
2024-12-10,Shipped,2488,20340.00,West
2025-05-14,Shipped,2464,84385.00,Central
2025-06-20,Shipped,2153,40792.00,Central
2025-03-09,Shipped,2341,6323.00,Central
2025-07-13,Shipped,2383,82026.00,Central
2024-10-09,Shipped,4429,52640.00,Central
2025-09-30,Shipped,2228,41674.00,North
2025-10-13,Shipped,1904,98924.00,North
2024-04-07,Shipped,2727,48264.00,East
2026-02-18,Shipped,1680,17378.00,North
2025-06-22,Shipped,4931,27380.00,North
2024-12-31,Shipped,1767,1671.00,East
2026-03-24,Shipped,2303,13536.00,South
2026-03-11,Shipped,4845,72405.00,West
2025-10-14,Shipped,3290,81389.00,South
2026-04-19,Shipped,3842,82104.00,South
2024-12-05,Shipped,958,48907.00,North
2026-04-08,Shipped,2374,77069.00,Central
2026-05-07,Shipped,709,38165.00,Central
2026-05-21,Shipped,887,68854.00,Central
2026-01-29,Shipped,3270,1059.00,Central
2025-02-18,Shipped,4520,73662.00,Central
2026-01-29,Shipped,2074,35993.00,North
2026-02-25,Shipped,1314,58290.00,East
2024-12-08,Shipped,598,91326.00,Central
2024-06-04,Shipped,1162,40702.00,South
2025-04-06,Shipped,1184,62208.00,South
2024-10-24,Shipped,4705,28852.00,Central
2024-01-26,Shipped,3308,25188.00,East
2024-11-22,Shipped,1575,47404.00,North
2025-04-07,Shipped,245,36129.00,West
2024-08-11,Shipped,4650,79946.00,East
2026-04-07,Shipped,3338,52531.00,South
2026-04-01,Shipped,3233,31507.00,Central
2024-11-18,Shipped,3919,10570.00,North
2025-09-29,Shipped,745,15036.00,South
2025-11-22,Shipped,4475,31697.00,West
2024-10-07,Shipped,2183,39625.00,South
2024-01-28,Shipped,1396,39685.00,North
2024-12-26,Shipped,2115,621.00,West
2025-02-04,Shipped,688,42596.00,West
2024-06-13,Shipped,4861,38318.00,East
2025-09-21,Shipped,4106,88991.00,East
2025-10-30,Shipped,4783,43590.00,East
2026-02-16,Shipped,2858,65604.00,North
2024-10-12,Shipped,1388,85769.00,Central
2025-12-01,Shipped,695,52299.00,East
2025-01-10,Shipped,3112,2301.00,Central
2026-04-20,Shipped,3768,37388.00,North
2024-07-11,Shipped,25,77256.00,Central
2025-05-04,Shipped,1651,52785.00,Central
2024-09-29,Shipped,2432,84021.00,Central
2024-03-12,Shipped,3072,79637.00,South
2025-05-21,Shipped,431,67094.00,West
2024-12-18,Shipped,731,66483.00,Central
2024-12-24,Shipped,2037,74897.00,North
2026-03-12,Shipped,1936,25211.00,East
2025-10-18,Shipped,2833,49087.00,North
2026-05-24,Shipped,1261,16077.00,Central
2025-09-11,Shipped,627,19882.00,North
2024-11-16,Shipped,3523,4102.00,Central
2025-03-22,Shipped,1220,89997.00,Central
2024-03-28,Shipped,4290,16249.00,South
2026-01-19,Shipped,531,25852.00,South
2025-01-12,Shipped,4503,81305.00,West
2025-01-22,Shipped,4952,31301.00,West
2024-05-06,Shipped,209,52244.00,West
2024-07-27,Shipped,2737,81140.00,Central
2025-12-25,Shipped,1980,48006.00,South
2026-03-14,Shipped,1579,92585.00,North
2025-06-15,Shipped,4615,37766.00,South
2026-01-09,Shipped,1619,33387.00,East
2026-01-31,Shipped,153,16974.00,Central
2025-10-01,Shipped,1333,97577.00,West
2024-02-15,Shipped,4638,87989.00,Central
2024-10-02,Shipped,1492,75705.00,South
2024-11-16,Shipped,4438,72479.00,Central
2025-10-17,Shipped,2115,53265.00,Central
2026-01-14,Shipped,126,12433.00,Central
2025-12-01,Shipped,3706,68131.00,Central
2025-09-15,Shipped,94,2100.00,East
2024-09-18,Shipped,826,76368.00,West
2024-01-14,Shipped,3295,42781.00,West
2025-10-18,Shipped,4672,43091.00,Central
2024-05-05,Shipped,2845,87605.00,Central
2026-01-31,Shipped,2559,84023.00,South
2024-07-05,Shipped,1409,44821.00,North
2025-09-14,Shipped,2922,53046.00,North
2025-06-07,Shipped,4408,29520.00,South
2024-12-20,Shipped,4705,28190.00,North
2025-07-27,Shipped,4963,15383.00,North
2024-12-10,Shipped,189,64296.00,West
2025-11-11,Shipped,4848,38314.00,East
2025-06-18,Shipped,72,43679.00,North
2025-11-16,Shipped,2404,35275.00,North
2024-06-19,Shipped,3147,24894.00,South
2024-11-25,Shipped,4658,62675.00,Central
2024-12-24,Shipped,3961,35146.00,South
2026-04-17,Shipped,1241,6710.00,North
2026-03-06,Shipped,3081,71837.00,West
2026-02-06,Shipped,3015,39238.00,South
2025-01-06,Shipped,49,61987.00,South
2024-05-30,Shipped,372,85349.00,Central
2024-05-09,Shipped,588,98047.00,Central
2024-12-20,Shipped,2668,19111.00,Central
2026-02-23,Shipped,3134,82607.00,West
2024-05-23,Shipped,3383,72290.00,North
2024-01-08,Shipped,1362,7549.00,North
2024-05-16,Shipped,1668,41136.00,Central
2026-04-17,Shipped,3275,79694.00,East
2024-12-28,Shipped,1376,49438.00,South
2024-12-24,Shipped,3830,48646.00,North
2024-08-01,Shipped,2748,33716.00,Central
2025-08-20,Shipped,1800,55948.00,Central
2026-01-01,Shipped,1183,85904.00,North
2025-03-10,Shipped,2868,17701.00,Central
2024-04-03,Shipped,3274,36605.00,Central
2025-07-29,Shipped,3069,6383.00,Central
2025-07-26,Shipped,785,9229.00,East
2025-12-19,Shipped,4763,32891.00,South
2026-04-07,Shipped,4919,32875.00,South
2025-09-10,Shipped,2885,63314.00,Central
2024-07-07,Shipped,4050,12066.00,South
2025-07-12,Shipped,974,5131.00,Central
2024-06-22,Shipped,160,43268.00,North
2024-09-14,Shipped,2694,35272.00,Central
2024-09-19,Shipped,4577,53781.00,North
2026-01-07,Shipped,4966,81813.00,Central
2024-07-14,Shipped,2658,64102.00,North
2026-04-23,Shipped,1956,23619.00,North
2024-01-22,Shipped,4134,62994.00,Central
2025-08-31,Shipped,401,64266.00,South
2025-07-17,Shipped,1079,36473.00,Central
2025-09-19,Shipped,1140,21638.00,North
2026-04-11,Shipped,3727,13074.00,North
2024-09-16,Shipped,2520,32442.00,Central
2026-04-14,Shipped,3313,4914.00,Central
2024-11-07,Shipped,2221,80415.00,Central
2025-01-05,Shipped,2276,70917.00,West
2024-08-25,Shipped,3628,78422.00,South
2024-05-31,Shipped,4973,30759.00,Central
2025-07-07,Shipped,4404,7821.00,Central
2024-02-10,Shipped,2346,69206.00,South
2024-04-10,Shipped,3467,53170.00,Central
2025-01-30,Shipped,1859,80769.00,West
2024-01-01,Shipped,4179,54647.00,Central
2024-09-08,Shipped,677,8661.00,West
2024-07-16,Shipped,417,71600.00,Central
2024-12-17,Shipped,4548,35011.00,South
2025-02-08,Shipped,806,48411.00,West
2024-11-18,Shipped,4301,83740.00,Central
2026-04-20,Shipped,87,53361.00,North
2024-01-19,Shipped,891,97937.00,Central
2025-08-25,Shipped,3442,49498.00,South
2025-04-24,Shipped,413,27973.00,Central
2026-03-20,Shipped,4738,14320.00,South
2024-08-23,Shipped,4877,28964.00,East
2025-04-07,Shipped,1758,19165.00,Central
2025-12-26,Shipped,2927,44019.00,Central
2024-04-24,Shipped,88,46433.00,East
2025-11-27,Shipped,3859,20330.00,West
2025-04-10,Shipped,4215,61186.00,East
2024-02-17,Shipped,1339,79719.00,West
2025-01-28,Shipped,1509,51628.00,East
2024-05-18,Shipped,3785,42122.00,North
2024-08-22,Shipped,1059,95918.00,Central
2026-05-23,Shipped,3348,68790.00,North
2026-01-16,Shipped,2965,10301.00,Central
2025-02-03,Shipped,2997,68670.00,Central
2025-12-31,Shipped,1515,5719.00,Central
2024-08-01,Shipped,1073,35708.00,Central
2026-01-12,Shipped,1049,40391.00,North
2025-02-14,Shipped,4423,1509.00,West
2025-06-17,Shipped,591,77412.00,Central
2024-08-02,Shipped,4341,19400.00,Central
2025-02-02,Shipped,1570,21991.00,North
2024-12-18,Shipped,1846,62197.00,Central
2026-04-22,Shipped,1145,55473.00,Central
2025-07-14,Shipped,1142,92322.00,West
2024-10-14,Shipped,4803,4647.00,Central
2025-12-20,Shipped,1989,75548.00,South
2024-03-12,Shipped,4261,60179.00,Central
2025-03-26,Shipped,984,47615.00,Central
2026-05-20,Shipped,2678,76143.00,Central
2025-11-09,Shipped,2806,57990.00,South
2024-01-07,Shipped,442,8764.00,East
2024-06-22,Shipped,4501,98970.00,South
2025-08-17,Shipped,4027,13634.00,Central
2024-08-30,Shipped,1548,1751.00,Central
2025-08-15,Shipped,1764,30960.00,South
2025-02-04,Shipped,4547,12725.00,North
2024-10-05,Shipped,1522,52118.00,Central
2025-01-22,Shipped,4236,19308.00,South
2024-03-03,Shipped,1888,58585.00,Central
2026-03-25,Shipped,168,80574.00,Central
2025-02-05,Shipped,4069,98842.00,North
2025-12-19,Shipped,4843,70939.00,North
2024-10-20,Shipped,2826,73387.00,North
2026-05-12,Shipped,4548,42942.00,South
2025-07-19,Shipped,4585,62434.00,South
2026-02-08,Shipped,28,60004.00,North
2024-09-13,Shipped,235,2227.00,Central
2024-02-25,Shipped,3969,26456.00,Central
2024-03-04,Shipped,3322,90753.00,Central
2024-10-24,Shipped,3190,69069.00,South
2026-05-02,Shipped,3780,85442.00,South
2026-03-01,Shipped,2392,94182.00,Central
2025-11-19,Shipped,1385,80539.00,Central
2024-10-19,Shipped,2631,90215.00,East
2025-09-26,Shipped,3675,61674.00,South
2024-08-09,Shipped,3317,40635.00,North
2026-02-05,Shipped,2630,2045.00,Central
2024-10-19,Shipped,2729,15480.00,Central
2024-05-19,Shipped,2665,68658.00,South
2025-04-10,Shipped,4588,39846.00,Central
2026-03-10,Shipped,4731,86714.00,Central
2026-02-14,Shipped,1296,95649.00,North
2025-01-20,Shipped,2103,34586.00,South
2025-08-03,Shipped,3516,48372.00,Central
2025-05-21,Shipped,3939,94402.00,Central
2025-03-16,Shipped,1604,43742.00,Central
2024-10-29,Shipped,559,5868.00,Central
2024-11-22,Shipped,260,85924.00,South
2025-02-09,Shipped,490,95885.00,South
2025-05-30,Shipped,3446,84705.00,North
2024-11-25,Shipped,730,31164.00,South
2024-08-28,Shipped,4873,6667.00,Central
2024-12-02,Shipped,2608,36087.00,East
2025-01-26,Shipped,3176,45335.00,East
2025-01-11,Shipped,471,95309.00,Central
2024-06-22,Shipped,2973,15699.00,East
2024-08-28,Shipped,3582,7802.00,South
2024-01-20,Shipped,2872,26001.00,North
2024-04-15,Shipped,4675,30186.00,North
2025-05-06,Shipped,402,9169.00,Central
2026-01-26,Shipped,4699,44877.00,Central
2024-11-10,Shipped,4504,19980.00,Central
2025-08-01,Shipped,522,92787.00,Central
2024-09-20,Shipped,3560,38796.00,West
2025-02-05,Shipped,4470,61794.00,Central
2025-03-23,Shipped,399,24764.00,South
2024-11-18,Shipped,462,64849.00,West
2025-02-26,Shipped,4789,31365.00,West
2026-04-16,Shipped,3836,11603.00,Central
2024-06-18,Shipped,2766,11884.00,Central
2025-05-18,Shipped,179,60623.00,Central
2026-02-07,Shipped,1089,20878.00,East
2026-01-13,Shipped,1485,20883.00,North
2024-06-08,Shipped,176,29589.00,North
2024-10-19,Shipped,2906,82575.00,Central
2024-04-28,Shipped,599,7633.00,East
2025-08-18,Shipped,2352,30274.00,Central
2025-07-24,Shipped,824,80046.00,South
2025-10-11,Shipped,3137,41297.00,North
2025-11-01,Shipped,4511,66161.00,North
2024-09-12,Shipped,2874,60952.00,Central
2025-12-18,Shipped,2605,92095.00,Central
2025-01-21,Shipped,320,69891.00,Central
2025-05-14,Shipped,1776,76050.00,South
2026-04-28,Shipped,1332,27441.00,Central
2024-08-12,Shipped,4349,90392.00,Central
2024-01-31,Shipped,2906,79528.00,South
2024-02-23,Shipped,268,97316.00,Central
2025-06-27,Shipped,342,9219.00,South
2024-03-09,Shipped,4400,13874.00,Central
2026-05-07,Shipped,2957,44573.00,Central
2026-03-02,Shipped,403,37833.00,Central
2025-11-03,Shipped,3813,47046.00,South
2025-07-07,Shipped,4221,83661.00,North
2025-08-09,Shipped,4990,72709.00,East
2025-05-26,Shipped,3971,52309.00,North
2026-04-08,Shipped,357,73678.00,Central
2026-04-08,Shipped,312,49185.00,South
2026-03-13,Shipped,2371,36038.00,North
2024-11-30,Shipped,3239,75078.00,South
2025-04-17,Shipped,4409,85728.00,Central
2025-07-03,Shipped,4039,40794.00,Central
2024-05-13,Shipped,726,14799.00,South
2024-07-04,Shipped,1803,41253.00,South
2024-06-03,Shipped,4992,86802.00,South
2026-03-27,Shipped,2603,46626.00,Central
2025-04-07,Shipped,2462,86967.00,Central
2024-12-10,Shipped,1367,34108.00,North
2024-10-17,Shipped,1370,54992.00,Central
2024-10-27,Shipped,3256,27683.00,Central
2025-06-12,Shipped,3970,17499.00,Central
2024-10-07,Shipped,4568,58112.00,East
2025-05-02,Shipped,2254,18113.00,West
2024-11-14,Shipped,4304,17075.00,Central
2024-06-09,Shipped,3037,28909.00,Central
2026-05-13,Shipped,2537,40085.00,North
2025-07-28,Shipped,3363,55386.00,East
2024-10-03,Shipped,265,85462.00,East
2024-06-19,Shipped,4545,78012.00,Central
2024-11-25,Shipped,4288,77022.00,Central
2024-03-07,Shipped,2612,10794.00,Central
2025-01-19,Shipped,2362,16626.00,Central
2025-02-27,Shipped,2923,81405.00,Central
2025-03-09,Shipped,3219,43699.00,South
2024-01-19,Shipped,2440,28311.00,Central
2024-08-19,Shipped,2195,67346.00,Central
2025-03-21,Shipped,2282,5082.00,Central
2026-04-09,Shipped,443,78533.00,Central
2026-01-03,Shipped,2876,52358.00,Central
2025-11-25,Shipped,1183,54476.00,South
2024-11-03,Shipped,1363,27445.00,North
2026-05-19,Shipped,1076,32585.00,West
2024-06-10,Shipped,3784,90827.00,East
2024-10-02,Shipped,4910,88391.00,Central
2025-02-05,Shipped,1170,79399.00,East
2024-03-18,Shipped,1367,36738.00,Central
2025-10-22,Shipped,3651,16056.00,Central
2025-02-02,Shipped,4874,34196.00,Central
2026-04-08,Shipped,2805,89010.00,Central
2025-10-30,Shipped,985,9873.00,Central
2024-04-25,Shipped,919,32720.00,Central
2024-09-26,Shipped,378,84290.00,Central
2026-05-10,Shipped,2140,30236.00,West
2025-01-19,Shipped,725,33958.00,South
2024-03-19,Shipped,2240,91526.00,East
2025-05-27,Shipped,1708,98195.00,North
2025-02-22,Shipped,1603,94830.00,Central
2025-07-31,Shipped,1634,48627.00,Central
2025-12-04,Shipped,1119,4948.00,Central
2024-06-17,Shipped,4085,74553.00,Central
2024-11-29,Shipped,1058,43626.00,North
2024-08-20,Shipped,4772,85083.00,Central
2024-09-14,Shipped,3515,83091.00,Central
2025-08-22,Shipped,3491,41474.00,Central
2025-08-17,Shipped,393,38193.00,West
2025-10-27,Shipped,1558,98673.00,Central
2025-09-05,Shipped,4607,56247.00,Central
2025-06-29,Shipped,3602,40060.00,East
2025-08-13,Shipped,3918,86223.00,East
2024-08-23,Shipped,4544,50558.00,East
2024-07-07,Shipped,2073,81020.00,East
2026-02-24,Shipped,164,29447.00,East
2024-06-12,Shipped,3336,1251.00,East
2026-04-16,Shipped,3037,284.00,West
2025-10-25,Shipped,4915,39696.00,North
2024-12-01,Shipped,542,61670.00,South
2024-11-24,Shipped,1539,67795.00,South
2024-06-20,Shipped,3163,20903.00,North
2024-09-01,Shipped,3315,79400.00,North
2026-05-16,Shipped,427,43529.00,East
2025-06-07,Shipped,396,40116.00,Central
2024-07-03,Shipped,1393,71218.00,South
2025-08-23,Shipped,4825,80279.00,West
2025-07-05,Shipped,1987,61618.00,East
2024-11-14,Shipped,4571,63298.00,North
2024-08-06,Shipped,4159,43140.00,North
2025-04-10,Shipped,3998,8999.00,North
2025-02-10,Shipped,1306,23301.00,North
2025-11-13,Shipped,2360,65369.00,East
2026-04-09,Shipped,3263,32798.00,Central
2024-02-20,Shipped,842,81595.00,North
2025-10-21,Shipped,4151,42286.00,North
2025-05-26,Shipped,2578,51459.00,Central
2024-07-03,Shipped,4327,13421.00,North
2025-11-15,Shipped,551,92895.00,Central
2024-05-31,Shipped,484,81535.00,West
2025-08-01,Shipped,1983,15802.00,West
2026-02-05,Shipped,2256,3448.00,South
2025-02-13,Shipped,3240,47689.00,Central
2025-08-04,Shipped,2847,69230.00,North
2024-12-25,Shipped,3609,56406.00,East
2025-01-20,Shipped,1482,10587.00,Central
2025-01-25,Shipped,1810,97357.00,Central
2025-04-30,Shipped,97,92260.00,Central
2024-07-27,Shipped,1006,72120.00,East
2025-09-13,Shipped,61,79724.00,Central
2025-07-21,Shipped,1227,2726.00,West
2026-05-08,Shipped,1703,56075.00,Central
2024-09-10,Shipped,3806,65126.00,Central
2025-10-22,Shipped,3471,96612.00,North
2026-04-04,Shipped,1776,54875.00,Central
2024-02-16,Shipped,3558,28439.00,Central
2024-08-08,Shipped,1148,98820.00,Central
2024-04-12,Shipped,3,17797.00,Central
2024-12-18,Shipped,1140,41241.00,East
2024-10-28,Shipped,4344,24946.00,South
2026-03-25,Shipped,2751,45234.00,Central
2025-09-08,Shipped,3037,93332.00,West
2025-06-29,Shipped,2892,90073.00,South
2025-12-14,Shipped,4557,68529.00,Central
2024-08-13,Shipped,2844,16020.00,North
2025-08-29,Shipped,1874,36536.00,Central
2025-06-03,Shipped,26,66923.00,North
2024-08-01,Shipped,3193,133.00,Central
2026-04-14,Shipped,317,67492.00,Central
2024-06-08,Shipped,4734,72129.00,Central
2026-02-08,Shipped,2222,66877.00,East
2024-05-06,Shipped,4054,81223.00,Central
2025-11-19,Shipped,2874,20701.00,West
2024-11-11,Shipped,2423,37423.00,South
2024-10-11,Shipped,4264,5438.00,North
2025-11-18,Shipped,320,9082.00,East
2024-06-23,Shipped,2771,48902.00,East
2026-01-04,Shipped,2994,33719.00,Central
2025-10-27,Shipped,1532,82074.00,North
2024-04-14,Shipped,2292,43800.00,South
2024-06-25,Shipped,1218,36736.00,Central
2024-12-13,Shipped,4360,74377.00,Central
2024-06-10,Shipped,3224,16184.00,West
2024-04-26,Shipped,3569,15243.00,West
2024-07-30,Shipped,2345,96010.00,South
2025-04-03,Shipped,1285,72733.00,South
2024-05-03,Shipped,2655,65516.00,Central
2024-10-28,Shipped,3508,13044.00,Central
2025-08-07,Shipped,3745,47240.00,East
2025-02-17,Shipped,4097,469.00,South
2024-08-11,Shipped,2234,63971.00,Central
2024-11-29,Shipped,2125,74409.00,Central
2025-08-09,Shipped,3908,83554.00,North
2024-10-08,Shipped,4506,84925.00,West
2025-02-18,Shipped,1301,68519.00,Central
2026-02-25,Shipped,597,61034.00,East
2024-05-03,Shipped,779,60743.00,North
2025-02-08,Shipped,3395,74785.00,Central
2024-02-06,Shipped,4258,68402.00,East
2025-11-26,Shipped,4902,67471.00,North
2025-04-20,Shipped,1982,74375.00,Central
2025-10-29,Shipped,2129,84451.00,Central
2024-12-15,Shipped,4517,92778.00,Central
2025-08-18,Shipped,1672,89125.00,South
2024-04-21,Shipped,4186,51698.00,Central
2024-06-30,Shipped,3640,24717.00,Central
2026-03-20,Shipped,3593,11915.00,West
2025-08-23,Shipped,1587,83789.00,Central
2024-07-15,Shipped,2857,9292.00,West
2025-01-26,Shipped,1584,17104.00,North
2024-03-20,Shipped,776,47278.00,North
2025-06-11,Shipped,1922,23546.00,Central
2024-09-07,Shipped,100,50041.00,East
2024-12-12,Shipped,1950,17755.00,West
2024-05-18,Shipped,3996,66740.00,Central
2025-07-02,Shipped,2962,20845.00,East
2025-07-14,Shipped,3151,39589.00,Central
2024-12-08,Shipped,1422,52506.00,Central
2025-02-03,Shipped,2786,58875.00,South
2024-01-15,Shipped,1715,38979.00,North
2024-12-08,Shipped,4333,35291.00,North
2025-02-01,Shipped,1250,59651.00,Central
2024-01-05,Shipped,4849,5705.00,East
2025-06-03,Shipped,856,43675.00,Central
2024-02-13,Shipped,4681,54433.00,North
2025-05-23,Shipped,273,78235.00,North
2024-05-13,Shipped,3910,37681.00,North
2025-07-10,Shipped,2933,61960.00,South
2024-05-13,Shipped,1209,42757.00,East
2025-12-07,Shipped,3371,6828.00,South
2026-03-07,Shipped,1280,24013.00,East
2025-03-03,Shipped,3651,22491.00,East
2025-04-18,Shipped,995,95599.00,North
2025-11-03,Shipped,1964,18294.00,West
2025-12-27,Shipped,3832,29911.00,South
2024-11-25,Shipped,912,14642.00,Central
2025-01-21,Shipped,3238,47462.00,West
2025-09-30,Shipped,320,69772.00,Central
2025-10-17,Shipped,172,5385.00,South
2026-04-08,Shipped,3466,46538.00,East
2024-10-29,Shipped,3191,55193.00,South
2025-12-19,Shipped,3552,78497.00,South
2024-10-26,Shipped,3909,56130.00,South
2024-08-27,Shipped,3230,60061.00,West
2025-06-07,Shipped,4655,79999.00,East
2025-03-20,Shipped,582,11318.00,South
2026-04-08,Shipped,981,45046.00,Central
2025-04-05,Shipped,4918,81097.00,North
2024-06-11,Shipped,336,38538.00,West
2024-04-20,Shipped,167,80471.00,North
2024-02-04,Shipped,1311,86891.00,Central
2024-06-14,Shipped,1116,56015.00,East
2025-12-02,Shipped,3977,56315.00,Central
2024-10-21,Shipped,1636,15161.00,Central
2025-01-31,Shipped,3172,51806.00,West
2026-04-27,Shipped,526,49416.00,Central
2024-01-05,Shipped,2681,87025.00,North
2024-02-25,Shipped,1040,7747.00,Central
2025-09-21,Shipped,4102,94726.00,West
2026-03-27,Shipped,2231,75988.00,North
2025-02-16,Shipped,3920,47817.00,Central
2026-04-07,Shipped,4018,66153.00,Central
2025-11-09,Shipped,2034,26331.00,North
2024-03-19,Shipped,828,60271.00,East
2024-06-02,Shipped,394,60239.00,West
2024-01-31,Shipped,3861,76130.00,North
2026-03-26,Shipped,4154,44340.00,North
2024-09-27,Shipped,2561,16331.00,South
2024-05-14,Shipped,597,73572.00,Central
2024-11-12,Shipped,4925,87683.00,Central
2024-12-05,Shipped,572,41031.00,Central
2024-05-27,Shipped,4753,54625.00,East
2026-05-12,Shipped,2192,67495.00,North
2025-06-06,Shipped,3179,24511.00,Central
2025-10-16,Shipped,1017,73923.00,South
2024-05-30,Shipped,2466,46402.00,Central
2026-04-19,Shipped,652,18842.00,West
2024-09-18,Shipped,4127,76262.00,North
2025-04-06,Shipped,2650,48935.00,Central
2024-09-03,Shipped,3434,45030.00,North
2024-02-07,Shipped,4907,46511.00,North
2026-03-15,Shipped,1388,24746.00,Central
2024-09-18,Shipped,1756,88798.00,Central
2024-10-04,Shipped,741,95311.00,Central
2025-05-24,Shipped,4483,17332.00,South
2025-10-04,Shipped,501,61637.00,East
2024-07-28,Shipped,1002,96513.00,North
2024-05-18,Shipped,717,3673.00,Central
2025-02-04,Shipped,4508,20566.00,Central
2025-10-21,Shipped,4052,14003.00,North
2026-05-09,Shipped,1068,26859.00,West
2025-10-20,Shipped,840,94610.00,East
2026-02-28,Shipped,3515,89160.00,Central
2024-05-04,Shipped,3660,24594.00,East
2024-07-13,Shipped,3384,6111.00,Central
2024-10-26,Shipped,959,50519.00,South
2026-01-13,Shipped,4869,2121.00,North
2025-08-12,Shipped,2443,43582.00,North
2025-11-07,Shipped,285,47816.00,East
2024-05-01,Shipped,2321,29220.00,East
2024-09-20,Shipped,2130,91255.00,East
2026-02-12,Shipped,2900,60935.00,Central
2025-06-28,Shipped,3733,91581.00,Central
2026-03-05,Shipped,515,82215.00,Central
2024-01-10,Shipped,3435,98089.00,West
2024-08-05,Shipped,2605,78462.00,Central
2025-10-24,Shipped,4497,23014.00,North
2025-03-11,Shipped,1929,81212.00,West
2026-02-02,Shipped,2176,97763.00,Central
2025-08-05,Shipped,2286,18049.00,South
2026-03-14,Shipped,3435,45940.00,North
2025-08-12,Shipped,2818,79907.00,West
2024-11-11,Shipped,3031,33261.00,East
2026-04-28,Shipped,1412,29382.00,North
2025-04-20,Shipped,2869,41433.00,Central
2024-02-18,Shipped,376,45216.00,North
2024-09-05,Shipped,2126,7575.00,South
2024-12-28,Shipped,814,5719.00,Central
2024-02-01,Shipped,2199,84715.00,Central
2024-02-29,Shipped,3040,10544.00,Central
2024-05-31,Shipped,3224,34273.00,South
2025-12-01,Shipped,2671,49204.00,West
2025-06-10,Shipped,2434,88669.00,Central
2025-02-18,Shipped,1954,75644.00,South
2025-12-31,Shipped,4846,8757.00,West
2024-01-23,Shipped,4666,1604.00,Central
2025-05-27,Shipped,4367,9836.00,West
2024-09-30,Shipped,2378,12743.00,North
2024-02-20,Shipped,2279,19984.00,West
2025-09-08,Shipped,1610,19433.00,Central
2024-04-21,Shipped,2612,11891.00,Central
2025-07-07,Shipped,2772,47500.00,Central
2025-08-09,Shipped,2318,96918.00,Central
2025-10-04,Shipped,1874,29967.00,East
2025-06-27,Shipped,666,82060.00,West
2025-02-24,Shipped,2285,97270.00,South
2024-03-02,Shipped,2551,58719.00,West
2024-04-26,Shipped,2101,3864.00,Central
2024-12-02,Shipped,3400,32487.00,East
2025-12-26,Shipped,1388,53643.00,North
2024-10-24,Shipped,1592,15535.00,South
2024-07-22,Shipped,1588,25058.00,Central
2024-01-26,Shipped,1731,44099.00,Central
2024-12-01,Shipped,1446,92821.00,West
2024-12-29,Shipped,2833,12966.00,Central
2025-01-17,Shipped,2629,89863.00,Central
2026-03-19,Shipped,3330,47704.00,Central
2024-07-04,Shipped,2646,48163.00,Central
2024-01-17,Shipped,2210,3273.00,East
2024-11-14,Shipped,1083,43701.00,Central
2024-03-07,Shipped,4801,42905.00,South
2024-07-11,Shipped,4560,41652.00,South
2025-01-03,Shipped,2165,5784.00,South
2025-02-25,Shipped,4784,46349.00,West
2026-01-21,Shipped,4809,54796.00,Central
2026-05-14,Shipped,3322,84104.00,West
2025-10-03,Shipped,3726,64469.00,Central
2025-08-28,Shipped,3078,27936.00,South
2025-01-17,Shipped,178,98568.00,Central
2025-09-24,Shipped,4220,41603.00,East
2024-12-06,Shipped,3807,81558.00,East
2024-04-27,Shipped,1110,41996.00,Central
2024-11-04,Shipped,3095,71702.00,East
2026-02-02,Shipped,2754,47893.00,North
2025-08-20,Shipped,292,35923.00,Central
2025-12-05,Shipped,3477,83548.00,Central
2025-04-07,Shipped,2353,52805.00,Central
2025-09-10,Shipped,2765,87420.00,Central
2024-03-26,Shipped,3052,16247.00,North
2024-04-25,Shipped,4591,50979.00,Central
2024-06-15,Shipped,4028,60943.00,Central
2024-06-17,Shipped,2558,98696.00,Central
2026-05-15,Shipped,3941,66392.00,North
2026-05-24,Shipped,4349,78392.00,South
2024-10-20,Shipped,3059,22957.00,Central
2025-05-08,Shipped,3395,22364.00,Central
2025-12-20,Shipped,2371,18395.00,North
2024-03-24,Shipped,3194,31028.00,Central
2024-04-02,Shipped,3605,66320.00,Central
2024-08-04,Shipped,3986,60263.00,Central
2025-07-06,Shipped,36,38256.00,Central
2025-10-22,Shipped,4761,31822.00,South
2025-02-26,Shipped,1884,97426.00,South
2026-03-14,Shipped,4225,72986.00,East
2026-01-31,Shipped,983,25220.00,Central
2026-02-14,Shipped,1119,66094.00,East
2025-02-04,Shipped,2529,37318.00,Central
2024-02-08,Shipped,4228,67574.00,East
2025-01-14,Shipped,608,42430.00,South
2025-05-18,Shipped,1406,64676.00,South
2025-02-23,Shipped,212,53423.00,Central
2024-03-18,Shipped,2250,82549.00,Central
2025-10-31,Shipped,3125,80378.00,North
2025-01-25,Shipped,968,61975.00,East
2024-12-16,Shipped,853,54583.00,South
2024-07-21,Shipped,4994,65018.00,Central
2025-03-14,Shipped,2468,21156.00,East
2025-02-03,Shipped,4167,71853.00,Central
2024-07-13,Shipped,4904,69227.00,North
2024-06-25,Shipped,3903,4070.00,Central
2024-01-02,Shipped,1847,9831.00,West
2024-08-18,Shipped,3939,34934.00,South
2024-06-08,Shipped,2856,8777.00,North
2025-08-03,Shipped,2214,11497.00,South
2024-01-15,Shipped,4070,61231.00,West
2026-03-22,Shipped,616,42756.00,Central
2025-10-04,Shipped,1428,25564.00,Central
2026-02-02,Shipped,1700,90729.00,East
2024-11-09,Shipped,2002,68803.00,Central
2025-06-04,Shipped,226,10962.00,West
2024-11-23,Shipped,889,88998.00,West
2024-06-15,Shipped,85,37531.00,Central
2026-02-17,Shipped,4963,10959.00,North
2025-03-20,Shipped,4821,57888.00,Central
2024-11-21,Shipped,3935,7206.00,East
2024-03-24,Shipped,4061,55311.00,North
2024-03-23,Shipped,3984,35861.00,Central
2024-09-29,Shipped,4838,92474.00,Central
2024-11-28,Shipped,3391,89534.00,Central
2024-05-04,Shipped,1252,51373.00,West
2025-01-29,Shipped,3571,34139.00,Central
2025-08-04,Shipped,4692,7354.00,Central
2025-04-27,Shipped,543,12672.00,Central
2025-01-09,Shipped,2615,43143.00,East
2024-11-21,Shipped,2317,31810.00,Central
2025-12-28,Shipped,1050,80643.00,South
2025-08-17,Shipped,2656,37960.00,North
2024-10-27,Shipped,4544,95263.00,North
2024-03-21,Shipped,4672,42497.00,Central
2025-02-14,Shipped,3349,97964.00,Central
2025-06-23,Shipped,1116,17587.00,South
2026-03-01,Shipped,2093,49030.00,Central
2024-04-14,Shipped,2096,23312.00,South
2024-02-01,Shipped,2165,85138.00,Central
2025-09-04,Shipped,1927,37909.00,West
2024-06-25,Shipped,3035,67325.00,North
2024-06-21,Shipped,1815,73942.00,Central
2025-10-11,Shipped,2813,38290.00,Central
2025-05-09,Shipped,4063,63610.00,West
2024-03-01,Shipped,2087,25684.00,Central
2024-09-27,Shipped,3473,11820.00,Central
2024-09-14,Shipped,3833,81482.00,South
2024-06-04,Shipped,4558,31406.00,North
2024-04-30,Shipped,1090,72333.00,North
2024-09-30,Shipped,252,61079.00,Central
2026-02-12,Shipped,3431,97685.00,Central
2025-11-18,Shipped,997,38965.00,Central
2025-07-20,Shipped,1950,6648.00,North
2025-06-02,Shipped,4233,88386.00,North
2024-08-06,Shipped,925,40713.00,Central
2024-11-24,Shipped,3146,17471.00,Central
2026-05-01,Shipped,4220,94114.00,North
2025-12-02,Shipped,2967,83075.00,East
2024-08-10,Shipped,3913,10917.00,East
2024-07-23,Shipped,4300,63142.00,North
2025-08-23,Shipped,4187,42971.00,South
2025-05-24,Shipped,177,33798.00,North
2024-05-16,Shipped,3951,73135.00,South
2026-01-24,Shipped,2379,43606.00,East
2024-06-03,Shipped,548,68650.00,Central
2025-12-15,Shipped,1919,89752.00,Central
2025-12-15,Shipped,1595,66563.00,Central
2025-01-21,Shipped,4039,51671.00,East
2026-04-20,Shipped,3059,69515.00,Central
2026-04-08,Shipped,1759,11490.00,East
2025-09-04,Shipped,3096,36093.00,North
2024-08-17,Shipped,1295,13684.00,Central
2026-01-27,Shipped,3125,6671.00,Central
2025-02-15,Shipped,3673,85293.00,North
2025-04-21,Shipped,1483,51484.00,South
2024-02-11,Shipped,1258,95608.00,North
2024-04-29,Shipped,565,87440.00,East
2024-11-06,Shipped,4863,59082.00,East
2024-12-13,Shipped,468,10801.00,Central
2024-02-26,Shipped,3643,98392.00,North
2025-05-01,Shipped,733,54052.00,East
2024-06-16,Shipped,1007,34025.00,Central
2024-06-06,Shipped,4398,42613.00,North
2024-04-16,Shipped,4886,97322.00,Central
2024-04-22,Shipped,886,35672.00,Central
2025-06-10,Shipped,214,39276.00,West
2026-05-12,Shipped,941,45220.00,South
2025-04-09,Shipped,238,59695.00,Central
2025-04-16,Shipped,3759,1541.00,South
2024-10-25,Shipped,38,70744.00,Central
2024-11-09,Shipped,3373,17806.00,South
2025-02-16,Shipped,988,81889.00,North
2024-07-06,Shipped,2416,12801.00,North
2024-08-08,Shipped,3966,39995.00,North
2024-01-27,Shipped,1347,73131.00,North
2025-07-15,Shipped,1565,84302.00,East
2024-09-10,Shipped,4752,70965.00,North
2025-06-23,Shipped,4183,35280.00,West
2026-04-21,Shipped,2827,11645.00,East
2025-05-24,Shipped,330,59685.00,South
2024-07-08,Shipped,4482,51382.00,West
2026-01-02,Shipped,644,47211.00,North
2026-04-25,Shipped,1647,32472.00,West
2024-08-01,Shipped,4775,91637.00,West
2024-07-24,Shipped,467,25142.00,South
2025-02-02,Shipped,3783,72685.00,South
2025-01-23,Shipped,1968,34167.00,Central
2025-08-06,Shipped,550,66012.00,Central
2024-06-12,Shipped,4501,73384.00,Central
2024-11-15,Shipped,1999,12131.00,East
2026-02-19,Shipped,3702,45858.00,South
2024-11-22,Shipped,4536,10494.00,Central
2024-10-05,Shipped,234,51044.00,East
2025-11-05,Shipped,4226,67534.00,East
2025-04-21,Shipped,250,89272.00,East
2024-07-23,Shipped,1765,56091.00,South
2025-03-06,Shipped,4082,35274.00,East
2025-10-05,Shipped,4265,19691.00,Central
2024-08-28,Shipped,3633,8014.00,East
2026-05-04,Shipped,3556,23176.00,East
2024-12-17,Shipped,4358,58423.00,South
2024-10-18,Shipped,1431,41618.00,West
2026-04-23,Shipped,3839,45681.00,South
2025-02-23,Shipped,4746,50382.00,West
2025-04-10,Shipped,4770,59279.00,Central
2025-08-14,Shipped,3965,10703.00,South
2024-04-22,Shipped,4277,26276.00,Central
2026-04-11,Shipped,4416,51780.00,West
2025-09-23,Shipped,1184,63292.00,East
2024-12-07,Shipped,4360,53836.00,Central
2025-05-21,Shipped,3098,60582.00,North
2025-07-24,Shipped,3769,47075.00,North
2026-03-02,Shipped,2808,63590.00,Central
2025-05-04,Shipped,2467,4376.00,West
2024-03-30,Shipped,4921,1634.00,South
2026-02-17,Shipped,420,6136.00,Central
2024-04-05,Shipped,2165,14888.00,Central
2025-12-24,Shipped,1012,96251.00,North
2024-03-13,Shipped,269,6782.00,South
2026-04-17,Shipped,375,64285.00,Central
2025-04-09,Shipped,2905,49359.00,West
2024-04-21,Shipped,4153,14222.00,Central
2025-09-30,Shipped,4723,39770.00,Central
2024-08-10,Shipped,4289,21024.00,Central
2025-11-28,Shipped,3918,73433.00,North
2026-03-02,Shipped,2803,6417.00,Central
2025-03-29,Shipped,4360,26930.00,North
2024-04-05,Shipped,2732,45106.00,South
2024-08-23,Shipped,3192,14106.00,East
2024-09-02,Shipped,4989,78066.00,East
2024-04-23,Shipped,28,23401.00,Central
2025-08-21,Shipped,1051,85007.00,South
2026-05-07,Shipped,3014,98858.00,North
2025-04-25,Shipped,1024,22743.00,South
2025-10-20,Shipped,4792,12320.00,East
2024-03-25,Shipped,4658,40894.00,North
2024-05-27,Shipped,804,7875.00,Central
2024-03-19,Shipped,1237,36543.00,South
2024-10-08,Shipped,1206,16504.00,South
2026-03-29,Shipped,2976,93242.00,East
2025-05-16,Shipped,1174,15349.00,North
2025-01-03,Shipped,665,50654.00,Central
2026-03-25,Shipped,2464,28977.00,East
2024-04-27,Shipped,868,93800.00,South
2025-10-06,Shipped,3782,24866.00,West
2024-02-05,Shipped,1290,3231.00,East
2025-05-09,Shipped,2503,41596.00,East
2024-01-03,Shipped,4169,95282.00,North
2025-07-14,Shipped,4042,86466.00,North
2025-07-29,Shipped,608,90522.00,Central
2025-02-13,Shipped,2011,41367.00,Central
2024-12-22,Shipped,1912,47029.00,East
2025-04-25,Shipped,4952,91915.00,Central
2025-01-10,Shipped,3257,28285.00,Central
2024-06-26,Shipped,899,71791.00,North
2024-01-15,Shipped,359,20866.00,Central
2025-02-21,Shipped,4454,2836.00,Central
2024-08-19,Shipped,3345,20563.00,West
2024-09-26,Shipped,4549,54104.00,North
2024-10-30,Shipped,4300,36475.00,North
2026-04-16,Shipped,2832,93563.00,East
2024-01-15,Shipped,1213,55258.00,West
2024-05-23,Shipped,904,29405.00,Central
2025-05-09,Shipped,3895,55466.00,Central
2026-04-23,Shipped,1616,19579.00,Central
2026-02-16,Shipped,1042,85400.00,South
2025-11-09,Shipped,1441,2226.00,North
2025-04-11,Shipped,103,33140.00,Central
2026-02-09,Shipped,3389,21924.00,Central
2024-10-21,Shipped,686,86157.00,West
2024-01-21,Shipped,634,73929.00,Central
2025-12-24,Shipped,3603,77256.00,North
2025-12-30,Shipped,1174,78353.00,North
2024-03-31,Shipped,3364,3020.00,Central
2025-05-05,Shipped,4054,4182.00,South
2025-04-28,Shipped,2277,25644.00,West
2024-11-07,Shipped,159,82188.00,South
2024-12-18,Shipped,3061,19083.00,Central
2024-06-17,Shipped,1833,80628.00,West
2026-05-05,Shipped,2617,45090.00,South
2024-12-15,Shipped,495,21115.00,East
2024-02-05,Shipped,4773,9760.00,Central
2025-04-25,Shipped,2705,85796.00,West
2025-04-19,Shipped,4772,6709.00,Central
2025-01-05,Shipped,605,83964.00,Central
2024-10-09,Shipped,3041,41880.00,Central
2024-05-25,Shipped,3997,96588.00,North
2025-04-06,Shipped,3836,93889.00,East
2024-06-24,Shipped,14,36562.00,East
2024-07-02,Shipped,383,31089.00,North
2024-06-26,Shipped,3876,44974.00,Central
2024-03-23,Shipped,4068,4750.00,South
2025-08-21,Shipped,188,76858.00,Central
2025-07-27,Shipped,1474,46642.00,South
2025-11-05,Shipped,289,51836.00,West
2026-02-24,Shipped,3282,1214.00,West
2025-03-06,Shipped,4442,90347.00,Central
2026-05-14,Shipped,3534,41140.00,East
2025-01-17,Shipped,3218,72591.00,South
2024-07-06,Shipped,4027,59741.00,North
2024-12-14,Shipped,2523,33846.00,Central
2025-03-25,Shipped,2297,69873.00,South
2026-05-12,Shipped,2957,15340.00,North
2024-07-21,Shipped,4518,46238.00,Central
2025-05-11,Shipped,1724,50817.00,East
2025-05-15,Shipped,404,79103.00,Central
2024-05-19,Shipped,399,28840.00,East
2025-03-25,Shipped,4631,95033.00,East
2024-12-15,Shipped,3710,26715.00,Central
2024-03-08,Shipped,3760,75130.00,Central
2024-06-18,Shipped,3106,54838.00,East
2026-01-14,Shipped,1645,922.00,West
2024-02-15,Shipped,2984,21635.00,South
2026-04-09,Shipped,2871,44697.00,South
2025-05-25,Shipped,4925,92428.00,North
2026-05-06,Shipped,139,97407.00,West
2026-03-05,Shipped,780,98953.00,North
2026-05-06,Shipped,2894,13506.00,Central
2024-11-16,Shipped,1503,22856.00,North
2026-02-09,Shipped,229,62828.00,Central
2026-05-15,Shipped,656,62960.00,East
2026-05-21,Shipped,2988,36430.00,South
2025-09-20,Shipped,3998,88705.00,Central
2026-02-20,Shipped,3806,68447.00,Central
2025-09-22,Shipped,1702,95829.00,Central
2026-03-31,Shipped,4243,6898.00,Central
2025-06-10,Shipped,3713,73903.00,West
2026-02-05,Shipped,784,69132.00,Central
2024-03-26,Shipped,3072,84571.00,East
2024-08-09,Shipped,2663,58771.00,Central
2024-02-22,Shipped,2578,22979.00,Central
2025-11-04,Shipped,4439,16550.00,South
2026-05-15,Shipped,4310,85552.00,Central
2025-12-14,Shipped,3372,61335.00,West
2024-11-24,Shipped,2557,42321.00,Central
2024-10-13,Shipped,365,63236.00,West
2025-03-16,Shipped,2996,73091.00,Central
2024-06-26,Shipped,3576,2572.00,West
2025-11-09,Shipped,4038,66701.00,East
2024-03-03,Shipped,4032,30230.00,Central
2024-10-21,Shipped,569,83884.00,Central
2025-12-28,Shipped,2342,5673.00,Central
2024-10-31,Shipped,657,91682.00,Central
2026-04-06,Shipped,760,49964.00,East
2025-08-03,Shipped,2490,21234.00,South
2025-09-28,Shipped,215,78417.00,North
2026-02-13,Shipped,1783,85343.00,West
2025-08-08,Shipped,1015,89935.00,Central
2024-06-07,Shipped,2348,43701.00,Central
2025-03-05,Shipped,3476,10679.00,North
2025-04-29,Shipped,65,92938.00,Central
2024-04-28,Shipped,4826,38803.00,South
2025-06-15,Shipped,1805,26047.00,North
2024-04-28,Shipped,2745,38097.00,South
2025-03-20,Shipped,3167,35783.00,South
2025-04-22,Shipped,1438,74955.00,North
2024-05-27,Shipped,1727,311.00,North
2025-03-09,Shipped,1536,85599.00,Central
2024-06-19,Shipped,4817,31466.00,South
2025-02-28,Shipped,1470,18429.00,Central
2025-11-12,Shipped,1034,4879.00,South
2025-10-16,Shipped,3670,51400.00,Central
2026-02-05,Shipped,3410,74679.00,Central
2026-01-01,Shipped,4992,29449.00,North
2026-04-11,Shipped,3770,90286.00,South
2025-02-12,Shipped,3937,70527.00,South
2024-09-17,Shipped,3491,75077.00,East
2025-11-02,Shipped,1927,45790.00,West
2025-09-07,Shipped,819,64722.00,South
2024-01-13,Shipped,373,72793.00,North
2024-08-19,Shipped,1716,70701.00,West
2024-11-16,Shipped,1088,50133.00,East
2026-05-15,Shipped,2040,61176.00,Central
2026-05-12,Shipped,1134,48839.00,North
2026-05-10,Shipped,1873,96248.00,South
2024-09-21,Shipped,3618,27112.00,Central
2024-08-07,Shipped,39,66403.00,South
2025-11-04,Shipped,3958,920.00,East
2024-06-26,Shipped,4345,92909.00,Central
2026-02-14,Shipped,3530,27246.00,South
2025-05-24,Shipped,20,21928.00,Central
2024-10-06,Shipped,4500,87384.00,South
2024-10-30,Shipped,4840,56095.00,North
2024-05-11,Shipped,1079,86146.00,South
2024-09-14,Shipped,4065,12963.00,North
2025-01-11,Shipped,2672,7346.00,North
2025-06-05,Shipped,504,4977.00,North
2024-09-27,Shipped,1760,66695.00,Central
2024-09-14,Shipped,523,43151.00,West
2026-04-16,Shipped,4947,26526.00,Central
2024-11-30,Shipped,2911,42823.00,West
2026-01-05,Shipped,2653,45236.00,Central
2025-07-16,Shipped,4415,13967.00,South
2025-02-17,Shipped,2549,57860.00,West
2024-04-23,Shipped,1781,72865.00,West
2026-04-03,Shipped,1811,70148.00,West
2024-05-15,Shipped,2990,8169.00,East
2025-03-23,Shipped,3729,43132.00,North
2024-09-05,Shipped,1606,61383.00,Central
2024-11-27,Shipped,2077,60531.00,East
2025-05-12,Shipped,2356,45638.00,West
2026-03-31,Shipped,3029,19641.00,East
2025-12-23,Shipped,914,67742.00,West
2024-04-21,Shipped,2244,85102.00,Central
2025-08-26,Shipped,620,34558.00,North
2025-06-04,Shipped,90,62590.00,East
2025-06-21,Shipped,2236,61452.00,East
2024-08-21,Shipped,3331,50869.00,North
2025-06-04,Shipped,1042,12691.00,West
2025-01-25,Shipped,2754,66638.00,North
2025-11-23,Shipped,3233,10887.00,North
2026-01-30,Shipped,850,12514.00,South
2025-11-27,Shipped,1044,78692.00,North
2026-02-09,Shipped,1388,92134.00,Central
2024-04-01,Shipped,1524,52503.00,East
2025-06-17,Shipped,135,11084.00,Central
2026-05-02,Shipped,2754,88186.00,North
2026-03-26,Shipped,3028,64083.00,Central
2024-09-25,Shipped,3850,43779.00,Central
2026-02-22,Shipped,964,69456.00,North
2025-06-26,Shipped,2512,86337.00,Central
2024-01-21,Shipped,4570,73131.00,West
2024-03-24,Shipped,1105,28658.00,Central
2024-11-09,Shipped,4667,11417.00,Central
2024-05-19,Shipped,4516,19414.00,West
2024-11-24,Shipped,3980,67487.00,Central
2025-11-14,Shipped,2759,16519.00,South
2025-08-14,Shipped,1969,10250.00,Central
2024-02-25,Shipped,2837,42528.00,North
2025-05-31,Shipped,3927,44659.00,Central
2024-01-18,Shipped,441,14979.00,Central
2024-05-05,Shipped,4163,46464.00,South
2024-12-02,Shipped,3650,70665.00,Central
2025-11-30,Shipped,3059,80287.00,East
2025-10-14,Shipped,2429,68154.00,North
2026-05-03,Shipped,849,86319.00,Central
2025-08-08,Shipped,1863,45037.00,Central
2026-05-17,Shipped,3440,90649.00,South
2024-08-23,Shipped,1505,909.00,North
2025-07-11,Shipped,1142,76258.00,Central
2024-01-24,Shipped,1380,43755.00,East
2026-01-03,Shipped,908,25712.00,Central
2025-10-31,Shipped,4245,12476.00,Central
2024-04-02,Shipped,3269,50525.00,West
2026-04-20,Shipped,4382,11863.00,Central
2024-05-11,Shipped,2882,97641.00,West
2025-03-09,Shipped,3326,32400.00,East
2024-12-29,Shipped,131,96031.00,North
2025-05-09,Shipped,122,70457.00,Central
2026-03-14,Shipped,2083,44270.00,Central
2025-05-16,Shipped,566,28176.00,West
2026-05-24,Shipped,1947,41784.00,West
2024-11-27,Shipped,529,75325.00,Central
2024-04-16,Shipped,3572,33619.00,Central
2026-03-18,Shipped,2313,56691.00,Central
2025-02-08,Shipped,67,34845.00,West
2025-12-17,Shipped,112,82085.00,North
2024-05-30,Shipped,146,67640.00,East
2025-01-11,Shipped,1124,27135.00,West
2025-03-26,Shipped,4562,98969.00,West
2025-03-27,Shipped,4379,77129.00,Central
2026-04-22,Shipped,2650,9157.00,East
2026-05-14,Shipped,584,16223.00,North
2025-10-02,Shipped,1350,90393.00,Central
2024-11-23,Shipped,4012,86463.00,East
2025-12-28,Shipped,2395,67443.00,West
2024-08-21,Shipped,4572,307.00,North
2026-03-14,Shipped,2234,34463.00,East
2024-05-31,Shipped,3964,55239.00,Central
2025-06-18,Shipped,2528,54763.00,South
2024-12-19,Shipped,1623,71800.00,North
2026-01-10,Shipped,1939,464.00,South
2024-02-26,Shipped,4369,90855.00,West
2024-09-13,Shipped,1013,679.00,Central
2026-01-28,Shipped,4250,92147.00,East
2025-06-16,Shipped,695,15230.00,Central
2025-02-22,Shipped,4508,12909.00,North
2024-07-30,Shipped,1768,62908.00,Central
2025-01-10,Shipped,4570,40309.00,South
2024-04-14,Shipped,4312,66576.00,South
2025-03-24,Shipped,4912,62883.00,North
2024-07-11,Shipped,129,38612.00,South
2024-07-12,Shipped,2561,78681.00,Central
2025-10-22,Shipped,4684,88003.00,Central
2024-04-24,Shipped,1306,56909.00,East
2024-07-10,Shipped,4059,99062.00,North
2024-10-11,Shipped,1513,34490.00,Central
2024-01-16,Shipped,2266,77931.00,Central
2026-04-06,Shipped,1372,85818.00,South
2025-09-12,Shipped,1834,12275.00,North
2026-03-13,Shipped,522,82172.00,Central
2025-11-19,Shipped,3739,70881.00,Central
2025-12-14,Shipped,4130,35817.00,South
2025-06-05,Shipped,1292,75691.00,Central
2025-04-17,Shipped,1101,79610.00,North
2025-06-09,Shipped,2096,94902.00,West
2024-05-29,Shipped,4561,64116.00,South
2025-07-13,Shipped,122,30352.00,Central
2024-03-19,Shipped,2170,56966.00,Central
2026-03-10,Shipped,4308,61810.00,South
2026-05-25,Shipped,632,21155.00,North
2026-03-18,Shipped,3522,53345.00,South
2024-03-02,Shipped,2116,64261.00,West
2024-10-22,Shipped,3581,37147.00,Central
2025-01-21,Shipped,4808,18339.00,Central
2025-08-12,Shipped,3835,20743.00,South
2025-02-09,Shipped,4055,88709.00,North
2025-07-14,Shipped,4726,76385.00,Central
2024-08-15,Shipped,4820,92323.00,Central
2025-01-02,Shipped,1049,24940.00,South
2024-04-05,Shipped,1124,82675.00,North
2026-01-15,Shipped,4707,87587.00,West
2025-09-16,Shipped,2694,15618.00,Central
2024-04-13,Shipped,1216,3051.00,North
2024-03-02,Shipped,3444,1494.00,Central
2025-05-29,Shipped,687,77606.00,Central
2024-08-12,Shipped,1929,53932.00,Central
2025-05-11,Shipped,4507,87967.00,North
2026-03-19,Shipped,99,65514.00,Central
2025-08-29,Shipped,2567,94377.00,West
2025-01-10,Shipped,2612,91174.00,South
2024-02-28,Shipped,903,57010.00,South
2025-10-07,Shipped,4655,88222.00,South
2026-05-11,Shipped,4522,33389.00,East
2024-08-01,Shipped,490,42723.00,Central
2025-05-14,Shipped,3199,67037.00,South
2024-07-24,Shipped,2812,23635.00,West
2024-11-04,Shipped,4617,12727.00,Central
2024-05-21,Shipped,4855,15709.00,North
2025-09-19,Shipped,382,12335.00,West
2025-04-15,Shipped,3689,49623.00,South
2026-02-02,Shipped,2294,90829.00,South
2025-03-05,Shipped,4400,8426.00,East
2025-09-24,Shipped,1448,71064.00,Central
2024-12-19,Shipped,4464,50148.00,North
2024-09-03,Shipped,1859,34894.00,Central
2024-08-10,Shipped,1220,53688.00,North
2024-05-25,Shipped,87,73003.00,East
2024-04-24,Shipped,3349,28802.00,Central
2026-03-02,Shipped,3790,94238.00,Central
2024-01-28,Shipped,1113,45347.00,Central
2025-07-19,Shipped,3500,19099.00,South
2025-04-17,Shipped,1864,765.00,Central
2025-04-04,Shipped,1855,77526.00,East
2024-01-29,Shipped,78,25667.00,North
2024-08-10,Shipped,1001,67852.00,East
2025-09-13,Shipped,3741,21373.00,West
2025-03-06,Shipped,3095,24642.00,West
2024-02-01,Shipped,48,60955.00,North
2025-12-02,Shipped,1269,25372.00,Central
2024-07-25,Shipped,3152,34885.00,Central
2024-09-01,Shipped,2760,70790.00,Central
2024-03-23,Shipped,4894,64026.00,Central
2024-11-22,Shipped,3491,15783.00,South
2024-01-27,Shipped,1268,7544.00,Central
2026-04-20,Shipped,1377,34010.00,Central
2024-12-23,Shipped,1493,7883.00,West
2025-10-14,Shipped,2354,37051.00,Central
2024-11-28,Shipped,4594,64266.00,North
2024-12-21,Shipped,1301,17731.00,North
2025-08-28,Shipped,1028,8199.00,East
2024-06-30,Shipped,1144,88269.00,Central
2024-05-21,Shipped,3388,9037.00,West
2025-12-28,Shipped,1662,8628.00,South
2025-10-24,Shipped,9,40556.00,North
2024-02-03,Shipped,4856,49930.00,East
2026-04-06,Shipped,4943,83441.00,East
2024-10-22,Shipped,3225,69101.00,North
2026-02-21,Shipped,508,87328.00,South
2024-08-08,Shipped,4936,1409.00,East
2026-02-11,Shipped,2680,10092.00,East
2024-02-15,Shipped,4821,40224.00,Central
2026-03-01,Shipped,3645,84013.00,North
2024-04-29,Shipped,824,90631.00,Central
2024-01-26,Shipped,2912,26620.00,Central
2024-10-20,Shipped,3113,41397.00,North
2025-06-29,Shipped,2754,14794.00,Central
2024-07-12,Shipped,322,45754.00,Central
2024-01-29,Shipped,4947,59415.00,Central
2024-11-06,Shipped,1563,46422.00,Central
2026-04-27,Shipped,4551,86562.00,South
2025-11-30,Shipped,3751,8522.00,East
2024-07-21,Shipped,2924,37750.00,Central
2024-06-26,Shipped,4055,67090.00,Central
2024-01-01,Shipped,1984,14163.00,South
2024-10-17,Shipped,3777,30581.00,South
2026-02-06,Shipped,4166,40309.00,Central
2024-03-29,Shipped,4871,46462.00,West
2026-03-11,Shipped,4677,33739.00,North
2026-01-22,Shipped,2153,10434.00,South
2024-06-25,Shipped,428,28264.00,Central
2025-01-21,Shipped,165,68495.00,Central
2024-02-02,Shipped,2454,72940.00,North
2026-01-05,Shipped,862,63835.00,South
2024-03-19,Shipped,3852,63390.00,Central
2025-07-08,Shipped,3174,93750.00,Central
2025-06-11,Shipped,3618,127.00,South
2025-08-31,Shipped,2592,36358.00,North
2025-10-06,Shipped,570,89551.00,North
2024-10-06,Shipped,3641,26650.00,West
2025-11-04,Shipped,2274,15581.00,Central
2026-05-25,Shipped,4836,66391.00,Central
2026-02-03,Shipped,4640,57281.00,West
2025-01-12,Shipped,4018,7794.00,South
2025-08-24,Shipped,1295,80600.00,Central
2025-06-30,Shipped,212,60556.00,Central
2024-03-31,Shipped,1940,25550.00,South
2026-04-08,Shipped,1632,77146.00,South
2024-06-22,Shipped,1151,28370.00,Central
2026-02-10,Shipped,4335,3047.00,Central
2026-05-07,Shipped,2073,16296.00,Central
2024-07-12,Shipped,332,54957.00,North
2025-12-06,Shipped,2227,52254.00,Central
2025-07-31,Shipped,4068,94733.00,Central
2024-02-05,Shipped,3681,24119.00,North
2025-10-16,Shipped,2600,9376.00,Central
2025-01-18,Shipped,583,98362.00,East
2024-08-12,Shipped,146,2126.00,Central
2025-10-27,Shipped,4176,98229.00,North
2026-04-04,Shipped,567,2281.00,South
2024-11-01,Shipped,482,15302.00,South
2024-08-26,Shipped,1489,36464.00,Central
2025-03-12,Shipped,1631,19684.00,South
2024-08-26,Shipped,4589,97161.00,North
2025-06-03,Shipped,866,53702.00,South
2024-05-14,Shipped,3017,32469.00,North
2025-11-20,Shipped,526,43776.00,Central
2025-03-09,Shipped,4685,48025.00,North
2024-11-05,Shipped,83,55194.00,North
2026-05-23,Shipped,1207,1157.00,Central
2026-04-22,Shipped,544,88833.00,West
2024-12-10,Shipped,2577,33521.00,East
2026-04-19,Shipped,3704,29056.00,Central
2025-05-25,Shipped,2661,39354.00,Central
2024-10-18,Shipped,2397,29968.00,West
2025-05-18,Shipped,3131,65146.00,Central
2024-04-06,Shipped,1527,30505.00,North
2024-01-07,Shipped,220,36623.00,North
2024-04-13,Shipped,1535,70160.00,Central
2025-10-22,Shipped,425,2497.00,North
2024-01-22,Shipped,3135,77641.00,Central
2024-12-04,Shipped,1986,13900.00,North
2025-12-06,Shipped,1320,73603.00,South
2025-10-05,Shipped,3157,14730.00,Central
2024-06-19,Shipped,600,29054.00,Central
2024-06-20,Shipped,869,24558.00,North
2024-12-13,Shipped,1699,24556.00,East
2024-05-17,Shipped,3933,51704.00,Central
2025-03-20,Shipped,2823,750.00,North
2025-05-11,Shipped,1338,36189.00,West
2025-04-01,Shipped,364,65872.00,East
2026-01-05,Shipped,4460,6566.00,West
2025-08-16,Shipped,3121,96161.00,Central
2025-08-19,Shipped,962,97765.00,Central
2025-07-10,Shipped,22,60915.00,Central
2026-02-13,Shipped,2243,24814.00,Central
2025-05-07,Shipped,2667,85524.00,North
2024-04-14,Shipped,3964,31245.00,West
2025-03-09,Shipped,836,46889.00,Central
2025-09-12,Shipped,4396,26898.00,North
2025-01-11,Shipped,1463,35870.00,East
2025-12-12,Shipped,3721,97136.00,Central
2024-11-26,Shipped,1919,25367.00,Central
2024-08-17,Shipped,2840,26075.00,Central
2025-09-22,Shipped,3430,40611.00,Central
2025-03-01,Shipped,3968,65810.00,Central
2026-03-23,Shipped,1453,32202.00,North
2026-01-08,Shipped,1857,77743.00,Central
2026-01-21,Shipped,1451,86822.00,Central
2025-03-07,Shipped,2169,28604.00,Central
2024-03-13,Shipped,3181,29038.00,Central
2025-01-06,Shipped,4548,21632.00,Central
2024-03-17,Shipped,2728,26125.00,Central
2025-01-17,Shipped,351,88840.00,Central
2024-09-13,Shipped,1936,13324.00,South
2026-05-21,Shipped,4156,57922.00,South
2025-04-22,Shipped,3658,14794.00,East
2025-06-06,Shipped,3331,32113.00,East
2025-04-02,Shipped,4738,88717.00,East
2025-11-19,Shipped,1960,71349.00,West
2025-06-15,Shipped,4488,17139.00,South
2024-03-07,Shipped,645,13344.00,Central
2024-10-08,Shipped,626,49007.00,East
2025-03-29,Shipped,4795,65994.00,North
2024-02-10,Shipped,3479,85722.00,South
2025-01-29,Shipped,2261,5066.00,North
2025-03-19,Shipped,803,34206.00,West
2025-06-18,Shipped,4039,65181.00,West
2024-07-28,Shipped,131,49950.00,Central
2025-09-24,Shipped,3079,95459.00,Central
2025-07-13,Shipped,3401,28797.00,East
2026-03-22,Shipped,4898,90945.00,East
2025-12-15,Shipped,4102,51441.00,North
2024-11-07,Shipped,4224,3612.00,Central
2024-10-02,Shipped,573,3283.00,North
2025-12-08,Shipped,2152,44848.00,Central
2025-12-10,Shipped,2332,34876.00,South
2026-02-20,Shipped,4252,31660.00,South
2025-10-26,Shipped,2777,25828.00,North
2025-07-07,Shipped,1862,76551.00,Central
2024-09-17,Shipped,873,31097.00,North
2024-12-30,Shipped,2712,47433.00,Central
2024-08-28,Shipped,2964,81233.00,West
2026-02-08,Shipped,4765,94947.00,Central
2025-05-06,Shipped,814,54218.00,East
2024-09-16,Shipped,2754,36602.00,North
2024-11-18,Shipped,536,63972.00,North
2026-04-18,Shipped,4282,27687.00,East
2025-11-11,Shipped,3132,95483.00,East
2024-05-31,Shipped,4964,6619.00,Central
2025-02-20,Shipped,1104,13543.00,Central
2026-05-09,Shipped,4678,46436.00,North
2025-04-17,Shipped,510,55017.00,West
2025-12-23,Shipped,2656,32430.00,Central
2025-05-01,Shipped,4720,73956.00,Central
2024-06-25,Shipped,4625,78312.00,Central
2026-02-22,Shipped,4997,20178.00,Central
2025-06-08,Shipped,3338,5747.00,North
2024-03-31,Shipped,3558,96396.00,North
2025-12-20,Shipped,1013,97279.00,West
2025-01-21,Shipped,1986,70923.00,South
2024-01-13,Shipped,4249,63257.00,Central
2024-08-19,Shipped,3816,89797.00,Central
2026-03-30,Shipped,1642,65046.00,Central
2024-05-23,Shipped,1424,5605.00,North
2025-05-08,Shipped,3752,16558.00,South
2025-02-01,Shipped,1072,98047.00,North
2024-12-07,Shipped,3522,97377.00,Central
2024-01-04,Shipped,1563,32437.00,West
2024-06-09,Shipped,2131,84339.00,Central
2025-10-26,Shipped,121,81683.00,South
2025-09-20,Shipped,3563,15391.00,Central
2025-12-08,Shipped,510,41330.00,Central
2025-03-01,Shipped,2367,74942.00,North
2024-03-01,Shipped,4712,33143.00,Central
2026-04-06,Shipped,1954,74493.00,North
2024-10-15,Shipped,3414,81962.00,South
2026-04-03,Shipped,2466,52366.00,East
2025-12-25,Shipped,4033,50344.00,North
2026-05-16,Shipped,4892,29503.00,South
2025-04-18,Shipped,2307,34378.00,West
2025-02-04,Shipped,30,16979.00,West
2025-02-06,Shipped,306,5061.00,North
2024-10-28,Shipped,1404,91549.00,Central
2025-12-22,Shipped,4688,32381.00,East
2024-05-13,Shipped,779,46604.00,Central
2026-04-15,Shipped,2884,65566.00,Central
2024-04-09,Shipped,3874,91700.00,Central
2024-05-28,Shipped,2421,77693.00,North
2024-05-21,Shipped,2613,80112.00,West
2026-03-24,Shipped,3582,28892.00,West
2026-03-04,Shipped,1255,51324.00,Central
2025-05-13,Shipped,3218,97177.00,Central
2025-12-09,Shipped,4032,82119.00,Central
2026-03-16,Shipped,3170,51718.00,Central
2026-04-12,Shipped,4055,61730.00,North
2024-06-10,Shipped,4599,88065.00,South
2025-04-07,Shipped,1551,54600.00,East
2024-11-27,Shipped,2953,73144.00,East
2025-01-14,Shipped,36,86781.00,West
2026-04-05,Shipped,4259,95919.00,Central
2024-03-05,Shipped,4662,40081.00,Central
2025-12-10,Shipped,2078,76621.00,Central
2026-05-25,Shipped,45,31984.00,Central
2024-07-01,Shipped,4254,88411.00,Central
2024-05-04,Shipped,3212,26306.00,Central
2025-12-12,Shipped,1277,59620.00,South
2024-04-06,Shipped,3633,83259.00,Central
2025-01-15,Shipped,1307,88061.00,North
2024-06-04,Shipped,4359,61277.00,North
2024-12-26,Shipped,3133,30307.00,South
2024-07-04,Shipped,1550,59113.00,North
2025-07-12,Shipped,4595,26982.00,North
2026-05-02,Shipped,30,19228.00,Central
2026-02-11,Shipped,1741,31938.00,Central
2026-01-16,Shipped,2128,59110.00,Central
2026-03-27,Shipped,1543,49788.00,North
2025-09-24,Shipped,3504,48617.00,Central
2025-05-27,Shipped,494,832.00,East
2025-10-02,Shipped,3839,92488.00,Central
2024-08-10,Shipped,2727,74527.00,North
2025-11-27,Shipped,699,45088.00,East
2025-08-06,Shipped,2566,76090.00,North
2025-09-11,Shipped,4269,19969.00,North
2025-04-04,Shipped,3425,39113.00,East
2024-12-25,Shipped,4374,93941.00,Central
2024-12-20,Shipped,3336,67206.00,Central
2024-10-11,Shipped,3786,69427.00,Central
2025-09-24,Shipped,407,63469.00,West
2024-06-03,Shipped,4936,26116.00,North
2025-12-29,Shipped,2619,8356.00,South
2025-06-08,Shipped,4,33713.00,North
2026-05-05,Shipped,4652,17420.00,South
2024-07-22,Shipped,4729,90562.00,Central
2024-11-21,Shipped,1724,35751.00,Central
2025-08-22,Shipped,3049,5857.00,Central
2025-01-01,Shipped,577,98034.00,South
2024-10-07,Shipped,571,41480.00,Central
2024-02-13,Shipped,2901,5401.00,South
2025-06-28,Shipped,2512,14531.00,Central
2024-06-17,Shipped,4786,19953.00,Central
2025-10-03,Shipped,455,72560.00,South
2025-06-25,Shipped,1782,3478.00,West
2026-03-04,Shipped,65,4598.00,West
2025-07-06,Shipped,2906,52064.00,Central
2024-05-08,Shipped,844,2278.00,South
2025-05-31,Shipped,2869,97263.00,South
2025-10-02,Shipped,3295,89179.00,North
2025-12-15,Shipped,3958,41822.00,Central
2025-08-08,Shipped,1731,71254.00,Central
2024-02-19,Shipped,2691,97858.00,East
2024-10-30,Shipped,2359,70372.00,West
2025-04-24,Shipped,1448,83432.00,Central
2025-11-28,Shipped,973,58172.00,East
2025-07-01,Shipped,763,56953.00,West
2024-06-28,Shipped,2483,26304.00,East
2024-04-25,Shipped,1418,64340.00,South
2024-04-08,Shipped,3787,76770.00,East
2026-02-02,Shipped,803,56545.00,Central
2025-04-25,Shipped,4998,65506.00,East
2025-04-16,Shipped,408,88921.00,West
2024-12-24,Shipped,1220,31244.00,Central
2024-11-24,Shipped,2878,82728.00,Central
2025-12-29,Shipped,4604,57355.00,Central
2025-08-06,Shipped,4406,590.00,Central
2025-08-26,Shipped,1320,16071.00,Central
2024-05-01,Shipped,3258,24767.00,North
2025-01-20,Shipped,2722,29257.00,North
2025-08-19,Shipped,3996,2954.00,East
2025-01-30,Shipped,459,91142.00,Central
2025-11-26,Shipped,2496,12057.00,Central
2026-03-07,Shipped,4754,57004.00,East
2024-12-31,Shipped,1347,45223.00,North
2024-11-18,Shipped,4430,6455.00,North
2025-12-10,Shipped,4551,65536.00,Central
2026-04-24,Shipped,2410,33424.00,Central
2024-01-07,Shipped,942,70985.00,North
2024-12-03,Shipped,550,63622.00,East
2025-01-06,Shipped,1084,93244.00,North
2024-03-17,Shipped,4935,41712.00,North
2025-09-23,Shipped,2514,7772.00,North
2024-10-11,Shipped,2224,58984.00,Central
2024-09-12,Shipped,3173,88082.00,North
2024-05-24,Shipped,44,98473.00,East
2024-08-23,Shipped,1832,5269.00,Central
2024-04-10,Shipped,2893,55762.00,Central
2024-06-05,Shipped,4413,10867.00,West
2024-10-08,Shipped,3980,78598.00,East
2024-03-26,Shipped,2730,35808.00,Central
2025-02-24,Shipped,3887,16690.00,Central
2025-07-11,Shipped,959,14394.00,South
2024-10-24,Shipped,4964,31328.00,Central
2025-05-30,Shipped,349,77427.00,Central
2025-06-11,Shipped,1588,65204.00,South
2025-10-17,Shipped,4317,49376.00,East
2026-03-07,Shipped,4019,56470.00,Central
2025-07-18,Shipped,3301,17472.00,Central
2024-01-08,Shipped,4909,16284.00,North
2025-03-26,Shipped,344,30290.00,Central
2025-07-08,Shipped,635,995.00,Central
2025-08-15,Shipped,86,64790.00,Central
2025-02-04,Shipped,1994,42012.00,East
2026-02-01,Shipped,3574,35466.00,North
2025-10-28,Shipped,2623,36940.00,Central
2024-01-30,Shipped,1134,92709.00,West
2024-02-11,Shipped,1206,40510.00,West
2025-04-15,Shipped,3565,5021.00,Central
2024-06-27,Shipped,968,36234.00,North
2024-10-27,Shipped,4126,35101.00,North
2024-04-09,Shipped,960,53377.00,South
2024-05-10,Shipped,3440,97440.00,South
2024-02-04,Shipped,3721,20889.00,Central
2026-03-19,Shipped,2201,26269.00,South
2026-05-04,Shipped,4506,87986.00,South
2024-06-14,Shipped,1607,32026.00,East
2025-05-07,Shipped,2434,23547.00,Central
2025-09-03,Shipped,2977,47106.00,North
2024-05-25,Shipped,1866,18765.00,North
2025-05-26,Shipped,3829,95518.00,North
2025-09-23,Shipped,949,54334.00,East
2025-01-30,Shipped,3099,8028.00,South
2024-10-15,Shipped,3916,78900.00,North
2024-07-30,Shipped,1045,26241.00,West
2025-04-27,Shipped,4505,29866.00,Central
2026-01-06,Shipped,1782,98125.00,East
2024-07-17,Shipped,1202,4552.00,Central
2024-08-04,Shipped,1016,30357.00,East
2024-03-21,Shipped,221,29174.00,North
2024-04-25,Shipped,2952,19118.00,Central
2025-06-04,Shipped,664,4196.00,East
2024-07-26,Shipped,4588,83269.00,Central
2024-08-03,Shipped,3737,33226.00,Central
2025-10-20,Shipped,1618,36854.00,Central
2025-07-02,Shipped,4514,27689.00,South
2025-02-27,Shipped,1069,10347.00,South
2024-09-08,Shipped,1630,88589.00,Central
2025-01-25,Shipped,708,78730.00,South
2025-09-15,Shipped,3680,10767.00,North
2024-04-01,Shipped,1381,75084.00,Central
2025-11-16,Shipped,2096,72672.00,Central
2024-08-02,Shipped,4766,76375.00,Central
2024-10-12,Shipped,2738,84428.00,East
2024-03-20,Shipped,357,42205.00,Central
2024-01-27,Shipped,299,22879.00,Central
2024-10-31,Shipped,3130,19603.00,Central
2024-11-13,Shipped,4087,15091.00,Central
2024-09-20,Shipped,923,50509.00,North
2024-12-13,Shipped,1486,8018.00,East
2026-05-04,Shipped,1694,70789.00,Central
2025-03-01,Shipped,4550,9235.00,South
2024-07-10,Shipped,2303,13774.00,Central
2024-11-21,Shipped,23,10045.00,East
2024-05-24,Shipped,4227,61757.00,Central
2024-09-16,Shipped,4582,872.00,Central
2024-10-01,Shipped,183,31840.00,Central
2024-01-29,Shipped,4642,86061.00,North
2025-06-08,Shipped,2588,86390.00,Central
2024-08-14,Shipped,1047,16640.00,Central
2025-12-27,Shipped,2433,65662.00,North
2024-05-12,Shipped,3303,66006.00,Central
2025-02-09,Shipped,3268,59324.00,West
2025-09-12,Shipped,4334,46434.00,Central
2024-10-30,Shipped,4342,73188.00,West
2024-04-30,Shipped,3334,90553.00,East
2024-05-10,Shipped,2553,83999.00,Central
2025-11-26,Shipped,1451,41259.00,Central
2024-03-04,Shipped,3041,69641.00,Central
2025-10-07,Shipped,2154,89367.00,North
2025-08-18,Shipped,1731,83200.00,East
2026-01-28,Shipped,2617,9122.00,Central
2025-02-20,Shipped,1661,70347.00,Central
2026-05-10,Shipped,2705,47594.00,Central
2026-04-22,Shipped,530,70861.00,South
2025-01-18,Shipped,3008,90301.00,Central
2025-05-24,Shipped,4842,19045.00,Central
2024-12-02,Shipped,1062,4145.00,Central
2024-11-22,Shipped,3066,4389.00,Central
2025-08-27,Shipped,1438,62428.00,West
2025-07-15,Shipped,2590,50326.00,Central
2025-06-13,Shipped,2912,32953.00,Central
2025-12-03,Shipped,427,52061.00,Central
2024-06-09,Shipped,1038,15659.00,West
2024-10-22,Shipped,440,91129.00,Central
2025-02-16,Shipped,4248,16757.00,North
2026-03-29,Shipped,1153,42834.00,North
2026-04-14,Shipped,1593,37771.00,Central
2024-08-18,Shipped,2071,79268.00,East
2024-03-28,Shipped,3888,36190.00,South
2025-01-29,Shipped,2252,12226.00,South
2024-04-19,Shipped,1446,74910.00,North
2024-10-03,Shipped,1957,57882.00,East
2024-07-15,Shipped,2255,40863.00,Central
2025-06-16,Shipped,4163,61757.00,South
2024-09-18,Shipped,1457,78317.00,Central
2026-04-02,Shipped,4619,82562.00,Central
2024-03-15,Shipped,2701,64392.00,Central
2025-05-17,Shipped,1086,66364.00,East
2025-02-16,Shipped,730,67425.00,South
2024-06-27,Shipped,2892,32190.00,West
2025-02-09,Shipped,1876,42725.00,North
2024-09-25,Shipped,2366,81755.00,Central
2026-05-16,Shipped,2987,44605.00,Central
2024-07-25,Shipped,3403,33186.00,South
2024-11-19,Shipped,455,5149.00,North
2025-01-03,Shipped,655,41074.00,Central
2024-09-25,Shipped,2736,41498.00,Central
2026-01-12,Shipped,2958,93687.00,North
2025-11-27,Shipped,1531,43934.00,Central
2024-09-23,Shipped,1586,21924.00,North
2024-06-30,Shipped,293,44398.00,Central
2025-07-19,Shipped,662,15893.00,Central
2026-01-16,Shipped,4080,91150.00,Central
2026-05-24,Shipped,1560,11126.00,Central
2026-01-11,Shipped,2593,75769.00,Central
2025-07-25,Shipped,4260,52317.00,North
2024-04-22,Shipped,4681,48207.00,South
2025-01-21,Shipped,1891,47912.00,Central
2025-12-14,Shipped,911,46441.00,West
2024-03-19,Shipped,4807,37979.00,Central
2025-11-21,Shipped,4823,42630.00,West
2025-11-15,Shipped,677,75025.00,West
2024-12-08,Shipped,2277,84396.00,Central
2024-05-22,Shipped,4023,48090.00,South
2025-03-12,Shipped,3791,66515.00,South
2024-05-22,Shipped,3587,63650.00,Central
2024-07-10,Shipped,1434,21929.00,South
2025-10-19,Shipped,79,38760.00,North
2026-01-04,Shipped,909,95910.00,Central
2025-05-28,Shipped,717,18139.00,East
2026-03-26,Shipped,4663,94404.00,Central
2025-01-10,Shipped,1297,83069.00,Central
2024-06-08,Shipped,1289,70998.00,South
2024-10-07,Shipped,4185,54006.00,North
2026-05-21,Shipped,3974,9542.00,West
2024-09-14,Shipped,776,30475.00,South
2026-02-12,Shipped,2961,21535.00,Central
2024-07-20,Shipped,3797,98011.00,North
2024-03-14,Shipped,3390,52465.00,Central
2024-11-27,Shipped,958,49691.00,Central
2025-07-09,Shipped,4718,50753.00,East
2024-02-01,Shipped,3188,41703.00,Central
2025-05-14,Shipped,1685,89031.00,Central
2025-04-12,Shipped,306,91812.00,West
2026-03-22,Shipped,4026,54340.00,South
2025-09-05,Shipped,2625,82158.00,North
2024-07-01,Shipped,4877,48413.00,East
2025-03-10,Shipped,2721,53650.00,North
2024-03-07,Shipped,4443,67549.00,Central
2024-12-18,Shipped,2344,2102.00,Central
2025-11-05,Shipped,4708,96895.00,South
2024-08-11,Shipped,2002,64207.00,West
2025-05-18,Shipped,4318,7597.00,North
2024-10-11,Shipped,988,52806.00,North
2025-08-08,Shipped,118,10699.00,Central
2026-03-08,Shipped,3447,88896.00,North
2026-05-12,Shipped,2555,30808.00,North
2026-05-06,Shipped,2281,66017.00,West
2025-08-20,Shipped,1850,77622.00,North
2025-12-20,Shipped,3004,50781.00,Central
2024-04-07,Shipped,4272,94505.00,North
2025-06-03,Shipped,3471,38170.00,Central
2025-11-10,Shipped,2014,72626.00,South
2025-08-01,Shipped,4421,93225.00,North
2026-03-11,Shipped,4845,4667.00,West
2026-03-22,Shipped,3510,86046.00,North
2026-02-24,Shipped,322,15656.00,West
2025-08-21,Shipped,2862,74807.00,Central
2024-10-31,Shipped,192,22392.00,South
2025-05-27,Shipped,105,2865.00,South
2025-06-06,Shipped,3790,92657.00,South
2025-02-14,Shipped,976,29367.00,Central
2025-08-18,Shipped,3605,32741.00,South
2025-12-20,Shipped,1191,43816.00,North
2024-06-18,Shipped,1530,94788.00,West
2026-02-25,Shipped,4965,95769.00,Central
2025-11-26,Shipped,4570,35229.00,Central
2025-08-27,Shipped,25,64829.00,East
2025-02-25,Shipped,4046,97024.00,Central
2025-04-09,Shipped,4704,93350.00,West
2025-09-08,Shipped,3961,75361.00,Central
2024-11-09,Shipped,3800,34022.00,West
2024-06-21,Shipped,88,52166.00,Central
2025-02-01,Shipped,602,30770.00,North
2024-05-16,Shipped,2490,14952.00,South
2025-04-23,Shipped,1311,91727.00,West
2026-03-12,Shipped,2622,37753.00,Central
2024-09-08,Shipped,4538,36198.00,Central
2025-10-26,Shipped,379,18481.00,North
2026-01-07,Shipped,11,25316.00,North
2024-12-31,Shipped,2278,90825.00,West
2025-07-28,Shipped,4482,2180.00,Central
2025-01-02,Shipped,4918,80793.00,Central
2026-01-20,Shipped,1684,21342.00,North
2024-06-09,Shipped,2461,85655.00,Central
2024-04-18,Shipped,310,34809.00,North
2025-11-29,Shipped,3075,66153.00,West
2025-09-28,Shipped,2147,61916.00,East
2026-04-10,Shipped,4952,2685.00,South
2025-04-12,Shipped,4902,81789.00,West
2025-05-12,Shipped,1820,10739.00,South
2025-04-19,Shipped,30,95864.00,North
2025-09-19,Shipped,4755,32353.00,North
2026-02-09,Shipped,2561,38798.00,West
2024-01-29,Shipped,3104,22400.00,South
2025-01-23,Shipped,4017,95147.00,Central
2024-07-24,Shipped,1096,50235.00,East
2024-12-06,Shipped,1164,37200.00,Central
2026-01-17,Shipped,2948,89626.00,North
2025-12-13,Shipped,866,58801.00,West
2024-06-05,Shipped,3269,52016.00,East
2025-04-29,Shipped,907,29202.00,North
2024-11-10,Shipped,2981,882.00,Central
2025-02-19,Shipped,3710,77039.00,West
2024-10-13,Shipped,2149,28561.00,Central
2024-05-21,Shipped,3754,50835.00,North
2025-12-03,Shipped,3218,9354.00,Central
2026-04-10,Shipped,2925,17549.00,West
2026-03-31,Shipped,469,44078.00,Central
2025-08-14,Shipped,2397,58487.00,South
2025-12-10,Shipped,2197,6543.00,Central
2026-05-14,Shipped,1239,85103.00,North
2025-10-28,Shipped,2901,47470.00,West
2025-09-13,Shipped,2583,68565.00,South
2024-10-20,Shipped,294,16551.00,North
2025-02-22,Shipped,133,46168.00,West
2026-03-25,Shipped,719,63116.00,South
2025-07-29,Shipped,2293,3941.00,East
2024-09-13,Shipped,2292,54923.00,Central
2025-12-07,Shipped,4190,62709.00,East
2024-09-12,Shipped,1772,81034.00,Central
2025-12-21,Shipped,932,6027.00,Central
2025-11-15,Shipped,2128,67136.00,South
2025-06-30,Shipped,3091,85251.00,Central
2024-01-08,Shipped,4099,89763.00,East
2026-03-17,Shipped,1247,56056.00,West
2025-07-23,Shipped,4481,59245.00,Central
2026-05-12,Shipped,2969,66737.00,South
2024-08-29,Shipped,3647,83386.00,Central
2025-10-18,Shipped,3858,9837.00,West
2024-02-10,Shipped,218,62714.00,West
2024-03-21,Shipped,4906,63192.00,Central
2024-12-10,Shipped,3019,3650.00,North
2025-06-10,Shipped,873,96779.00,North
2026-01-15,Shipped,4168,86534.00,East
2026-04-13,Shipped,3088,53905.00,Central
2024-10-04,Shipped,1030,15875.00,North
2024-07-25,Shipped,4594,35431.00,North
2026-04-07,Shipped,3619,4427.00,Central
2024-06-09,Shipped,1839,31684.00,East
2025-10-11,Shipped,1713,41843.00,South
2025-10-21,Shipped,1739,49072.00,Central
2024-11-24,Shipped,976,23604.00,Central
2025-07-01,Shipped,1430,57699.00,Central
2024-10-06,Shipped,4994,77522.00,East
2026-04-27,Shipped,2481,30409.00,Central
2024-12-13,Shipped,4340,86167.00,West
2024-06-09,Shipped,1103,41933.00,Central
2025-09-07,Shipped,2087,98802.00,North
2024-07-30,Shipped,204,44900.00,North
2025-02-03,Shipped,4966,53957.00,East
2025-05-02,Shipped,395,75021.00,Central
2024-03-05,Shipped,2587,83964.00,Central
2025-01-18,Shipped,2811,39783.00,Central
2026-02-11,Shipped,1230,40466.00,Central
2025-06-12,Shipped,1789,39636.00,Central
2024-02-28,Shipped,1851,15678.00,East
2024-02-07,Shipped,3776,85379.00,East
2026-03-24,Shipped,2851,62673.00,South
2026-05-26,Shipped,1368,3582.00,East
2024-01-16,Shipped,3664,3822.00,South
2026-02-09,Shipped,882,90918.00,West
2024-09-12,Shipped,1332,56175.00,Central
2025-05-27,Shipped,3513,91950.00,Central
2026-02-27,Shipped,2847,8054.00,Central
2024-08-12,Shipped,3276,73840.00,Central
2025-08-02,Shipped,402,20778.00,Central
2024-12-04,Shipped,3060,7199.00,North
2025-01-28,Shipped,1488,5248.00,Central
2024-06-15,Shipped,3391,43001.00,West
2024-03-05,Shipped,2925,74750.00,North
2025-08-20,Shipped,1750,62195.00,Central
2024-05-29,Shipped,3121,55881.00,South
2025-03-25,Shipped,1955,26039.00,East
2025-06-20,Shipped,4583,27678.00,Central
2024-04-08,Shipped,2848,6536.00,West
2024-09-09,Shipped,4440,33453.00,North
2025-08-03,Shipped,105,56733.00,North
2024-04-17,Shipped,3292,19741.00,Central
2024-03-20,Shipped,2598,81764.00,South
2024-06-08,Shipped,955,35452.00,Central
2026-05-26,Shipped,367,48722.00,East
2024-05-03,Shipped,4832,9539.00,East
2025-07-28,Shipped,3339,1195.00,North
2024-08-16,Shipped,2220,53166.00,Central
2026-05-03,Shipped,1190,41468.00,Central
2025-09-13,Shipped,1253,79518.00,South
2025-08-29,Shipped,1982,27230.00,East
2025-04-29,Shipped,2682,14028.00,Central
2025-04-25,Shipped,4712,86378.00,Central
2025-08-07,Shipped,1968,81367.00,South
2024-05-24,Shipped,2046,23537.00,Central
2024-02-02,Shipped,77,47425.00,East
2026-01-16,Shipped,3136,63384.00,West
2026-04-20,Shipped,147,46379.00,Central
2024-03-15,Shipped,852,65836.00,Central
2024-08-21,Shipped,3079,20846.00,South
2024-06-05,Shipped,3907,49299.00,West
2026-01-30,Shipped,3724,14654.00,East
2024-02-22,Shipped,4404,57686.00,North
2024-06-12,Shipped,3976,12224.00,North
2025-12-27,Shipped,3910,67100.00,South
2024-05-14,Shipped,4680,46162.00,North
2025-12-23,Shipped,108,33031.00,North
2024-12-25,Shipped,541,89585.00,West
2026-01-20,Shipped,3979,56842.00,North
2024-11-21,Shipped,1969,93312.00,West
2024-03-13,Shipped,3806,27899.00,South
2025-06-21,Shipped,1081,89541.00,North
2025-08-16,Shipped,930,57077.00,West
2024-10-16,Shipped,1048,56218.00,North
2024-05-13,Shipped,146,51621.00,East
2025-07-13,Shipped,4714,7539.00,North
2024-06-15,Shipped,4681,2851.00,East
2025-01-20,Shipped,1326,98657.00,Central
2025-02-23,Shipped,718,69873.00,West
2025-12-13,Shipped,2296,70205.00,Central
2025-09-14,Shipped,1096,78298.00,North
2024-12-10,Shipped,2160,9853.00,South
2024-06-25,Shipped,2735,82060.00,West
2024-07-10,Shipped,1396,58902.00,Central
2024-12-12,Shipped,195,7256.00,North
2025-07-13,Shipped,3421,27501.00,North
2025-11-15,Shipped,4933,94332.00,Central
2024-04-16,Shipped,674,89281.00,Central
2026-04-22,Shipped,3787,88556.00,North
2024-07-14,Shipped,4147,87288.00,Central
2024-11-15,Shipped,2168,18149.00,Central
2025-04-07,Shipped,3889,50360.00,North
2025-06-28,Shipped,1388,60381.00,Central
2024-03-14,Shipped,2599,90246.00,Central
2025-04-29,Shipped,4258,9439.00,Central
2025-05-05,Shipped,199,15378.00,East
2025-04-28,Shipped,3443,88528.00,East
2025-01-12,Shipped,2598,84737.00,North
2024-07-22,Shipped,4420,29825.00,Central
2025-08-05,Shipped,3310,20732.00,North
2025-09-16,Shipped,4597,73356.00,Central
2026-04-04,Shipped,288,26001.00,Central
2025-12-25,Shipped,1047,57417.00,North
2024-06-28,Shipped,2947,217.00,Central
2024-10-18,Shipped,2121,49046.00,West
2025-02-07,Shipped,4179,60285.00,North
2026-01-12,Shipped,1957,19328.00,Central
2025-03-09,Shipped,2427,35938.00,Central
2025-12-27,Shipped,4711,91777.00,South
2025-03-12,Shipped,1718,82852.00,Central
2025-05-24,Shipped,2991,5441.00,East
2024-06-27,Shipped,277,8773.00,Central
2025-06-27,Shipped,90,4026.00,South
2024-06-03,Shipped,2154,43322.00,East
2025-11-14,Shipped,1597,20234.00,Central
2025-03-31,Shipped,1920,45979.00,North
2025-11-23,Shipped,183,7486.00,Central
2024-08-06,Shipped,1503,21251.00,West
2024-06-19,Shipped,2368,3602.00,North
2025-10-13,Shipped,2132,26731.00,East
2024-05-26,Shipped,1653,23368.00,Central
2024-10-07,Shipped,1956,70306.00,North
2024-05-04,Shipped,1102,76721.00,Central
2024-05-05,Shipped,3198,88224.00,South
2024-12-09,Shipped,2499,9839.00,West
2024-11-11,Shipped,2806,82984.00,North
2024-11-15,Shipped,1937,598.00,Central
2024-12-24,Shipped,432,62243.00,Central
2025-10-25,Shipped,2281,65516.00,Central
2024-06-13,Shipped,1974,63484.00,Central
2024-07-01,Shipped,4020,37128.00,Central
2025-06-19,Shipped,2560,16405.00,North
2025-03-19,Shipped,4572,62904.00,East
2024-09-21,Shipped,4767,19350.00,Central
2025-04-29,Shipped,3033,61106.00,East
2024-07-01,Shipped,3077,81657.00,North
2025-04-14,Shipped,575,88723.00,East
2025-02-03,Shipped,3821,16346.00,West
2025-11-19,Shipped,3554,81414.00,East
2025-03-11,Shipped,924,48111.00,West
2025-12-19,Shipped,1143,60320.00,Central
2024-03-18,Shipped,4335,34829.00,North
2024-10-19,Shipped,4209,29673.00,South
2025-02-21,Shipped,1961,9701.00,North
2026-05-07,Shipped,4581,92566.00,East
2024-03-31,Shipped,1527,41958.00,Central
2026-05-14,Shipped,3650,23614.00,South
2025-09-02,Shipped,967,69294.00,Central
2024-07-02,Shipped,3150,54659.00,East
2024-02-08,Shipped,3339,38476.00,Central
2026-04-14,Shipped,968,304.00,East
2024-11-18,Shipped,1975,65335.00,East
2026-01-06,Shipped,1605,17636.00,North
2025-12-27,Shipped,2950,2196.00,Central
2025-11-18,Shipped,733,48156.00,Central
2024-07-17,Shipped,4802,68667.00,Central
2025-07-27,Shipped,2730,14739.00,Central
2024-03-16,Shipped,826,55785.00,Central
2024-10-19,Shipped,3228,86070.00,North
2025-12-07,Shipped,3699,63646.00,Central
2025-10-09,Shipped,4888,85948.00,Central
2024-02-06,Shipped,4043,90950.00,South
2025-08-13,Shipped,244,51062.00,Central
2025-02-21,Shipped,2483,91529.00,East
2025-03-13,Shipped,736,6226.00,West
2024-11-25,Shipped,3224,1863.00,North
2024-12-13,Shipped,2717,52707.00,Central
2026-03-17,Shipped,2291,81136.00,Central
2025-12-22,Shipped,3702,69040.00,West
2026-04-25,Shipped,4442,36736.00,Central
2025-05-30,Shipped,2745,77621.00,North
2025-12-08,Shipped,2086,37003.00,East
2024-07-07,Shipped,3394,4378.00,South
2024-10-04,Shipped,2303,82566.00,Central
2025-07-08,Shipped,2619,88568.00,North
2025-02-13,Shipped,476,94906.00,Central
2024-07-01,Shipped,3253,28430.00,Central
2024-11-17,Shipped,4547,59046.00,East
2024-02-15,Shipped,2950,58549.00,Central
2025-08-10,Shipped,4224,55975.00,East
2024-10-30,Shipped,3339,55092.00,South
2025-11-22,Shipped,725,14382.00,South
2025-10-03,Shipped,3859,63905.00,Central
2026-02-17,Shipped,2636,90292.00,East
2025-12-20,Shipped,1553,40368.00,North
2024-11-16,Shipped,2080,80504.00,Central
2025-01-31,Shipped,4002,13330.00,Central
2025-06-01,Shipped,2005,40913.00,West
2024-11-26,Shipped,2697,40322.00,West
2025-06-09,Shipped,1519,27673.00,Central
2024-11-05,Shipped,2497,57311.00,Central
2025-08-06,Shipped,433,45211.00,East
2025-06-12,Shipped,1009,6661.00,South
2024-01-31,Shipped,1914,17154.00,South
2024-02-16,Shipped,4486,51200.00,Central
2025-07-26,Shipped,2161,38541.00,South
2025-05-31,Shipped,2563,21460.00,East
2026-04-17,Shipped,1439,38914.00,Central
2026-05-14,Shipped,1709,18857.00,Central
2025-11-17,Shipped,3075,56225.00,South
2025-04-25,Shipped,2791,85746.00,Central
2026-04-09,Shipped,4583,77818.00,Central
2025-10-11,Shipped,2435,41472.00,East
2026-02-20,Shipped,48,58351.00,South
2024-10-20,Shipped,3870,38507.00,Central
2024-11-17,Shipped,2082,36278.00,West
2024-12-25,Shipped,4638,58569.00,Central
2025-08-29,Shipped,4440,30750.00,East
2024-03-30,Shipped,1298,73199.00,Central
2024-09-19,Shipped,3009,24063.00,Central
2026-04-08,Shipped,389,75827.00,Central
2024-03-12,Shipped,3394,59138.00,North
2024-02-16,Shipped,3652,2270.00,Central
2026-02-03,Shipped,1223,15594.00,Central
2025-11-18,Shipped,2344,79220.00,Central
2026-04-18,Shipped,3084,44902.00,East
2025-09-30,Shipped,1733,86584.00,East
2024-10-18,Shipped,2730,10367.00,North
2025-06-17,Shipped,4600,2672.00,Central
2026-05-11,Shipped,4026,80252.00,Central
2025-08-27,Shipped,650,69968.00,South
2024-06-05,Shipped,2882,11558.00,Central
2024-07-30,Shipped,626,26868.00,Central
2024-03-14,Shipped,4354,31069.00,Central
2025-11-16,Shipped,3515,76949.00,Central
2025-02-26,Shipped,1461,76563.00,Central
2025-10-01,Shipped,3603,21641.00,Central
2025-08-12,Shipped,944,86424.00,Central
2025-03-13,Shipped,3734,63576.00,Central
2024-08-05,Shipped,2489,5750.00,East
2025-05-12,Shipped,3987,65811.00,Central
2026-02-27,Shipped,3763,93976.00,South
2026-05-03,Shipped,3088,45477.00,East
2025-06-29,Shipped,2682,98743.00,North
2025-06-19,Shipped,2504,23626.00,Central
2024-07-22,Shipped,3643,42174.00,West
2026-05-07,Shipped,472,98016.00,East
2024-12-15,Shipped,1495,98549.00,South
2024-03-18,Shipped,4698,30018.00,Central
2025-08-06,Shipped,4468,94092.00,South
2024-10-21,Shipped,1953,44964.00,Central
2024-06-27,Shipped,305,48303.00,Central
2025-08-15,Shipped,602,87267.00,North
2025-07-02,Shipped,4600,44849.00,West
2024-11-04,Shipped,4396,95478.00,Central
2025-04-20,Shipped,3410,84235.00,South
2025-11-11,Shipped,2103,4237.00,South
2024-12-22,Shipped,2633,14676.00,North
2024-08-18,Shipped,1761,35855.00,East
2024-12-15,Shipped,2556,41327.00,Central
2025-11-14,Shipped,2876,73956.00,North
2025-01-15,Shipped,1295,43840.00,Central
2024-04-24,Shipped,699,9969.00,East
2024-04-25,Shipped,273,98589.00,West
2024-03-31,Shipped,1326,16048.00,East
2024-12-08,Shipped,612,54105.00,Central
2024-09-13,Shipped,1777,67624.00,North
2026-05-24,Shipped,4387,83114.00,North
2025-07-24,Shipped,1810,28251.00,Central
2024-11-07,Shipped,2171,18458.00,Central
2026-04-27,Shipped,3833,64051.00,Central
2025-08-16,Shipped,272,10162.00,Central
2024-09-09,Shipped,2980,58583.00,Central
2025-07-03,Shipped,4468,45172.00,East
2025-07-19,Shipped,3930,47085.00,Central
2025-08-21,Shipped,843,24279.00,Central
2024-12-03,Shipped,3118,3991.00,North
2026-03-01,Shipped,601,17906.00,Central
2025-12-07,Shipped,290,81946.00,East
2024-12-26,Shipped,2859,55514.00,Central
2024-02-29,Shipped,4640,56516.00,Central
2025-04-02,Shipped,599,37165.00,West
2024-06-11,Shipped,4669,59018.00,Central
2024-08-03,Shipped,3051,19993.00,South
2026-01-04,Shipped,4782,64766.00,Central
2024-11-13,Shipped,4441,80060.00,Central
2025-02-04,Shipped,440,84146.00,North
2024-05-19,Shipped,1191,10611.00,West
2024-06-30,Shipped,4984,15829.00,Central
2024-12-25,Shipped,238,77241.00,Central
2025-07-06,Shipped,1765,57946.00,North
2024-07-24,Shipped,95,55535.00,North
2024-02-08,Shipped,4278,70456.00,Central
2025-07-28,Shipped,1553,19838.00,North
2024-05-24,Shipped,273,69955.00,North
2025-12-04,Shipped,4815,65077.00,South
2025-08-27,Shipped,731,87669.00,Central
2025-08-07,Shipped,3862,28609.00,Central
2024-03-24,Shipped,1467,68131.00,West
2024-06-16,Shipped,428,86865.00,Central
2026-01-18,Shipped,3620,8875.00,West
2025-12-15,Shipped,2930,15723.00,Central
2024-12-04,Shipped,4495,23632.00,North
2024-10-09,Shipped,4004,60646.00,Central
2024-01-30,Shipped,1702,38293.00,Central
2025-05-22,Shipped,4944,28995.00,Central
2024-09-09,Shipped,3538,9187.00,West
2025-11-05,Shipped,1527,39501.00,North
2025-08-12,Shipped,4809,20534.00,North
2024-05-20,Shipped,301,2326.00,Central
2024-07-10,Shipped,1012,52216.00,Central
2025-11-07,Shipped,2947,25137.00,North
2026-01-12,Shipped,2826,42677.00,East
2025-04-10,Shipped,4630,80546.00,West
2026-05-16,Shipped,2477,28085.00,South
2025-04-23,Shipped,353,91958.00,South
2026-04-27,Shipped,4821,46331.00,North
2026-03-27,Shipped,3861,91813.00,North
2024-06-27,Shipped,4843,28477.00,West
2024-01-08,Shipped,2470,87028.00,Central
2025-01-24,Shipped,2959,83340.00,North
2024-06-14,Shipped,944,37033.00,Central
2025-04-24,Shipped,1647,21615.00,North
2025-01-03,Shipped,2814,22909.00,East
2025-11-06,Shipped,3139,34463.00,Central
2025-04-16,Shipped,2328,96384.00,Central
2026-02-10,Shipped,2889,73406.00,South
2024-08-22,Shipped,3755,40487.00,Central
2024-04-11,Shipped,2750,73081.00,North
2025-11-05,Shipped,1767,55937.00,North
2026-02-15,Shipped,2631,45050.00,South
2026-04-30,Shipped,1126,39007.00,Central
2024-08-29,Shipped,3631,81436.00,East
2025-07-03,Shipped,3235,98939.00,West
2025-03-16,Shipped,385,34340.00,Central
2025-01-09,Shipped,1431,66621.00,Central
2024-09-08,Shipped,1721,13271.00,Central
2026-05-20,Shipped,687,22317.00,South
2025-02-21,Shipped,262,93940.00,Central
2026-03-21,Shipped,4009,44967.00,Central
2024-07-02,Shipped,1259,84426.00,East
2025-08-15,Shipped,50,10160.00,Central
2025-06-14,Shipped,305,25170.00,North
2025-06-03,Shipped,3566,29665.00,Central
2024-06-03,Shipped,3904,88138.00,Central
2025-07-27,Shipped,2870,45296.00,North
2025-11-29,Shipped,3924,1943.00,West
2024-01-21,Shipped,2096,13502.00,Central
2025-08-22,Shipped,4300,94832.00,South
2025-03-20,Shipped,4904,76768.00,North
2025-03-07,Shipped,2465,2777.00,Central
2025-10-22,Shipped,811,59857.00,North
2024-02-03,Shipped,4934,18796.00,East
2026-01-21,Shipped,1985,98764.00,West
2024-05-07,Shipped,4119,75813.00,Central
2024-10-03,Shipped,3694,70909.00,Central
2024-07-27,Shipped,4010,87288.00,West
2024-07-16,Shipped,4729,18704.00,South
2025-03-19,Shipped,1974,14156.00,East
2024-05-05,Shipped,3298,97925.00,Central
2024-10-17,Shipped,3308,33532.00,East
2025-08-04,Shipped,4410,46878.00,Central
2024-02-08,Shipped,2567,16098.00,Central
2024-10-21,Shipped,3728,22074.00,West
2024-04-26,Shipped,1729,49727.00,Central
2025-07-30,Shipped,1868,85712.00,East
2025-03-22,Shipped,913,51985.00,West
2024-11-29,Shipped,1028,84830.00,East
2024-09-23,Shipped,246,35594.00,Central
2024-01-18,Shipped,4846,32405.00,Central
2024-01-29,Shipped,2487,78970.00,South
2025-11-12,Shipped,4931,98714.00,West
2024-02-01,Shipped,4014,28058.00,Central
2026-01-16,Shipped,3509,4412.00,North
2025-03-09,Shipped,2530,45621.00,North
2024-12-17,Shipped,1397,12629.00,Central
2025-10-17,Shipped,2064,40206.00,Central
2026-05-13,Shipped,958,47032.00,East
2025-05-01,Shipped,4,55249.00,Central
2024-04-10,Shipped,398,91182.00,West
2024-04-19,Shipped,2078,39779.00,Central
2026-05-08,Shipped,1023,90645.00,Central
2025-08-31,Shipped,3618,19489.00,North
2026-04-22,Shipped,2990,79122.00,East
2024-04-20,Shipped,3169,61254.00,Central
2025-06-20,Shipped,1878,7479.00,Central
2025-08-24,Shipped,627,53001.00,West
2026-01-18,Shipped,1379,29815.00,South
2026-03-10,Shipped,2535,91505.00,Central
2024-07-26,Shipped,1265,75423.00,West
2026-01-09,Shipped,3521,39629.00,Central
2025-07-20,Shipped,3489,89977.00,Central
2024-07-27,Shipped,1120,60606.00,East
2026-03-20,Shipped,4348,48952.00,Central
2024-06-15,Shipped,1536,53624.00,West
2024-07-08,Shipped,3129,68814.00,Central
2025-11-13,Shipped,4039,71595.00,North
2024-07-29,Shipped,4936,1988.00,West
2024-10-17,Shipped,4413,82994.00,West
2024-03-03,Shipped,352,14496.00,North
2026-01-15,Shipped,2732,65798.00,Central
2026-04-17,Shipped,2194,74407.00,Central
2025-06-17,Shipped,3246,45514.00,North
2024-02-20,Shipped,208,95227.00,Central
2026-01-22,Shipped,319,45209.00,South
2024-12-12,Shipped,3563,98839.00,Central
2026-05-21,Shipped,432,34845.00,Central
2024-02-19,Shipped,4664,55671.00,Central
2025-11-25,Shipped,181,43491.00,Central
2025-12-23,Shipped,3074,69830.00,South
2024-04-21,Shipped,2101,23345.00,Central
2025-10-10,Shipped,4533,29417.00,Central
2025-09-18,Shipped,4208,25248.00,Central
2024-05-07,Shipped,289,3086.00,South
2025-01-31,Shipped,1316,25100.00,West
2026-02-10,Shipped,4369,79687.00,Central
2026-03-23,Shipped,2503,14849.00,Central
2026-05-08,Shipped,2008,69515.00,Central
2024-08-31,Shipped,200,57373.00,West
2026-03-25,Shipped,2000,51513.00,North
2025-09-06,Shipped,4480,30438.00,West
2025-10-28,Shipped,703,82172.00,North
2026-04-18,Shipped,4209,19567.00,Central
2024-02-19,Shipped,2803,95611.00,North
2025-12-23,Shipped,2409,75204.00,South
2024-04-26,Shipped,736,87619.00,North
2024-12-29,Shipped,2189,49565.00,East
2024-12-31,Shipped,2683,11516.00,South
2025-01-17,Shipped,3669,36823.00,North
2026-04-14,Shipped,4206,32340.00,West
2024-03-12,Shipped,4425,53345.00,North
2024-03-07,Shipped,2252,4514.00,South
2025-10-13,Shipped,1977,55279.00,East
2025-12-17,Shipped,2169,4125.00,South
2025-12-19,Shipped,1056,33432.00,Central
2026-03-17,Shipped,1501,28860.00,Central
2025-10-12,Shipped,4655,53326.00,Central
2024-12-29,Shipped,321,70057.00,North
2024-07-01,Shipped,3881,33696.00,West
2024-05-14,Shipped,4496,10010.00,Central
2024-11-05,Shipped,4590,34367.00,East
2024-05-18,Shipped,3122,86586.00,North
2026-03-01,Shipped,1042,70597.00,Central
2025-06-07,Shipped,872,19769.00,North
2025-07-01,Shipped,695,21263.00,Central
2024-10-16,Shipped,2038,34643.00,North
2025-11-13,Shipped,4217,77652.00,East
2024-01-10,Shipped,4294,43155.00,Central
2026-05-21,Shipped,4689,58510.00,Central
2026-04-02,Shipped,4751,59163.00,Central
2024-09-21,Shipped,1278,48556.00,West
2026-03-26,Shipped,1931,60191.00,North
2025-05-03,Shipped,492,39480.00,North
2025-01-12,Shipped,4065,16497.00,North
2025-09-09,Shipped,2445,85881.00,Central
2024-03-24,Shipped,763,59986.00,North
2025-05-30,Shipped,4746,47681.00,South
2025-11-04,Shipped,4688,23130.00,Central
2024-11-17,Shipped,1030,90392.00,South
2024-01-16,Shipped,4046,21203.00,North
2025-03-20,Shipped,1247,80781.00,South
2024-01-05,Shipped,951,36138.00,Central
2026-05-10,Shipped,1038,65217.00,Central
2024-01-24,Shipped,580,83224.00,Central
2026-03-23,Shipped,2989,70781.00,West
2025-03-07,Shipped,247,6012.00,North
2024-09-08,Shipped,1631,93017.00,West
2024-04-22,Shipped,4192,1963.00,North
2024-05-06,Shipped,2637,67313.00,Central
2025-12-21,Shipped,2011,1606.00,Central
2025-05-02,Shipped,107,64974.00,Central
2025-06-23,Shipped,1036,19956.00,Central
2025-09-26,Shipped,2980,48505.00,North
2024-10-17,Shipped,1838,29017.00,Central
2024-07-30,Shipped,1897,79068.00,Central
2024-08-04,Shipped,3742,36887.00,West
2024-12-22,Shipped,2347,40553.00,South
2026-02-12,Shipped,2121,61726.00,South
2024-12-31,Shipped,1847,93602.00,Central
2026-05-06,Shipped,3712,6485.00,Central
2025-10-14,Shipped,2686,41744.00,Central
2024-03-10,Shipped,1609,15130.00,North
2025-07-15,Shipped,4998,39111.00,West
2024-07-24,Shipped,2428,57918.00,West
2026-05-26,Shipped,2327,78078.00,North
2024-02-19,Shipped,2777,934.00,South
2025-08-31,Shipped,3861,61235.00,Central
2025-11-22,Shipped,595,27091.00,Central
2024-04-07,Shipped,1157,30940.00,North
2024-10-26,Shipped,3361,36967.00,Central
2024-05-08,Shipped,399,54802.00,East
2026-03-27,Shipped,2551,15463.00,East
2024-09-04,Shipped,2589,48556.00,Central
2024-09-04,Shipped,3451,11438.00,West
2024-02-17,Shipped,2130,57446.00,West
2025-04-19,Shipped,4313,96425.00,East
2024-12-16,Shipped,3687,10822.00,Central
2025-03-24,Shipped,2204,36224.00,Central
2024-10-01,Shipped,4216,33218.00,South
2025-11-23,Shipped,2520,12507.00,East
2024-11-08,Shipped,1540,8295.00,East
2024-10-27,Shipped,431,32838.00,East
2025-09-25,Shipped,3916,60852.00,North
2025-01-01,Shipped,3209,32275.00,Central
2024-08-21,Shipped,3167,7154.00,East
2024-03-12,Shipped,482,50113.00,Central
2024-05-31,Shipped,1808,41790.00,Central
2024-08-05,Shipped,4781,80184.00,North
2024-03-05,Shipped,4624,63605.00,South
2025-10-28,Shipped,3279,17307.00,East
2024-06-30,Shipped,3632,58236.00,Central
2025-12-17,Shipped,1094,13926.00,East
2025-10-26,Shipped,546,46161.00,Central
2025-08-04,Shipped,3909,39854.00,Central
2025-07-14,Shipped,1926,8334.00,East
2025-11-23,Shipped,4110,88290.00,Central
2025-02-03,Shipped,4486,82732.00,North
2026-03-15,Shipped,3053,56207.00,South
2026-05-01,Shipped,491,58671.00,Central
2024-05-29,Shipped,3879,91332.00,North
2025-10-24,Shipped,168,14195.00,South
2025-07-14,Shipped,926,77473.00,Central
2025-02-26,Shipped,870,64371.00,North
2024-03-18,Shipped,3861,38970.00,South
2024-02-09,Shipped,4156,74372.00,Central
2024-09-23,Shipped,4020,56314.00,South
2026-05-21,Shipped,4947,78388.00,South
2025-03-28,Shipped,3517,43154.00,North
2024-03-18,Shipped,4139,12848.00,West
2026-05-12,Shipped,1627,80958.00,Central
2026-03-26,Shipped,3576,74561.00,North
2026-05-03,Shipped,2129,91993.00,Central
2025-12-26,Shipped,486,63627.00,Central
2026-01-08,Shipped,2228,20345.00,Central
2024-05-18,Shipped,896,8353.00,East
2025-03-12,Shipped,1311,37209.00,East
2026-05-03,Shipped,4711,72924.00,East
2025-10-19,Shipped,4985,35196.00,East
2026-05-03,Shipped,2316,4754.00,Central
2024-07-18,Shipped,1098,96963.00,Central
2025-06-27,Shipped,1436,166.00,Central
2025-05-16,Shipped,172,71767.00,Central
2024-07-29,Shipped,726,63383.00,Central
2024-05-15,Shipped,4191,6632.00,West
2026-04-25,Shipped,4375,28115.00,West
2026-04-19,Shipped,4569,22865.00,North
2025-07-05,Shipped,4616,43225.00,North
2024-07-31,Shipped,1786,72532.00,North
2025-03-13,Shipped,3711,17657.00,North
2024-12-12,Shipped,2893,92499.00,West
2024-05-04,Shipped,4037,58423.00,Central
2024-03-02,Shipped,1519,667.00,North
2025-10-19,Shipped,2797,65822.00,West
2025-07-03,Shipped,2117,97484.00,Central
2025-02-14,Shipped,4180,75899.00,Central
2024-07-28,Shipped,4160,42277.00,Central
2024-10-18,Shipped,2809,60135.00,East
2025-07-31,Shipped,4322,79278.00,Central
2024-05-12,Shipped,2715,14026.00,North
2026-05-08,Shipped,1113,13684.00,North
2024-04-03,Shipped,374,58863.00,Central
2024-03-12,Shipped,711,47236.00,South
2025-10-22,Shipped,1934,98494.00,Central
2025-10-09,Shipped,876,14337.00,Central
2026-03-06,Shipped,230,30624.00,South
2024-02-08,Shipped,1835,69616.00,West
2025-09-26,Shipped,2532,69285.00,North
2024-03-18,Shipped,1960,13061.00,North
2024-03-18,Shipped,2732,51025.00,Central
2025-12-15,Shipped,4004,46277.00,North
2024-10-27,Shipped,3952,6545.00,West
2025-09-29,Shipped,2192,24860.00,North
2025-05-16,Shipped,1238,53095.00,West
2025-05-14,Shipped,4044,95940.00,North
2026-05-17,Shipped,2464,46451.00,Central
2024-10-19,Shipped,2764,37352.00,North
2025-07-28,Shipped,1608,61024.00,South
2025-02-21,Shipped,1924,13803.00,Central
2024-04-07,Shipped,176,89936.00,Central
2025-04-27,Shipped,219,22630.00,South
2025-07-09,Shipped,4911,13821.00,Central
2025-10-21,Shipped,1356,35348.00,Central
2024-08-28,Shipped,39,32578.00,Central
2025-04-20,Shipped,2250,80210.00,Central
2024-05-11,Shipped,1077,4573.00,Central
2025-11-18,Shipped,3376,32673.00,South
2024-12-25,Shipped,1758,9796.00,Central
2025-09-26,Shipped,2898,80400.00,Central
2024-05-15,Shipped,1560,80245.00,North
2024-03-27,Shipped,4929,90297.00,East
2026-01-03,Shipped,2845,75947.00,North
2024-04-26,Shipped,2570,43462.00,West
2024-02-16,Shipped,4990,70061.00,South
2024-12-24,Shipped,1297,70047.00,Central
2026-05-22,Shipped,4436,16770.00,South
2025-12-24,Shipped,3740,47195.00,South
2025-11-06,Shipped,3962,44883.00,North
2026-04-13,Shipped,2624,29032.00,Central
2026-01-02,Shipped,1109,5378.00,South
2024-11-23,Shipped,2160,82878.00,East
2024-02-10,Shipped,3094,78105.00,North
2025-01-28,Shipped,4590,34038.00,West
2025-01-07,Shipped,713,83456.00,Central
2025-01-10,Shipped,663,80207.00,North
2025-03-02,Shipped,572,39848.00,South
2025-06-24,Shipped,4872,89436.00,Central
2026-02-03,Shipped,3597,37947.00,East
2025-03-28,Shipped,506,49782.00,East
2026-03-05,Shipped,44,59421.00,West
2024-11-14,Shipped,479,90055.00,Central
2024-10-12,Shipped,1465,51840.00,North
2025-03-07,Shipped,522,55249.00,North
2025-02-12,Shipped,2049,23347.00,Central
2024-03-22,Shipped,2672,54642.00,Central
2024-04-19,Shipped,2438,35420.00,East
2024-09-15,Shipped,182,18299.00,Central
2024-04-24,Shipped,213,69886.00,Central
2025-10-12,Shipped,3570,58096.00,Central
2026-01-28,Shipped,4871,25519.00,North
2026-05-25,Shipped,1377,63877.00,North
2024-10-26,Shipped,4600,47582.00,Central
2024-05-02,Shipped,3039,51368.00,Central
2025-10-05,Shipped,4971,14816.00,Central
2025-05-17,Shipped,4527,40714.00,South
2024-06-23,Shipped,2359,69951.00,North
2026-03-18,Shipped,3923,66723.00,Central
2024-06-26,Shipped,3240,13428.00,Central
2025-06-22,Shipped,2640,28962.00,Central
2024-07-20,Shipped,2807,91584.00,North
2026-03-05,Shipped,2982,33838.00,South
2025-10-06,Shipped,4158,11170.00,South
2026-04-01,Shipped,677,60637.00,West
2024-05-20,Shipped,4388,16751.00,North
2026-01-09,Shipped,4928,61435.00,South
2024-10-05,Shipped,3736,93998.00,Central
2026-04-28,Shipped,1320,12054.00,East
2025-07-16,Shipped,3911,150.00,North
2024-11-13,Shipped,72,89834.00,Central
2025-05-04,Shipped,3393,33133.00,Central
2025-09-13,Shipped,147,74572.00,South
2024-02-21,Shipped,2921,28665.00,East
2025-05-24,Shipped,2400,85669.00,Central
2024-09-13,Shipped,3265,41908.00,Central
2025-04-17,Shipped,1444,37933.00,North
2025-06-16,Shipped,3848,82709.00,Central
2026-01-20,Shipped,4041,62734.00,North
2026-01-28,Shipped,4619,89713.00,Central
2024-01-09,Shipped,983,71462.00,North
2024-07-07,Shipped,1421,53358.00,South
2025-03-19,Shipped,3865,34563.00,South
2025-04-15,Shipped,3089,79841.00,West
2026-05-24,Shipped,4080,94629.00,Central
2025-12-26,Shipped,1726,37074.00,North
2025-06-27,Shipped,3765,3680.00,North
2024-08-17,Shipped,98,62524.00,North
2025-03-02,Shipped,1255,2158.00,Central
2024-10-31,Shipped,741,4446.00,Central
2025-10-31,Shipped,3764,58997.00,Central
2026-04-01,Shipped,917,12981.00,Central
2024-07-04,Shipped,1491,19394.00,East
2025-05-10,Shipped,1423,68581.00,Central
2026-03-02,Shipped,3223,91134.00,East
2025-07-29,Shipped,1035,69352.00,East
2025-02-20,Shipped,1058,59942.00,Central
2024-04-12,Shipped,665,48048.00,Central
2025-10-05,Shipped,1491,44544.00,Central
2025-03-13,Shipped,1467,6707.00,North
2025-03-29,Shipped,195,8204.00,Central
2025-07-19,Shipped,2123,39821.00,Central
2024-11-23,Shipped,1926,62990.00,North
2025-08-08,Shipped,4516,69412.00,North
2025-12-25,Shipped,4758,31480.00,Central
2024-10-28,Shipped,685,94279.00,North
2026-01-05,Shipped,2550,4521.00,Central
2024-01-12,Shipped,3592,73778.00,Central
2025-06-11,Shipped,4022,27057.00,Central
2026-01-14,Shipped,4957,88201.00,South
2024-07-26,Shipped,3663,12662.00,West
2024-02-26,Shipped,4338,80788.00,Central
2026-05-23,Shipped,1619,45977.00,North
2024-04-06,Shipped,624,41060.00,Central
2024-09-14,Shipped,3343,70083.00,Central
2024-09-09,Shipped,3142,28373.00,West
2025-06-25,Shipped,2811,86602.00,Central
2024-12-27,Shipped,42,73523.00,East
2025-03-10,Shipped,2784,25888.00,West
2025-12-12,Shipped,4072,1673.00,East
2025-04-29,Shipped,389,95791.00,Central
2026-02-13,Shipped,3471,48981.00,Central
2024-09-12,Shipped,860,68365.00,Central
2026-01-28,Shipped,2949,95076.00,East
2026-02-20,Shipped,1532,35499.00,Central
2024-06-16,Shipped,2938,19241.00,West
2025-06-08,Shipped,86,9061.00,North
2026-05-23,Shipped,2869,2197.00,Central
2025-12-11,Shipped,361,49307.00,Central
2024-06-01,Shipped,118,71297.00,Central
2024-09-23,Shipped,3005,56294.00,Central
2024-06-07,Shipped,83,58105.00,South
2025-11-04,Shipped,2408,92511.00,Central
2025-10-17,Shipped,4745,22843.00,South
2025-12-25,Shipped,1833,1506.00,North
2024-01-27,Shipped,2015,54895.00,South
2024-05-03,Shipped,1839,85017.00,North
2025-03-23,Shipped,2054,73849.00,North
2025-05-17,Shipped,4778,15274.00,South
2024-07-10,Shipped,3912,56230.00,Central
2024-03-07,Shipped,2437,36599.00,Central
2026-03-19,Shipped,3107,79093.00,North
2025-10-13,Shipped,1876,58909.00,Central
2024-05-13,Shipped,3960,64593.00,Central
2025-08-04,Shipped,4029,53346.00,South
2025-09-23,Shipped,3458,71978.00,Central
2024-12-30,Shipped,1433,41307.00,East
2024-07-15,Shipped,3646,43865.00,Central
2024-03-18,Shipped,982,14308.00,North
2025-07-07,Shipped,2253,29271.00,East
2024-06-23,Shipped,1623,9155.00,East
2025-11-10,Shipped,240,35130.00,South
2024-04-30,Shipped,4864,73620.00,Central
2024-07-08,Shipped,43,59212.00,Central
2025-06-09,Shipped,1655,5578.00,Central
2024-09-17,Shipped,1539,45161.00,West
2026-05-07,Shipped,3871,38384.00,West
2025-01-22,Shipped,324,27704.00,North
2025-01-05,Shipped,562,48987.00,Central
2024-06-07,Shipped,2393,38773.00,East
2024-12-31,Shipped,3160,53845.00,Central
2025-10-02,Shipped,3227,59493.00,Central
2025-04-24,Shipped,752,25471.00,North
2024-08-18,Shipped,4115,45670.00,North
2025-12-30,Shipped,3143,32359.00,Central
2026-03-23,Shipped,2183,92648.00,Central
2025-05-22,Shipped,2260,96741.00,North
2025-03-02,Shipped,170,84659.00,North
2025-06-05,Shipped,754,29699.00,Central
2025-12-22,Shipped,413,7413.00,Central
2024-10-03,Shipped,851,88972.00,West
2026-01-23,Shipped,2365,1165.00,East
2026-04-25,Shipped,3430,29213.00,Central
2025-05-30,Shipped,478,39067.00,West
2024-07-09,Shipped,530,70614.00,Central
2025-01-10,Shipped,4574,88657.00,West
2025-12-03,Shipped,2911,87336.00,Central
2025-02-01,Shipped,772,18717.00,North
2025-08-15,Shipped,1097,74070.00,West
2026-04-11,Shipped,2191,66286.00,Central
2024-08-18,Shipped,1861,30820.00,West
2025-06-13,Shipped,3512,81525.00,North
2024-09-26,Shipped,2996,32915.00,North
2024-03-06,Shipped,2753,12723.00,West
2025-02-01,Shipped,4334,98251.00,East
2026-03-02,Shipped,2502,32233.00,North
2025-01-15,Shipped,4303,9685.00,North
2025-02-05,Shipped,3753,66229.00,Central
2025-08-12,Shipped,4017,91671.00,Central
2024-07-29,Shipped,653,27601.00,Central
2025-08-08,Shipped,1588,30238.00,Central
2025-11-28,Shipped,4824,42467.00,Central
2026-01-28,Shipped,2469,52302.00,North
2024-04-06,Shipped,4709,59895.00,Central
2024-01-19,Shipped,1496,31945.00,Central
2024-06-05,Shipped,3810,58956.00,Central
2025-09-04,Shipped,1392,53518.00,East
2025-02-11,Shipped,4898,61922.00,South
2025-12-30,Shipped,1275,7773.00,South
2025-01-03,Shipped,1587,34630.00,North
2025-01-15,Shipped,3205,21566.00,Central
2026-04-16,Shipped,3191,69157.00,South
2026-03-14,Shipped,1273,21652.00,South
2024-05-15,Shipped,1964,18358.00,Central
2024-04-11,Shipped,1748,73601.00,Central
2026-01-29,Shipped,2731,78523.00,North
2025-05-07,Shipped,2874,63669.00,East
2025-05-03,Shipped,4934,41152.00,Central
2024-03-03,Shipped,77,78670.00,Central
2024-09-19,Shipped,908,95100.00,Central
2024-12-27,Shipped,577,96410.00,East
2024-12-23,Shipped,65,33162.00,South
2025-01-18,Shipped,517,51424.00,North
2025-01-13,Shipped,4866,22639.00,South
2025-02-06,Shipped,1509,3782.00,East
2025-07-04,Shipped,1259,28618.00,Central
2026-01-30,Shipped,1713,86475.00,South
2025-07-27,Shipped,561,30995.00,East
2024-02-14,Shipped,889,46832.00,East
2024-03-08,Shipped,1723,2272.00,Central
2024-03-27,Shipped,4121,17662.00,South
2024-03-17,Shipped,3049,92081.00,South
2025-11-11,Shipped,3773,31310.00,South
2024-05-03,Shipped,3332,89139.00,North
2025-08-12,Shipped,4051,37960.00,East
2026-05-16,Shipped,2465,40627.00,Central
2024-12-03,Shipped,2655,14988.00,Central
2024-03-18,Shipped,4559,73623.00,Central
2024-04-10,Shipped,4509,75113.00,Central
2024-03-28,Shipped,508,83530.00,West
2024-02-13,Shipped,1372,76893.00,Central
2025-10-14,Shipped,2652,95325.00,Central
2024-04-21,Shipped,3627,21038.00,South
2024-04-26,Shipped,1423,16878.00,Central
2024-06-08,Shipped,60,25432.00,Central
2025-03-08,Shipped,3812,13572.00,East
2024-08-23,Shipped,4504,54868.00,North
2026-02-24,Shipped,2100,66048.00,Central
2024-01-12,Shipped,13,97161.00,North
2025-08-03,Shipped,2867,84424.00,Central
2025-09-26,Shipped,837,56842.00,Central
2024-10-23,Shipped,2142,6736.00,Central
2024-03-23,Shipped,4461,70389.00,Central
2025-12-16,Shipped,3676,78451.00,Central
2026-01-05,Shipped,4038,70966.00,East
2026-05-13,Shipped,4319,4486.00,North
2026-04-03,Shipped,1957,74878.00,North
2025-09-04,Shipped,4071,72641.00,Central
2024-02-06,Shipped,2456,84389.00,West
2025-08-19,Shipped,840,85735.00,Central
2024-12-13,Shipped,2625,92674.00,West
2026-02-26,Shipped,2841,3458.00,South
2024-01-10,Shipped,676,13011.00,South
2025-03-08,Shipped,3072,1261.00,West
2026-04-19,Shipped,3749,30294.00,North
2025-07-05,Shipped,1376,27934.00,North
2024-12-01,Shipped,3004,35270.00,East
2026-04-29,Shipped,1839,14404.00,Central
2025-10-01,Shipped,495,20143.00,Central
2025-07-31,Shipped,773,49919.00,North
2024-01-28,Shipped,1733,92567.00,East
2025-09-23,Shipped,3027,544.00,Central
2024-02-20,Shipped,1052,66414.00,Central
2025-08-28,Shipped,4503,59907.00,Central
2026-01-01,Shipped,2515,89018.00,Central
2025-05-03,Shipped,3052,56904.00,East
2024-04-01,Shipped,3273,55754.00,West
2024-12-15,Shipped,1087,33338.00,Central
2024-11-09,Shipped,52,29449.00,West
2025-12-03,Shipped,894,62116.00,Central
2025-07-23,Shipped,4276,74302.00,Central
2024-04-22,Shipped,3108,20483.00,Central
2025-10-16,Shipped,2585,92753.00,South
2024-09-15,Shipped,3176,26849.00,South
2024-05-06,Shipped,4478,68492.00,South
2025-12-09,Shipped,859,85499.00,Central
2025-02-13,Shipped,3677,1555.00,South
2025-02-06,Shipped,2327,48693.00,Central
2025-01-12,Shipped,1185,46680.00,Central
2025-03-19,Shipped,1042,38930.00,Central
2024-08-28,Shipped,4954,76981.00,Central
2024-11-21,Shipped,3800,173.00,South
2025-08-13,Shipped,1864,58915.00,North
2024-10-29,Shipped,48,78359.00,Central
2025-01-20,Shipped,3194,31651.00,East
2024-02-23,Shipped,1144,12538.00,Central
2026-03-27,Shipped,1239,24702.00,Central
2025-12-03,Shipped,3582,94490.00,North
2025-11-11,Shipped,3214,41049.00,Central
2026-05-16,Shipped,4691,21539.00,South
2024-07-16,Shipped,2922,24721.00,North
2024-12-31,Shipped,2364,96037.00,South
2025-07-04,Shipped,4609,52014.00,Central
2025-06-04,Shipped,4041,18141.00,East
2025-10-23,Shipped,1710,43298.00,Central
2026-05-03,Shipped,466,74470.00,South
2026-01-13,Shipped,3714,50630.00,Central
2024-11-19,Shipped,4993,79031.00,Central
2024-05-31,Shipped,4283,63315.00,North
2025-09-09,Shipped,767,45272.00,Central
2026-04-04,Shipped,2010,27050.00,Central
2025-10-15,Shipped,652,88222.00,North
2024-04-12,Shipped,1946,24611.00,Central
2024-05-17,Shipped,2374,26289.00,South
2024-01-07,Shipped,269,80582.00,Central
2024-10-09,Shipped,4051,31860.00,North
2025-11-19,Shipped,3248,22876.00,North
2025-01-23,Shipped,4022,13233.00,South
2025-12-07,Shipped,292,74397.00,West
2025-06-19,Shipped,4508,32754.00,Central
2025-07-16,Shipped,4108,23540.00,Central
2024-12-25,Shipped,3570,9995.00,Central
2024-11-07,Shipped,2538,43076.00,South
2025-04-07,Shipped,3434,45958.00,West
2024-02-20,Shipped,1862,56087.00,South
2024-08-12,Shipped,4023,26528.00,West
2026-05-04,Shipped,3519,48732.00,East
2024-01-17,Shipped,3671,34384.00,South
2024-11-16,Shipped,1199,83841.00,Central
2024-06-08,Shipped,4424,3207.00,East
2026-02-02,Shipped,1241,26568.00,North
2024-08-20,Shipped,2466,50702.00,Central
2026-04-03,Shipped,486,33269.00,Central
2024-10-30,Shipped,4065,634.00,West
2026-04-08,Shipped,3112,25937.00,East
2025-04-03,Shipped,2527,59037.00,East
2025-04-07,Shipped,4440,83454.00,Central
2024-06-18,Shipped,4312,95539.00,Central
2024-04-12,Shipped,948,12144.00,East
2025-09-07,Shipped,3243,8729.00,East
2025-09-29,Shipped,2858,25268.00,Central
2026-03-03,Shipped,4473,15365.00,South
2025-06-26,Shipped,3913,37732.00,East
2025-02-13,Shipped,2308,75846.00,North
2026-01-16,Shipped,4608,11816.00,Central
2024-02-28,Shipped,1625,42565.00,Central
2024-03-21,Shipped,2140,40932.00,Central
2024-04-22,Shipped,3193,55798.00,Central
2026-02-08,Shipped,937,74205.00,Central
2024-07-08,Shipped,3146,80261.00,Central
2024-02-08,Shipped,2851,84804.00,Central
2025-03-10,Shipped,4074,14636.00,East
2026-03-04,Shipped,2709,24073.00,South
2025-01-31,Shipped,2964,28548.00,South
2024-12-01,Shipped,1105,60251.00,Central
2026-04-05,Shipped,2051,73302.00,Central
2024-02-15,Shipped,1069,57784.00,Central
2025-10-20,Shipped,2642,12344.00,West
2025-11-15,Shipped,4961,5182.00,East
2025-12-20,Shipped,1362,50686.00,Central
2025-05-04,Shipped,3614,56984.00,Central
2024-01-03,Shipped,1715,35721.00,West
2025-01-31,Shipped,3263,48037.00,Central
2024-05-21,Shipped,4292,45227.00,Central
2024-02-07,Shipped,3245,39957.00,Central
2025-04-10,Shipped,1435,40070.00,Central
2024-08-03,Shipped,1296,75125.00,West
2024-02-11,Shipped,2329,798.00,West
2024-06-09,Shipped,2137,39823.00,North
2024-07-25,Shipped,58,73675.00,East
2024-02-01,Shipped,573,35544.00,Central
2026-03-28,Shipped,3142,78608.00,North
2024-05-30,Shipped,858,78706.00,Central
2024-02-11,Shipped,2272,17603.00,East
2026-02-08,Shipped,4742,47157.00,North
2024-01-09,Shipped,695,74780.00,South
2026-04-09,Shipped,108,72505.00,Central
2025-12-30,Shipped,4019,67166.00,Central
2026-03-19,Shipped,3273,51463.00,Central
2024-11-22,Shipped,2635,16132.00,West
2024-12-29,Shipped,1903,70135.00,Central
2025-11-09,Shipped,2971,12092.00,North
2024-10-24,Shipped,3897,12871.00,South
2024-11-01,Shipped,2274,50034.00,Central
2024-09-21,Shipped,4958,36653.00,North
2024-08-14,Shipped,1731,56202.00,North
2024-08-26,Shipped,2814,47838.00,West
2024-02-08,Shipped,381,28129.00,Central
2026-05-25,Shipped,4945,64840.00,Central
2024-09-17,Shipped,1575,56102.00,West
2024-11-23,Shipped,4098,39339.00,Central
2026-03-21,Shipped,3043,37090.00,Central
2025-10-04,Shipped,2573,70984.00,Central
2025-10-14,Shipped,1124,43110.00,Central
2025-06-16,Shipped,3098,24762.00,Central
2024-07-24,Shipped,1461,70099.00,North
2025-01-09,Shipped,1500,77471.00,Central
2024-04-16,Shipped,3268,22759.00,Central
2024-05-01,Shipped,446,66506.00,Central
2025-12-04,Shipped,3363,96033.00,East
2025-07-24,Shipped,2553,53283.00,West
2026-01-22,Shipped,176,75130.00,South
2026-03-25,Shipped,1480,29053.00,Central
2024-01-23,Shipped,438,27020.00,North
2024-12-29,Shipped,343,40746.00,South
2025-08-19,Shipped,4295,77102.00,East
2024-10-15,Shipped,3200,96139.00,South
2025-06-02,Shipped,1149,59490.00,North
2024-07-11,Shipped,4790,23069.00,South
2024-09-05,Shipped,971,78501.00,Central
2025-07-31,Shipped,1255,88194.00,Central
2024-10-04,Shipped,3431,14260.00,West
2025-07-25,Shipped,1277,64991.00,Central
2026-04-30,Shipped,3208,15102.00,Central
2025-07-09,Shipped,460,47012.00,North
2024-01-11,Shipped,43,98733.00,North
2026-05-22,Shipped,3675,80536.00,Central
2024-09-23,Shipped,3380,77280.00,North
2025-02-17,Shipped,3388,96968.00,Central
2024-01-23,Shipped,1738,17004.00,South
2024-01-02,Shipped,3666,79281.00,West
2026-02-25,Shipped,1906,57168.00,North
2026-03-29,Shipped,3024,98627.00,Central
2025-12-16,Shipped,1434,25141.00,Central
2026-04-18,Shipped,1192,31416.00,West
2024-05-06,Shipped,1731,70980.00,South
2024-02-06,Shipped,4008,3046.00,Central
2024-07-06,Shipped,2717,74709.00,Central
2025-09-04,Shipped,4648,83511.00,Central
2024-07-10,Shipped,885,75627.00,Central
2024-07-20,Shipped,3626,89177.00,East
2024-04-05,Shipped,4472,58623.00,Central
2025-11-20,Shipped,4721,22373.00,North
2024-10-29,Shipped,3227,14669.00,Central
2026-04-04,Shipped,3459,24208.00,North
2025-02-26,Shipped,1727,11139.00,Central
2024-06-26,Shipped,1243,90900.00,Central
2026-03-12,Shipped,1007,78512.00,Central
2024-10-22,Shipped,788,82401.00,Central
2024-08-27,Shipped,1625,12518.00,East
2024-07-10,Shipped,1439,37743.00,Central
2024-11-09,Shipped,2964,70511.00,East
2024-05-09,Shipped,2846,7953.00,South
2024-02-04,Shipped,1128,54671.00,East
2024-07-29,Shipped,848,27248.00,Central
2024-09-07,Shipped,2747,48877.00,North
2024-05-25,Shipped,4711,30263.00,North
2025-03-04,Shipped,2848,57804.00,Central
2026-01-23,Shipped,1457,78745.00,Central
2026-02-15,Shipped,714,17806.00,Central
2024-05-28,Shipped,2328,12101.00,Central
2024-01-27,Shipped,2125,21710.00,Central
2026-03-19,Shipped,1789,74256.00,South
2024-10-11,Shipped,2802,90537.00,North
2025-04-03,Shipped,2382,60536.00,Central
2025-04-03,Shipped,4865,23321.00,Central
2025-10-27,Shipped,1437,69407.00,Central
2024-01-13,Shipped,69,28539.00,Central
2024-04-11,Shipped,1700,13999.00,South
2025-02-11,Shipped,1638,44590.00,Central
2026-02-02,Shipped,1456,40943.00,Central
2024-08-08,Shipped,3256,42554.00,Central
2026-02-26,Shipped,2498,77654.00,Central
2025-12-01,Shipped,724,43073.00,East
2025-03-24,Shipped,2118,65612.00,East
2024-10-09,Shipped,939,92255.00,East
2024-03-17,Shipped,1143,53487.00,Central
2024-04-10,Shipped,4251,91325.00,South
2026-02-16,Shipped,4081,84365.00,East
2026-01-20,Shipped,3373,66268.00,Central
2025-03-06,Shipped,3640,96443.00,West
2024-04-30,Shipped,1715,51026.00,South
2025-12-21,Shipped,1652,3143.00,Central
2024-01-27,Shipped,3219,60722.00,South
2025-09-17,Shipped,2833,69509.00,South
2025-03-04,Shipped,4210,9211.00,West
2026-02-20,Shipped,4549,33742.00,Central
2025-08-25,Shipped,1263,43058.00,West
2025-05-10,Shipped,708,14977.00,North
2025-12-29,Shipped,2948,69709.00,East
2024-01-09,Shipped,4730,71530.00,South
2024-12-22,Shipped,1984,20860.00,South
2024-07-03,Shipped,4906,58971.00,Central
2024-03-14,Shipped,2971,48588.00,Central
2024-09-17,Shipped,195,7443.00,Central
2024-12-08,Shipped,3319,31916.00,West
2025-09-05,Shipped,4056,75895.00,Central
2026-02-20,Shipped,2016,20315.00,Central
2024-03-27,Shipped,2329,58061.00,Central
2024-05-19,Shipped,1005,40414.00,Central
2026-01-15,Shipped,1307,12075.00,West
2024-04-25,Shipped,4806,56919.00,East
2025-06-05,Shipped,3597,30262.00,North
2025-02-16,Shipped,344,23313.00,Central
2025-06-28,Shipped,1351,22739.00,Central
2025-02-15,Shipped,2785,86430.00,East
2025-10-31,Shipped,3608,8934.00,East
2025-10-28,Shipped,2865,21879.00,North
2026-03-22,Shipped,2151,58477.00,South
2024-05-09,Shipped,2899,98567.00,Central
2025-02-10,Shipped,4889,38766.00,Central
2024-04-19,Shipped,1928,72464.00,Central
2025-01-11,Shipped,598,78457.00,North
2024-03-13,Shipped,1519,30470.00,Central
2025-12-08,Shipped,3479,80841.00,East
2024-12-11,Shipped,1401,20470.00,Central
2025-12-28,Shipped,1178,24682.00,West
2025-08-14,Shipped,58,84877.00,Central
2024-08-19,Shipped,4378,17653.00,Central
2025-03-22,Shipped,1476,50031.00,North
2026-01-02,Shipped,4487,22700.00,South
2024-10-02,Shipped,2930,19924.00,North
2025-07-14,Shipped,3706,29815.00,North
2024-07-01,Shipped,2201,7413.00,Central
2025-12-24,Shipped,2155,95290.00,West
2025-11-08,Shipped,1423,72509.00,Central
2024-10-06,Shipped,4321,95631.00,North
2024-08-08,Shipped,3572,38207.00,Central
2026-01-20,Shipped,3586,5707.00,Central
2024-05-20,Shipped,4761,95590.00,North
2024-01-24,Shipped,1982,4594.00,Central
2025-05-25,Shipped,3816,26539.00,North
2025-04-26,Shipped,3831,91584.00,North
2024-08-26,Shipped,2865,37483.00,Central
2026-03-31,Shipped,2706,63621.00,East
2024-09-09,Shipped,1961,253.00,Central
2026-04-22,Shipped,558,92287.00,South
2025-09-11,Shipped,4580,23611.00,South
2025-04-30,Shipped,3353,98939.00,Central
2024-07-20,Shipped,1508,75051.00,Central
2026-03-27,Shipped,1850,95886.00,North
2025-10-25,Shipped,4343,92264.00,West
2025-04-14,Shipped,3547,40784.00,Central
2024-02-11,Shipped,532,40697.00,Central
2025-07-12,Shipped,12,48959.00,West
2024-02-12,Shipped,4527,46364.00,South
2025-10-31,Shipped,575,37530.00,Central
2024-01-12,Shipped,4429,33477.00,North
2024-05-30,Shipped,2852,22105.00,South
2024-01-28,Shipped,1664,22215.00,East
2024-01-16,Shipped,351,88338.00,Central
2026-05-20,Shipped,583,79603.00,North
2025-02-20,Shipped,2325,21527.00,Central
2024-08-21,Shipped,3681,5066.00,West
2025-11-17,Shipped,336,81190.00,Central
2025-06-17,Shipped,4343,17380.00,West
2024-05-27,Shipped,1321,85335.00,North
2024-09-03,Shipped,3553,28789.00,South
2026-04-05,Shipped,816,30636.00,Central
2026-03-28,Shipped,3875,69648.00,Central
2025-05-22,Shipped,710,66179.00,Central
2026-03-21,Shipped,4465,46488.00,North
2024-10-12,Shipped,4111,52185.00,West
2025-04-13,Shipped,4818,11547.00,North
2024-08-06,Shipped,2502,58009.00,West
2024-08-21,Shipped,254,25463.00,Central
2025-12-26,Shipped,980,55025.00,North
2025-05-11,Shipped,4666,2978.00,Central
2025-09-30,Shipped,729,27761.00,East
2024-08-09,Shipped,4998,64341.00,South
2025-09-26,Shipped,2961,16045.00,East
2026-04-01,Shipped,4662,78882.00,Central
2025-09-25,Shipped,2561,76159.00,North
2024-01-02,Shipped,2945,90275.00,Central
2026-04-03,Shipped,4347,95203.00,Central
2024-12-25,Shipped,3507,34183.00,Central
2026-05-23,Shipped,1732,19725.00,North
2024-02-15,Shipped,2079,54354.00,West
2024-10-11,Shipped,4335,24118.00,South
2024-04-05,Shipped,4780,3657.00,South
2024-08-21,Shipped,2001,35293.00,South
2024-05-05,Shipped,945,34772.00,Central
2024-03-20,Shipped,387,90474.00,East
2025-02-11,Shipped,2274,57937.00,South
2026-04-13,Shipped,1203,54889.00,West
2025-08-03,Shipped,1683,9131.00,West
2026-01-06,Shipped,4873,40857.00,Central
2024-01-03,Shipped,3307,24380.00,East
2025-06-08,Shipped,3250,77431.00,North
2025-06-17,Shipped,4791,50312.00,North
2024-05-12,Shipped,107,18595.00,Central
2025-11-14,Shipped,1760,416.00,North
2025-11-05,Shipped,4845,23908.00,Central
2025-10-24,Shipped,1644,86894.00,Central
2026-01-07,Shipped,49,72471.00,East
2026-05-01,Shipped,550,90745.00,West
2024-05-05,Shipped,1042,67179.00,East
2025-11-21,Shipped,2889,18603.00,South
2026-01-09,Shipped,3545,65474.00,East
2025-08-16,Shipped,1547,37994.00,West
2025-08-30,Shipped,3695,60171.00,East
2024-03-24,Shipped,1163,98861.00,East
2024-08-10,Shipped,1991,89650.00,North
2024-08-11,Shipped,937,30014.00,Central
2025-04-17,Shipped,313,70287.00,Central
2025-12-25,Shipped,4639,3844.00,North
2024-11-03,Shipped,642,3920.00,Central
2026-02-07,Shipped,1003,4680.00,West
2025-05-27,Shipped,3507,85026.00,North
2024-02-27,Shipped,2689,58314.00,West
2026-05-26,Shipped,4539,21435.00,South
2025-06-23,Shipped,943,4708.00,Central
2025-03-31,Shipped,374,25324.00,Central
2024-06-30,Shipped,4388,75417.00,South
2025-07-10,Shipped,4529,74338.00,Central
2025-09-18,Shipped,2794,19974.00,East
2024-05-15,Shipped,19,64656.00,Central
2025-10-23,Shipped,352,12899.00,Central
2026-04-17,Shipped,3384,96795.00,West
2024-09-18,Shipped,430,96160.00,East
2024-08-07,Shipped,3094,15188.00,Central
2024-08-26,Shipped,4170,45771.00,South
2025-05-31,Shipped,4086,57673.00,South
2025-10-14,Shipped,3526,78896.00,Central
2026-05-25,Shipped,1290,83021.00,South
2025-05-24,Shipped,1077,76656.00,East
2024-10-07,Shipped,2859,91471.00,Central
2024-03-02,Shipped,2881,73417.00,East
2026-04-22,Shipped,150,1145.00,Central
2025-11-13,Shipped,2508,41410.00,Central
2025-03-09,Shipped,2062,36243.00,West
2026-02-19,Shipped,3689,42866.00,South
2025-09-01,Shipped,2797,7264.00,Central
2026-02-12,Shipped,4797,63520.00,West
2024-10-30,Shipped,3049,76918.00,Central
2025-12-12,Shipped,3697,52594.00,West
2025-02-27,Shipped,2837,79555.00,North
2025-09-29,Shipped,1140,96923.00,North
2024-11-24,Shipped,998,39573.00,South
2024-04-23,Shipped,3850,2370.00,Central
2025-07-10,Shipped,4226,79643.00,Central
2024-07-21,Shipped,4699,13445.00,Central
2024-10-01,Shipped,1205,24027.00,North
2025-02-07,Shipped,783,74532.00,Central
2024-02-02,Shipped,1400,75070.00,East
2025-06-11,Shipped,3405,89163.00,North
2025-02-04,Shipped,4342,70787.00,West
2025-06-17,Shipped,4537,68057.00,Central
2026-01-20,Shipped,2903,24215.00,East
2026-03-27,Shipped,2549,81940.00,South
2024-11-12,Shipped,1605,70957.00,Central
2024-10-28,Shipped,2751,1248.00,South
2024-08-29,Shipped,1246,38510.00,South
2025-03-05,Shipped,400,31688.00,North
2024-04-09,Shipped,875,15456.00,Central
2025-09-04,Shipped,3798,38742.00,Central
2024-02-12,Shipped,4390,74726.00,South
2024-08-07,Shipped,852,35674.00,East
2025-08-29,Shipped,3707,92022.00,Central
2024-10-18,Shipped,3485,62584.00,Central
2024-12-13,Shipped,1893,30881.00,Central
2026-02-22,Shipped,2843,17026.00,Central
2025-05-20,Shipped,4122,81916.00,Central
2025-10-13,Shipped,3075,76601.00,South
2025-08-31,Shipped,899,34042.00,North
2024-12-27,Shipped,1616,83945.00,West
2025-02-20,Shipped,1835,68553.00,Central
2024-03-03,Shipped,3939,87769.00,Central
2025-03-11,Shipped,2895,854.00,South
2025-07-19,Shipped,1743,56767.00,East
2025-04-02,Shipped,786,18272.00,East
2025-07-12,Shipped,2078,90785.00,Central
2025-01-20,Shipped,1347,13443.00,North
2025-08-14,Shipped,4638,47539.00,South
2024-07-19,Shipped,4246,27772.00,West
2024-09-07,Shipped,3471,98930.00,North
2025-07-29,Shipped,115,6190.00,North
2025-07-29,Shipped,3719,67791.00,West
2026-05-16,Shipped,2125,87486.00,East
2024-12-22,Shipped,778,39406.00,Central
2025-08-13,Shipped,4162,36631.00,Central
2024-12-24,Shipped,4970,13436.00,Central
2025-07-21,Shipped,1039,29460.00,West
2024-09-21,Shipped,3915,92222.00,Central
2025-11-22,Shipped,4739,16282.00,Central
2024-08-30,Shipped,2167,94821.00,South
2024-05-14,Shipped,753,22956.00,Central
2025-12-14,Shipped,1238,96690.00,North
2024-10-14,Shipped,2012,49354.00,Central
2025-06-09,Shipped,1339,64170.00,Central
2024-07-23,Shipped,4422,51386.00,West
2025-08-18,Shipped,3149,3962.00,South
2025-03-27,Shipped,2727,59708.00,East
2025-11-05,Shipped,1032,38314.00,South
2024-11-10,Shipped,2250,75364.00,West
2024-05-05,Shipped,3797,46090.00,Central
2024-12-02,Shipped,3328,95763.00,South
2025-10-10,Shipped,4141,7235.00,East
2024-07-28,Shipped,3591,37215.00,South
2025-07-16,Shipped,3431,69338.00,South
2025-01-23,Shipped,4436,83562.00,Central
2025-07-01,Shipped,3431,5829.00,Central
2026-03-29,Shipped,3393,25810.00,North
2025-02-08,Shipped,2528,42185.00,West
2024-04-06,Shipped,1265,77752.00,West
2024-07-14,Shipped,3975,21991.00,East
2025-07-01,Shipped,3535,4418.00,North
2025-05-26,Shipped,3581,60353.00,North
2026-04-03,Shipped,1884,8610.00,North
2024-09-11,Shipped,3628,22773.00,East
2025-11-04,Shipped,1662,34034.00,Central
2025-08-12,Shipped,4277,65093.00,North
2026-02-11,Shipped,1063,87424.00,East
2026-04-29,Shipped,661,48687.00,West
2025-10-12,Shipped,1153,35592.00,West
2025-07-09,Shipped,17,91375.00,Central
2024-01-07,Shipped,140,17299.00,Central
2024-07-04,Shipped,1859,87949.00,Central
2024-01-25,Shipped,3823,28163.00,Central
2025-10-17,Shipped,130,36275.00,South
2024-08-17,Shipped,1847,86093.00,Central
2024-12-30,Shipped,4667,63150.00,North
2025-07-20,Shipped,1206,30820.00,East
2026-03-25,Shipped,2117,7037.00,East
2026-03-27,Shipped,3013,96532.00,West
2025-08-21,Shipped,1098,93738.00,Central
2025-10-21,Shipped,4601,5787.00,Central
2024-09-19,Shipped,4676,77353.00,East
2025-09-06,Shipped,1416,33946.00,East
2025-02-15,Shipped,828,68619.00,North
2026-03-17,Shipped,3335,81933.00,North
2024-12-25,Shipped,812,94833.00,Central
2024-03-26,Shipped,1895,35302.00,Central
2024-07-10,Shipped,1191,52028.00,North
2025-06-12,Shipped,3746,67291.00,Central
2025-04-19,Shipped,2924,27841.00,North
2025-03-13,Shipped,174,96751.00,Central
2025-02-17,Shipped,790,57092.00,North
2026-03-13,Shipped,2185,61920.00,Central
2024-08-24,Shipped,2388,96200.00,West
2025-05-16,Shipped,2224,90917.00,North
2024-03-11,Shipped,2433,11852.00,Central
2024-03-30,Shipped,3667,80037.00,North
2025-06-29,Shipped,1549,41756.00,East
2024-12-19,Shipped,1549,93068.00,Central
2025-12-03,Shipped,4614,30181.00,South
2025-10-15,Shipped,3442,14286.00,South
2025-06-12,Shipped,2766,83963.00,Central
2024-09-24,Shipped,1792,6885.00,Central
2024-05-09,Shipped,3219,26654.00,Central
2024-05-13,Shipped,2845,58258.00,North
2026-04-14,Shipped,2574,35777.00,North
2024-10-17,Shipped,3023,17982.00,Central
2025-06-28,Shipped,212,9019.00,North
2025-11-26,Shipped,4306,54532.00,Central
2024-01-19,Shipped,973,89065.00,Central
2025-08-15,Shipped,1362,26292.00,West
2024-10-09,Shipped,13,76357.00,Central
2026-05-06,Shipped,4008,87110.00,Central
2025-01-24,Shipped,1953,74037.00,East
2024-07-13,Shipped,3245,62307.00,East
2024-02-24,Shipped,4110,13831.00,Central
2024-06-05,Shipped,12,54360.00,Central
2026-01-01,Shipped,4347,40903.00,Central
2026-01-21,Shipped,4562,79313.00,North
2024-03-18,Shipped,359,66558.00,North
2024-02-16,Shipped,114,71307.00,Central
2024-01-01,Shipped,631,37529.00,Central
2024-08-23,Shipped,4429,6050.00,Central
2025-02-11,Shipped,2737,44035.00,East
2026-05-11,Shipped,4778,16795.00,West
2024-01-18,Shipped,1996,60901.00,West
2026-04-10,Shipped,4153,41905.00,North
2024-08-08,Shipped,2215,78615.00,East
2024-01-24,Shipped,811,43939.00,Central
2024-01-22,Shipped,4462,44917.00,Central
2026-04-03,Shipped,1710,84986.00,South
2025-11-24,Shipped,694,25868.00,East
2025-09-13,Shipped,2975,54718.00,Central
2025-11-11,Shipped,2808,38872.00,Central
2024-01-30,Shipped,1863,77965.00,Central
2024-01-06,Shipped,2382,45735.00,West
2026-04-01,Shipped,2140,38805.00,Central
2024-11-19,Shipped,406,53143.00,East
2025-03-02,Shipped,1436,26654.00,North
2024-05-23,Shipped,2339,1136.00,East
2024-03-06,Shipped,2694,75198.00,East
2024-08-27,Shipped,1920,33429.00,Central
2025-09-06,Shipped,446,63987.00,West
2025-03-27,Shipped,4465,18745.00,Central
2026-03-06,Shipped,1990,82434.00,South
2025-04-08,Shipped,3635,44814.00,Central
2025-01-15,Shipped,3410,54668.00,Central
2024-07-22,Shipped,2837,74027.00,Central
2024-02-05,Shipped,3167,48090.00,North
2024-07-09,Shipped,456,91270.00,Central
2025-02-25,Shipped,1068,47921.00,North
2024-05-09,Shipped,166,10839.00,West
2025-10-13,Shipped,3181,27385.00,North
2024-07-08,Shipped,2674,25811.00,North
2024-07-13,Shipped,4408,13504.00,South
2025-11-07,Shipped,3419,52245.00,North
2025-05-23,Shipped,1261,94029.00,South
2025-10-11,Shipped,4876,68966.00,West
2025-10-31,Shipped,4977,88859.00,North
2026-05-26,Shipped,4203,58880.00,East
2024-02-02,Shipped,3564,32575.00,Central
2024-05-13,Shipped,4837,28486.00,North
2026-01-22,Shipped,2429,77180.00,West
2024-09-29,Shipped,480,62622.00,Central
2025-01-03,Shipped,100,4330.00,East
2024-06-04,Shipped,88,67751.00,Central
2024-01-27,Shipped,1200,59589.00,South
2024-11-26,Shipped,3233,1393.00,Central
2026-02-03,Shipped,4629,31414.00,South
2024-03-03,Shipped,926,3973.00,South
2025-02-14,Shipped,4460,61948.00,West
2025-07-30,Shipped,3302,80024.00,Central
2025-12-12,Shipped,3166,70804.00,North
2026-02-16,Shipped,4461,38553.00,West
2026-03-29,Shipped,4096,57238.00,North
2025-06-14,Shipped,3337,30568.00,Central
2024-07-16,Shipped,654,7834.00,Central
2026-01-05,Shipped,1795,92325.00,Central
2026-02-07,Shipped,3634,24676.00,North
2025-01-05,Shipped,4822,79205.00,Central
2026-03-14,Shipped,1596,55481.00,North
2025-02-24,Shipped,996,80397.00,Central
2024-05-29,Shipped,840,23246.00,Central
2026-04-17,Shipped,2199,41707.00,North
2025-11-20,Shipped,2299,5338.00,Central
2024-12-13,Shipped,4469,62978.00,West
2024-10-27,Shipped,3665,7322.00,West
2024-02-06,Shipped,3067,5803.00,Central
2026-03-08,Shipped,4165,82286.00,South
2024-08-25,Shipped,11,31616.00,North
2024-05-05,Shipped,2671,15754.00,Central
2026-04-06,Shipped,4912,45401.00,Central
2025-03-10,Shipped,4523,93930.00,North
2025-08-18,Shipped,3261,90641.00,East
2024-05-29,Shipped,2675,29412.00,North
2024-03-28,Shipped,869,43010.00,South
2025-05-15,Shipped,4019,73016.00,South
2026-03-25,Shipped,2927,2261.00,North
2024-12-28,Shipped,4685,73137.00,South
2024-01-17,Shipped,4718,33458.00,Central
2024-06-01,Shipped,3389,59075.00,North
2025-10-28,Shipped,4,83459.00,Central
2025-05-17,Shipped,4516,22184.00,Central
2024-11-21,Shipped,2343,89430.00,South
2024-07-13,Shipped,1822,66195.00,Central
2024-10-11,Shipped,384,51230.00,Central
2024-02-02,Shipped,365,81602.00,North
2025-04-28,Shipped,4597,22100.00,South
2026-02-11,Shipped,841,14376.00,Central
2026-05-23,Shipped,3921,2072.00,Central
2024-01-12,Shipped,1665,9291.00,North
2025-07-19,Shipped,3608,47836.00,North
2026-02-25,Shipped,1827,45982.00,West
2024-03-31,Shipped,4786,19650.00,Central
2026-03-11,Shipped,4155,10791.00,South
2026-02-21,Shipped,4640,48732.00,South
2024-07-15,Shipped,2124,81961.00,West
2024-11-08,Shipped,4930,6853.00,Central
2026-04-26,Shipped,100,10377.00,North
2025-01-17,Shipped,2321,30312.00,South
2024-04-20,Shipped,1407,80784.00,West
2025-06-20,Shipped,3567,51478.00,South
2026-01-11,Shipped,4985,91386.00,North
2025-05-06,Shipped,4544,11822.00,North
2024-05-26,Shipped,1174,19388.00,West
2025-05-25,Shipped,2709,42638.00,Central
2024-05-26,Shipped,3368,20441.00,East
2026-04-12,Shipped,1298,83378.00,West
2025-01-02,Shipped,4730,44613.00,East
2025-09-16,Shipped,601,91902.00,North
2025-06-25,Shipped,2237,79903.00,East
2024-10-22,Shipped,3657,50684.00,North
2026-01-18,Shipped,635,36444.00,East
2024-01-24,Shipped,4148,18271.00,Central
2024-02-06,Shipped,3252,10084.00,North
2024-09-23,Shipped,643,70515.00,South
2026-03-21,Shipped,4889,90897.00,East
2025-09-09,Shipped,3414,4128.00,Central
2025-08-13,Shipped,1791,43406.00,North
2024-08-22,Shipped,2287,32676.00,North
2024-08-06,Shipped,1862,68003.00,Central
2024-07-11,Shipped,949,36461.00,Central
2024-11-13,Shipped,3464,88253.00,South
2025-10-27,Shipped,2033,44727.00,West
2026-03-16,Shipped,2711,55017.00,Central
2026-01-10,Shipped,218,2591.00,Central
2025-08-04,Shipped,2575,51386.00,Central
2025-09-16,Shipped,1324,63608.00,West
2026-01-24,Shipped,2339,33082.00,East
2024-02-17,Shipped,1949,8674.00,South
2024-03-27,Shipped,146,78642.00,West
2024-04-12,Shipped,1634,66415.00,Central
2024-11-04,Shipped,1619,69127.00,North
2024-12-02,Shipped,737,54623.00,Central
2026-02-20,Shipped,4683,6193.00,North
2024-04-25,Shipped,535,34246.00,Central
2025-01-16,Shipped,3172,71594.00,Central
2025-11-22,Shipped,1064,97202.00,Central
2024-08-25,Shipped,179,89826.00,East
2024-11-16,Shipped,412,30781.00,West
2026-04-30,Shipped,3618,49126.00,North
2024-11-23,Shipped,3942,93435.00,Central
2025-10-27,Shipped,2418,98040.00,Central
2026-02-24,Shipped,800,87937.00,North
2024-01-24,Shipped,2724,85754.00,West
2024-11-13,Shipped,426,15858.00,North
2025-10-29,Shipped,3696,38351.00,North
2025-06-30,Shipped,177,23664.00,Central
2025-12-28,Shipped,736,40058.00,Central
2024-09-20,Shipped,4751,98756.00,Central
2024-01-03,Shipped,355,6479.00,Central
2025-02-15,Shipped,4842,52273.00,Central
2025-05-10,Shipped,910,43741.00,Central
2024-07-11,Shipped,2039,32436.00,Central
2026-05-14,Shipped,3127,5405.00,North
2024-05-05,Shipped,1340,64378.00,Central
2024-08-17,Shipped,2911,47917.00,Central
2024-02-11,Shipped,530,75258.00,South
2026-01-28,Shipped,3548,31304.00,North
2024-02-25,Shipped,2615,93199.00,Central
2025-03-10,Shipped,4429,90005.00,West
2025-12-21,Shipped,2952,15692.00,Central
2024-08-27,Shipped,3433,98657.00,West
2025-01-11,Shipped,1190,66292.00,North
2024-10-11,Shipped,2861,25334.00,Central
2024-02-28,Shipped,101,79084.00,North
2025-11-19,Shipped,3805,12191.00,North
2026-03-18,Shipped,871,19583.00,South
2026-02-23,Shipped,3668,56298.00,South
2024-03-30,Shipped,825,57587.00,Central
2026-01-07,Shipped,3381,46837.00,West
2026-05-21,Shipped,2386,85363.00,Central
2025-12-07,Shipped,2758,15409.00,Central
2024-07-01,Shipped,2088,69698.00,South
2024-06-06,Shipped,1634,23000.00,North
2025-07-24,Shipped,677,24166.00,East
2026-01-11,Shipped,2286,66428.00,North
2024-09-04,Shipped,2304,51378.00,East
2026-05-16,Shipped,4064,10345.00,North
2024-10-28,Shipped,4042,77657.00,Central
2024-06-15,Shipped,4159,86417.00,Central
2025-09-24,Shipped,591,21469.00,East
2026-03-06,Shipped,2558,4145.00,East
2025-01-20,Shipped,328,82817.00,East
2025-09-08,Shipped,4612,56572.00,Central
2026-02-02,Shipped,2598,9245.00,South
2024-07-23,Shipped,2035,25259.00,West
2025-02-12,Shipped,1384,39091.00,North
2025-06-28,Shipped,3921,82659.00,Central
2024-12-18,Shipped,292,31919.00,North
2025-12-28,Shipped,1705,1124.00,Central
2024-12-18,Shipped,649,6042.00,Central
2026-01-17,Shipped,3134,81510.00,West
2024-05-15,Shipped,1750,71411.00,South
2024-01-29,Shipped,3972,83589.00,Central
2024-04-09,Shipped,4841,32364.00,South
2024-11-09,Shipped,4100,64376.00,East
2025-04-15,Shipped,2259,18589.00,East
2025-08-01,Shipped,4486,8647.00,North
2024-08-20,Shipped,2348,98192.00,Central
2025-07-20,Shipped,1965,80552.00,Central
2024-10-02,Shipped,877,86379.00,South
2024-07-07,Shipped,3243,53387.00,North
2025-01-28,Shipped,1165,92700.00,Central
2024-01-19,Shipped,209,73262.00,North
2025-07-07,Shipped,1970,26930.00,East
2025-06-24,Shipped,2124,44706.00,West
2024-11-22,Shipped,2367,83811.00,Central
2025-01-28,Shipped,1256,54449.00,South
2024-01-09,Shipped,428,93127.00,East
2025-06-24,Shipped,3642,70579.00,South
2026-02-07,Shipped,2238,74385.00,Central
2025-07-22,Shipped,3173,11005.00,East
2025-03-28,Shipped,4358,11176.00,East
2024-04-04,Shipped,3556,69039.00,Central
2024-01-09,Shipped,4996,38559.00,North
2025-05-18,Shipped,1556,71723.00,Central
2024-10-25,Shipped,1058,76419.00,Central
2024-11-27,Shipped,2708,24272.00,East
2025-06-22,Shipped,4950,59323.00,North
2024-04-27,Shipped,2780,90167.00,South
2026-01-12,Shipped,427,2872.00,Central
2026-02-15,Shipped,2835,66709.00,East
2024-07-09,Shipped,471,4236.00,Central
2024-03-21,Shipped,1755,72972.00,North
2024-12-14,Shipped,4566,89205.00,South
2024-11-02,Shipped,3876,47264.00,Central
2025-07-18,Shipped,2416,45391.00,Central
2024-04-17,Shipped,3907,77992.00,South
2026-02-06,Shipped,918,69635.00,South
2024-09-28,Shipped,4689,96748.00,South
2026-02-12,Shipped,3394,29250.00,East
2026-04-04,Shipped,3226,46639.00,Central
2025-09-25,Shipped,4230,10207.00,North
2024-01-13,Shipped,808,28744.00,Central
2025-05-04,Shipped,3089,52044.00,Central
2024-03-05,Shipped,3165,16033.00,North
2025-06-11,Shipped,4883,49555.00,South
2024-01-05,Shipped,727,15122.00,South
2025-02-28,Shipped,1668,36808.00,North
2025-04-08,Shipped,2981,48493.00,South
2025-12-28,Shipped,2485,69285.00,Central
2024-02-05,Shipped,1056,24570.00,North
2025-10-15,Shipped,2017,63549.00,West
2025-11-25,Shipped,2258,37704.00,West
2024-01-30,Shipped,4856,27716.00,West
2024-07-30,Shipped,2753,2277.00,North
2026-05-07,Shipped,985,71678.00,Central
2024-06-10,Shipped,3325,74268.00,North
2024-05-14,Shipped,2497,54620.00,North
2025-06-19,Shipped,2465,12461.00,South
2025-11-28,Shipped,1969,45829.00,Central
2024-04-02,Shipped,3929,22951.00,North
2025-10-30,Shipped,1986,69768.00,Central
2025-09-12,Shipped,2902,1917.00,North
2024-12-28,Shipped,2058,46336.00,North
2025-10-27,Shipped,2698,21589.00,East
2025-01-30,Shipped,2982,21459.00,Central
2025-02-07,Shipped,1219,60138.00,South
2025-09-11,Shipped,2408,90926.00,Central
2026-03-08,Shipped,4438,46141.00,North
2024-04-23,Shipped,102,2075.00,Central
2025-06-22,Shipped,818,3767.00,West
2025-12-12,Shipped,632,52981.00,South
2025-05-12,Shipped,905,43901.00,Central
2024-08-28,Shipped,4960,71191.00,East
2025-12-04,Shipped,2189,24452.00,South
2025-07-28,Shipped,4809,60475.00,South
2024-11-24,Shipped,1268,45276.00,Central
2024-01-29,Shipped,2976,29129.00,South
2025-07-16,Shipped,2797,74004.00,East
2026-05-21,Shipped,1450,66244.00,Central
2024-09-06,Shipped,159,87479.00,South
2025-09-07,Shipped,3555,28603.00,Central
2025-07-13,Shipped,1503,3926.00,Central
2025-11-12,Shipped,1458,68771.00,North
2025-11-18,Shipped,2109,73355.00,Central
2024-10-24,Shipped,4678,5653.00,East
2025-04-30,Shipped,4270,61204.00,Central
2025-03-24,Shipped,2363,17148.00,Central
2024-09-14,Shipped,372,44329.00,Central
2025-06-07,Shipped,3758,48268.00,Central
2024-10-18,Shipped,746,86485.00,Central
2024-07-11,Shipped,446,89680.00,South
2024-12-07,Shipped,2711,16719.00,North
2024-07-04,Shipped,1064,39527.00,Central
2025-05-21,Shipped,212,41552.00,North
2024-07-27,Shipped,4662,77188.00,Central
2025-10-04,Shipped,40,19395.00,South
2025-05-03,Shipped,3510,16928.00,Central
2025-05-08,Shipped,106,61524.00,Central
2024-02-03,Shipped,2045,63186.00,North
2024-04-20,Shipped,2541,18233.00,South
2026-04-27,Shipped,4251,57445.00,North
2026-02-04,Shipped,1938,78225.00,East
2026-02-19,Shipped,4629,19099.00,North
2024-11-28,Shipped,517,64497.00,Central
2024-07-29,Shipped,103,25920.00,Central
2024-08-23,Shipped,954,30513.00,Central
2025-06-03,Shipped,3698,91429.00,Central
2025-01-28,Shipped,304,36417.00,North
2025-08-07,Shipped,3743,64257.00,West
2025-10-18,Shipped,1897,52688.00,East
2025-06-27,Shipped,2544,95652.00,Central
2025-05-06,Shipped,1264,59788.00,South
2026-04-28,Shipped,1559,35171.00,East
2024-10-10,Shipped,1988,10398.00,Central
2026-04-12,Shipped,1897,62728.00,Central
2026-05-07,Shipped,2974,98662.00,North
2024-04-24,Shipped,3745,72826.00,South
2025-03-21,Shipped,4479,89266.00,South
2025-06-10,Shipped,4173,35045.00,South
2025-12-07,Shipped,1745,71320.00,East
2026-05-08,Shipped,1584,21703.00,South
2025-09-26,Shipped,2819,4434.00,West
2024-07-02,Shipped,3932,9105.00,Central
2026-05-07,Shipped,2979,3331.00,South
2025-03-20,Shipped,1974,608.00,East
2026-01-14,Shipped,4634,12189.00,Central
2026-04-26,Shipped,981,69324.00,North
2025-05-26,Shipped,2766,98270.00,North
2025-05-17,Shipped,1095,82408.00,Central
2025-08-27,Shipped,3035,8705.00,Central
2025-07-20,Shipped,3619,56849.00,Central
2026-01-10,Shipped,3656,42700.00,Central
2025-10-24,Shipped,4888,24037.00,Central
2024-12-02,Shipped,728,25596.00,West
2024-02-29,Shipped,549,48889.00,North
2026-02-20,Shipped,2253,98824.00,North
2024-02-17,Shipped,3990,44249.00,Central
2025-08-28,Shipped,1252,46286.00,North
2025-09-14,Shipped,3430,32657.00,Central
2024-01-06,Shipped,1062,5306.00,West
2026-01-02,Shipped,1969,51302.00,Central
2025-01-28,Shipped,2334,44687.00,Central
2025-03-08,Shipped,4226,53234.00,Central
2026-03-30,Shipped,1963,88665.00,West
2024-06-08,Shipped,2986,34867.00,South
2025-08-31,Shipped,2387,49900.00,West
2024-05-25,Shipped,4983,67872.00,Central
2025-06-01,Shipped,1312,84712.00,Central
2024-11-27,Shipped,4346,3302.00,Central
2026-04-08,Shipped,2386,32357.00,Central
2024-12-12,Shipped,3851,61510.00,Central
2024-01-16,Shipped,4315,37172.00,Central
2025-08-01,Shipped,4710,62575.00,West
2025-05-04,Shipped,2748,56086.00,South
2025-04-25,Shipped,801,71458.00,East
2024-02-03,Shipped,4444,38118.00,East
2024-03-05,Shipped,61,52791.00,East
2026-04-03,Shipped,2778,14177.00,North
2025-06-07,Shipped,1809,76219.00,North
2024-10-29,Shipped,4761,17364.00,North
2024-10-10,Shipped,2924,46945.00,South
2026-05-24,Shipped,2902,52007.00,Central
2025-12-23,Shipped,1393,38220.00,North
2026-02-12,Shipped,3888,52812.00,South
2025-11-27,Shipped,1812,90300.00,Central
2025-07-19,Shipped,3847,51986.00,East
2024-04-13,Shipped,2367,66943.00,West
2024-04-05,Shipped,683,89836.00,West
2025-02-11,Shipped,1842,5469.00,East
2025-11-30,Shipped,2728,96039.00,Central
2025-03-03,Shipped,2540,19858.00,West
2025-08-29,Shipped,477,8160.00,Central
2026-01-07,Shipped,3253,65647.00,Central
2026-02-12,Shipped,2335,69600.00,South
2025-06-30,Shipped,3708,68223.00,South
2025-07-25,Shipped,1603,56438.00,Central
2025-04-06,Shipped,1886,37509.00,North
2024-02-22,Shipped,1993,34761.00,Central
2025-03-04,Shipped,1670,10569.00,East
2024-12-19,Shipped,2654,81975.00,East
2024-01-31,Shipped,4797,78284.00,North
2025-08-28,Shipped,954,9339.00,South
2025-10-16,Shipped,4599,14504.00,Central
2025-12-14,Shipped,2456,8868.00,East
2024-03-21,Shipped,2577,55280.00,North
2025-08-26,Shipped,639,19816.00,North
2025-02-18,Shipped,3363,22521.00,Central
2024-04-26,Shipped,2396,37636.00,North
2025-01-30,Shipped,4798,92356.00,East
2025-03-13,Shipped,3819,47644.00,Central
2024-10-31,Shipped,2313,48594.00,South
2026-04-22,Shipped,2524,6995.00,East
2025-02-20,Shipped,465,55326.00,Central
2026-04-19,Shipped,735,15106.00,Central
2026-05-17,Shipped,336,48003.00,West
2025-04-09,Shipped,3167,29757.00,Central
2026-01-19,Shipped,3313,41710.00,North
2025-06-07,Shipped,3805,60450.00,East
2025-07-26,Shipped,66,7970.00,South
2024-02-11,Shipped,190,70805.00,Central
2025-07-16,Shipped,2584,73304.00,Central
2024-02-06,Shipped,4889,81498.00,Central
2025-04-10,Shipped,2538,45184.00,Central
2025-01-22,Shipped,4620,70489.00,South
2025-12-15,Shipped,3846,49105.00,Central
2025-12-10,Shipped,683,78192.00,Central
2024-03-10,Shipped,3930,90592.00,East
2025-03-11,Shipped,4525,26175.00,North
2024-01-14,Shipped,1575,16108.00,South
2024-06-21,Shipped,2676,20057.00,South
2024-08-14,Shipped,2054,44590.00,West
2024-05-10,Shipped,4104,36417.00,South
2025-03-25,Shipped,2255,57309.00,West
2026-01-18,Shipped,3572,15913.00,East
2025-09-14,Shipped,651,99069.00,South
2025-02-15,Shipped,2808,11981.00,Central
2025-10-11,Shipped,413,1673.00,Central
2025-04-17,Shipped,1257,4232.00,Central
2024-08-22,Shipped,3970,71958.00,West
2024-09-27,Shipped,3716,76824.00,West
2024-07-21,Shipped,4248,36607.00,West
2025-03-27,Shipped,2156,43361.00,East
2025-03-20,Shipped,432,10565.00,South
2024-10-30,Shipped,1953,54432.00,Central
2024-03-23,Shipped,1602,53474.00,North
2024-01-25,Shipped,2356,56774.00,North
2024-10-12,Shipped,4566,67232.00,North
2024-09-13,Shipped,3997,92333.00,Central
2025-07-21,Shipped,992,94616.00,Central
2024-09-10,Shipped,1022,66379.00,East
2024-04-21,Shipped,4151,29822.00,North
2024-07-17,Shipped,1614,34395.00,Central
2025-07-26,Shipped,2833,85839.00,Central
2024-04-19,Shipped,1618,27832.00,North
2025-11-23,Shipped,1037,43912.00,Central
2024-08-16,Shipped,1886,24027.00,Central
2024-12-16,Shipped,2136,8342.00,Central
2025-02-16,Shipped,1558,62264.00,Central
2024-10-05,Shipped,152,82542.00,East
2024-03-01,Shipped,49,81564.00,South
2025-07-19,Shipped,4050,29651.00,East
2024-04-12,Shipped,2837,89026.00,East
2025-01-25,Shipped,1751,22974.00,North
2025-02-16,Shipped,894,22762.00,East
2024-03-22,Shipped,4053,72049.00,South
2026-04-28,Shipped,2858,58405.00,Central
2025-03-04,Shipped,1588,15561.00,West
2025-11-08,Shipped,3034,87527.00,Central
2026-01-27,Shipped,300,45505.00,Central
2024-08-10,Shipped,2216,84349.00,Central
2026-05-22,Shipped,3682,81727.00,East
2025-10-14,Shipped,4921,48592.00,South
2025-10-13,Shipped,1872,40261.00,Central
2025-06-13,Shipped,2945,37959.00,South
2024-01-17,Shipped,2382,14417.00,South
2024-07-13,Shipped,855,86785.00,North
2024-08-17,Shipped,1220,59473.00,Central
2025-06-26,Shipped,2346,61383.00,East
2024-12-17,Shipped,4472,23190.00,West
2025-07-19,Shipped,2374,47171.00,North
2025-06-21,Shipped,3193,1579.00,Central
2025-03-23,Shipped,4020,89571.00,Central
2025-05-14,Shipped,2570,93988.00,North
2026-04-11,Shipped,1956,73292.00,Central
2024-08-30,Shipped,4186,22026.00,North
2025-07-19,Shipped,2131,74453.00,North
2025-08-23,Shipped,76,27140.00,West
2025-11-30,Shipped,2095,32521.00,Central
2026-03-03,Shipped,4005,77411.00,Central
2025-02-27,Shipped,3931,92342.00,East
2024-05-20,Shipped,1047,50773.00,East
2025-05-17,Shipped,1268,3041.00,Central
2024-07-07,Shipped,3479,60789.00,South
2026-03-24,Shipped,640,5774.00,South
2025-12-28,Shipped,3410,14193.00,Central
2026-04-16,Shipped,1918,88070.00,North
2026-03-18,Shipped,2971,65350.00,Central
2026-03-08,Shipped,1439,63774.00,North
2026-03-14,Shipped,4253,45130.00,Central
2025-07-13,Shipped,795,74783.00,East
2024-09-09,Shipped,2159,33040.00,Central
2026-05-17,Shipped,1807,74618.00,West
2025-01-07,Shipped,4284,86103.00,North
2025-08-22,Shipped,1929,68941.00,Central
2025-06-30,Shipped,4037,60915.00,Central
2024-04-30,Shipped,2627,92723.00,West
2025-01-13,Shipped,1525,79592.00,North
2025-02-22,Shipped,4280,71189.00,Central
2024-01-04,Shipped,560,51432.00,Central
2024-03-19,Shipped,4931,33058.00,Central
2026-02-18,Shipped,4567,14372.00,North
2024-09-13,Shipped,805,36380.00,South
2025-07-13,Shipped,877,27710.00,Central
2025-02-03,Shipped,1854,959.00,Central
2024-01-06,Shipped,1699,9413.00,West
2025-05-26,Shipped,3318,21555.00,Central
2025-11-13,Shipped,1689,95437.00,Central
2024-09-14,Shipped,629,7450.00,Central
2025-12-26,Shipped,236,4358.00,South
2024-03-25,Shipped,350,68344.00,North
2025-12-22,Shipped,3237,3833.00,South
2025-03-24,Shipped,3981,4446.00,West
2025-06-27,Shipped,2075,27585.00,South
2024-04-05,Shipped,1478,90938.00,West
2024-12-10,Shipped,2829,6083.00,North
2025-05-09,Shipped,4780,19035.00,Central
2024-01-07,Shipped,3489,16231.00,East
2025-06-02,Shipped,1776,44210.00,North
2026-05-11,Shipped,4394,27321.00,South
2025-12-30,Shipped,2600,1496.00,Central
2025-05-01,Shipped,1956,43004.00,Central
2025-01-09,Shipped,2753,52821.00,West
2025-09-27,Shipped,2797,46888.00,South
2024-12-23,Shipped,285,59506.00,Central
2025-09-22,Shipped,1420,46694.00,North
2026-02-15,Shipped,2799,88883.00,East
2025-10-26,Shipped,1840,81655.00,Central
2025-03-09,Shipped,2461,78734.00,Central
2025-09-11,Shipped,2887,57505.00,North
2024-05-04,Shipped,2435,96101.00,Central
2025-08-07,Shipped,4036,5842.00,Central
2025-09-08,Shipped,325,97363.00,East
2024-06-27,Shipped,1094,33663.00,Central
2026-01-07,Shipped,1791,68621.00,South
2024-09-13,Shipped,1235,19796.00,Central
2024-11-15,Shipped,3311,66524.00,Central
2025-02-13,Shipped,120,87342.00,Central
2025-11-28,Shipped,1781,85371.00,Central
2024-01-30,Shipped,4218,46580.00,Central
2025-11-04,Shipped,4229,24972.00,South
2024-01-05,Shipped,2576,82147.00,Central
2025-01-05,Shipped,4501,83291.00,Central
2024-09-21,Shipped,1885,91193.00,North
2025-02-24,Shipped,3104,16890.00,South
2026-05-10,Shipped,2988,60005.00,Central
2026-02-26,Shipped,2833,23102.00,Central
2025-11-06,Shipped,4159,62869.00,Central
2024-04-19,Shipped,3504,42344.00,Central
2025-01-12,Shipped,4665,92274.00,North
2025-08-18,Shipped,4410,74258.00,East
2025-12-19,Shipped,4055,17144.00,North
2024-06-11,Shipped,42,2057.00,North
2024-08-09,Shipped,1159,39539.00,East
2024-01-16,Shipped,2812,8104.00,Central
2025-05-27,Shipped,2020,82977.00,West
2025-02-02,Shipped,4319,76732.00,South
2025-08-28,Shipped,3686,32449.00,Central
2025-09-26,Shipped,567,30363.00,South
2024-08-13,Shipped,4686,717.00,East
2026-03-07,Shipped,2453,20031.00,North
2025-08-06,Shipped,3953,69448.00,Central
2024-08-29,Shipped,2067,16724.00,East
2025-07-11,Shipped,4444,46204.00,Central
2025-10-18,Shipped,1805,59332.00,East
2024-09-30,Shipped,1389,201.00,North
2026-04-23,Shipped,2506,50110.00,South
2024-08-28,Shipped,2001,50752.00,North
2024-02-26,Shipped,133,73314.00,Central
2024-06-04,Shipped,315,6571.00,West
2024-07-16,Shipped,1361,49504.00,Central
2024-08-29,Shipped,4094,60047.00,Central
2025-07-11,Shipped,4003,61893.00,Central
2024-05-17,Shipped,1161,6687.00,Central
2024-02-24,Shipped,4421,47281.00,Central
2026-01-22,Shipped,958,74697.00,Central
2026-01-28,Shipped,2413,20593.00,West
2025-09-13,Shipped,1844,67804.00,East
2024-04-15,Shipped,2019,46676.00,West
2024-12-29,Shipped,1595,95781.00,Central
2024-05-23,Shipped,1395,46369.00,North
2025-12-27,Shipped,4579,24619.00,East
2025-11-10,Shipped,327,46440.00,Central
2025-09-15,Shipped,3509,56424.00,North
2025-11-13,Shipped,2335,71899.00,Central
2026-01-06,Shipped,3743,31628.00,West
2026-01-11,Shipped,873,62186.00,South
2024-12-23,Shipped,2602,26654.00,East
2024-04-24,Shipped,3186,33944.00,Central
2024-06-06,Shipped,762,62438.00,East
2026-01-05,Shipped,3223,91504.00,Central
2025-12-16,Shipped,3189,25835.00,North
2025-12-23,Shipped,2928,907.00,Central
2025-09-22,Shipped,3376,61826.00,Central
2024-05-07,Shipped,3248,53835.00,North
2025-06-19,Shipped,3287,7471.00,Central
2025-03-26,Shipped,4185,59241.00,South
2024-02-24,Shipped,1336,33734.00,South
2024-06-26,Shipped,1762,70395.00,Central
2024-07-08,Shipped,2929,82263.00,South
2024-03-04,Shipped,1468,88489.00,Central
2024-03-13,Shipped,4836,47565.00,South
2024-12-06,Shipped,4351,36890.00,Central
2026-05-17,Shipped,900,72258.00,West
2024-07-07,Shipped,943,51526.00,South
2025-02-01,Shipped,214,90385.00,Central
2024-12-21,Shipped,1915,63214.00,North
2025-01-22,Shipped,1470,89714.00,North
2024-06-06,Shipped,2742,99065.00,Central
2024-03-10,Shipped,3091,40634.00,Central
2025-11-24,Shipped,1848,674.00,West
2024-08-30,Shipped,4166,64634.00,Central
2024-06-28,Shipped,4118,58526.00,West
2025-11-02,Shipped,2132,28717.00,West
2025-09-29,Shipped,3330,6146.00,North
2026-04-28,Shipped,3225,74628.00,East
2025-11-14,Shipped,3135,38846.00,Central
2025-07-25,Shipped,3731,32420.00,West
2024-07-28,Shipped,3430,75714.00,Central
2025-10-31,Shipped,3760,40917.00,South
2026-04-24,Shipped,997,15880.00,North
2024-12-06,Shipped,2003,90448.00,North
2024-09-25,Shipped,1310,42736.00,East
2024-07-15,Shipped,1542,4516.00,East
2024-10-24,Shipped,1021,8017.00,Central
2024-06-14,Shipped,1296,46240.00,Central
2026-04-27,Shipped,638,57278.00,Central
2025-09-06,Shipped,311,54180.00,Central
2025-10-28,Shipped,1028,95890.00,Central
2024-09-29,Shipped,283,4565.00,Central
2024-08-02,Shipped,1609,37908.00,West
2024-11-24,Shipped,667,35805.00,Central
2025-06-20,Shipped,1135,13092.00,Central
2024-07-13,Shipped,2954,98878.00,Central
2025-04-26,Shipped,3906,4505.00,Central
2025-10-07,Shipped,3066,83315.00,North
2025-09-10,Shipped,2541,17084.00,Central
2025-05-15,Shipped,3501,42750.00,Central
2026-02-19,Shipped,1343,40342.00,North
2025-11-08,Shipped,763,97697.00,North
2025-10-25,Shipped,1584,74401.00,North
2024-05-26,Shipped,4439,72952.00,North
2025-02-18,Shipped,1251,6629.00,Central
2025-01-12,Shipped,2573,11715.00,West
2024-12-25,Shipped,425,66156.00,North
2024-10-22,Shipped,4778,19211.00,Central
2025-08-15,Shipped,3963,57176.00,East
2024-06-20,Shipped,2042,81659.00,South
2025-05-24,Shipped,2671,80823.00,Central
2024-12-31,Shipped,451,22120.00,Central
2024-10-17,Shipped,1447,42290.00,Central
2025-02-01,Shipped,594,16057.00,Central
2025-09-07,Shipped,4009,31103.00,Central
2024-08-11,Shipped,603,49455.00,South
2024-02-08,Shipped,693,37764.00,Central
2025-10-27,Shipped,3542,66811.00,Central
2025-08-23,Shipped,3894,62527.00,South
2026-05-24,Shipped,1216,33761.00,North
2026-02-22,Shipped,1996,44401.00,West
2025-02-06,Shipped,320,35091.00,North
2024-07-12,Shipped,1947,55966.00,Central
2024-02-04,Shipped,1686,1199.00,Central
2025-11-26,Shipped,3636,84357.00,East
2025-11-29,Shipped,4030,89118.00,Central
2025-07-12,Shipped,4862,84910.00,Central
2025-09-01,Shipped,176,28987.00,South
2024-11-03,Shipped,1933,14210.00,South
2025-01-30,Shipped,2427,73599.00,North
2025-04-13,Shipped,4897,71800.00,West
2024-02-12,Shipped,2058,92268.00,Central
2026-01-30,Shipped,3245,88731.00,Central
2025-10-08,Shipped,2630,14169.00,North
2025-12-09,Shipped,3350,97805.00,North
2024-03-30,Shipped,842,71568.00,Central
2024-03-19,Shipped,1878,81290.00,Central
2025-05-23,Shipped,4509,91902.00,South
2025-05-02,Shipped,3556,24571.00,Central
2026-01-18,Shipped,2822,4498.00,East
2025-12-09,Shipped,4242,9319.00,North
2024-03-07,Shipped,4173,50711.00,West
2024-03-26,Shipped,3569,21766.00,North
2024-08-21,Shipped,4599,58611.00,Central
2026-04-02,Shipped,2719,37707.00,North
2024-04-18,Shipped,729,92646.00,West
2026-03-09,Shipped,3460,36823.00,Central
2024-02-27,Shipped,1369,52362.00,Central
2025-01-16,Shipped,2691,59726.00,North
2025-02-28,Shipped,2882,19132.00,Central
2024-12-03,Shipped,1624,46245.00,Central
2025-01-25,Shipped,831,74387.00,Central
2025-07-04,Shipped,1584,49086.00,South
2026-05-15,Shipped,4586,25675.00,North
2024-10-23,Shipped,1940,22920.00,Central
2025-03-11,Shipped,3324,89617.00,West
2024-06-06,Shipped,961,86668.00,Central
2025-01-28,Shipped,1181,22487.00,South
2024-01-29,Shipped,4593,59217.00,South
2025-12-18,Shipped,1722,7094.00,Central
2026-03-24,Shipped,1244,4386.00,North
2024-05-11,Shipped,4666,70218.00,Central
2025-10-30,Shipped,3535,17398.00,West
2025-03-17,Shipped,4286,46099.00,Central
2024-01-28,Shipped,3375,83088.00,Central
2025-07-17,Shipped,2260,33484.00,West
2026-04-01,Shipped,1101,34988.00,South
2024-10-24,Shipped,4783,31102.00,Central
2025-08-23,Shipped,2429,32104.00,Central
2026-01-22,Shipped,49,27267.00,East
2025-11-08,Shipped,268,76791.00,North
2024-10-08,Shipped,2656,3801.00,Central
2025-12-17,Shipped,909,77059.00,Central
2025-10-06,Shipped,3880,42916.00,South
2024-02-08,Shipped,4293,67950.00,Central
2025-12-01,Shipped,4983,85483.00,South
2024-01-27,Shipped,735,6264.00,Central
2024-10-02,Shipped,682,39199.00,Central
2025-04-10,Shipped,875,26469.00,Central
2024-08-20,Shipped,1793,75916.00,South
2024-02-16,Shipped,1326,50770.00,West
2025-04-12,Shipped,2589,84825.00,Central
2024-04-02,Shipped,1424,49674.00,East
2025-07-22,Shipped,3451,51397.00,Central
2025-03-05,Shipped,844,61816.00,South
2025-09-15,Shipped,2254,31359.00,West
2024-01-21,Shipped,3626,40027.00,Central
2024-05-27,Shipped,838,46174.00,Central
2026-05-26,Shipped,2341,76746.00,East
2026-03-18,Shipped,3989,74210.00,West
2025-07-05,Shipped,4899,91914.00,North
2025-04-03,Shipped,735,72068.00,Central
2024-06-07,Shipped,4813,73517.00,West
2025-03-11,Shipped,1677,57368.00,West
2025-09-14,Shipped,2908,25921.00,Central
2024-03-10,Shipped,2149,32470.00,Central
2024-07-15,Shipped,4223,62959.00,West
2026-01-26,Shipped,916,36187.00,Central
2024-02-07,Shipped,1954,79454.00,South
2024-09-01,Shipped,4775,26886.00,Central
2026-04-04,Shipped,562,16522.00,North
2025-05-19,Shipped,1272,93497.00,Central
2025-05-11,Shipped,857,63303.00,West
2024-10-17,Shipped,2075,80842.00,West
2026-03-01,Shipped,4477,78108.00,Central
2024-12-29,Shipped,44,80932.00,East
2024-12-24,Shipped,2217,64563.00,South
2024-06-19,Shipped,4901,32784.00,Central
2024-09-13,Shipped,4315,73016.00,North
2024-03-26,Shipped,1965,92841.00,South
2024-01-22,Shipped,667,52731.00,South
2026-05-09,Shipped,4633,5651.00,Central
2026-02-26,Shipped,3513,53980.00,North
2024-03-15,Shipped,4749,12899.00,North
2025-06-21,Shipped,3556,3133.00,Central
2024-01-19,Shipped,3038,1738.00,South
2024-08-06,Shipped,1655,7964.00,Central
2025-08-18,Shipped,1162,64583.00,South
2024-04-12,Shipped,1490,17014.00,North
2024-03-31,Shipped,25,69703.00,Central
2025-10-04,Shipped,61,19071.00,South
2026-01-14,Shipped,3622,84811.00,East
2026-02-12,Shipped,965,39400.00,North
2024-10-20,Shipped,797,59745.00,Central
2026-04-12,Shipped,888,97089.00,East
2024-10-04,Shipped,2415,7054.00,Central
2025-01-04,Shipped,4281,61234.00,Central
2025-10-12,Shipped,3322,63923.00,North
2026-02-17,Shipped,1937,39262.00,Central
2026-01-30,Shipped,119,14978.00,East
2024-10-31,Shipped,1437,23523.00,West
2024-11-20,Shipped,2642,32492.00,Central
2024-12-22,Shipped,1072,49412.00,Central
2025-11-14,Shipped,2813,86166.00,Central
2025-12-08,Shipped,4817,26277.00,Central
2024-05-27,Shipped,812,57568.00,South
2026-03-02,Shipped,3436,70019.00,Central
2026-02-10,Shipped,4636,62828.00,Central
2025-01-08,Shipped,2407,3689.00,Central
2024-12-30,Shipped,3690,97905.00,Central
2024-04-07,Shipped,112,54529.00,North
2025-04-18,Shipped,1990,27552.00,West
2025-08-07,Shipped,4942,32708.00,South
2024-12-10,Shipped,4815,85304.00,Central
2026-03-22,Shipped,4126,16696.00,North
2025-09-12,Shipped,4164,61835.00,Central
2025-08-06,Shipped,466,84323.00,Central
2025-05-14,Shipped,998,51837.00,South
2024-11-01,Shipped,1729,48868.00,West
2025-06-10,Shipped,3010,67138.00,South
2024-11-13,Shipped,3502,76337.00,South
2024-04-27,Shipped,4639,65133.00,West
2024-06-08,Shipped,2793,26420.00,West
2024-12-22,Shipped,1948,12224.00,South
2024-06-28,Shipped,137,6436.00,South
2024-07-21,Shipped,4410,87983.00,North
2026-02-20,Shipped,651,78899.00,Central
2025-07-01,Shipped,1368,22630.00,South
2025-04-08,Shipped,409,4349.00,Central
2025-10-05,Shipped,3308,54115.00,South
2025-02-10,Shipped,296,53846.00,East
2024-09-10,Shipped,3323,89995.00,South
2025-01-13,Shipped,3221,30914.00,Central
2024-03-22,Shipped,4667,2587.00,Central
2026-01-08,Shipped,1433,51015.00,East
2024-09-14,Shipped,1776,90536.00,Central
2026-03-01,Shipped,4127,75399.00,Central
2024-01-28,Shipped,2438,51776.00,North
2024-08-28,Shipped,4715,38423.00,Central
2025-01-15,Shipped,3761,98273.00,West
2025-01-06,Shipped,1835,70036.00,North
2026-05-12,Shipped,2029,48938.00,East
2026-02-25,Shipped,165,25058.00,North
2025-07-12,Shipped,2834,35013.00,Central
2025-09-01,Shipped,4204,52427.00,Central
2024-11-11,Shipped,2865,49708.00,Central
2026-01-20,Shipped,1272,47651.00,Central
2025-10-13,Shipped,1325,61216.00,North
2024-09-07,Shipped,3552,89271.00,South
2025-10-27,Shipped,2085,22109.00,West
2026-05-07,Shipped,3799,728.00,South
2026-03-06,Shipped,2109,20960.00,Central
2024-10-22,Shipped,156,95729.00,East
2025-06-23,Shipped,2058,64875.00,South
2025-01-03,Shipped,4012,27642.00,East
2024-05-17,Shipped,1316,95033.00,North
2024-05-06,Shipped,197,34291.00,Central
2024-10-16,Shipped,4632,14632.00,South
2024-02-22,Shipped,3938,77663.00,Central
2025-03-03,Shipped,332,19210.00,Central
2024-07-19,Shipped,2417,93165.00,North
2025-04-25,Shipped,1114,52526.00,South
2024-06-25,Shipped,3174,83549.00,East
2025-08-13,Shipped,1200,18972.00,East
2024-11-05,Shipped,2993,26575.00,Central
2024-06-11,Shipped,188,90430.00,North
2025-08-06,Shipped,4597,48550.00,North
2025-07-11,Shipped,749,19514.00,Central
2024-11-10,Shipped,2627,19022.00,Central
2025-12-14,Shipped,213,9476.00,Central
2026-03-12,Shipped,4630,53922.00,Central
2025-10-21,Shipped,702,1692.00,East
2024-04-26,Shipped,188,77106.00,North
2025-06-30,Shipped,3174,38093.00,West
2025-10-25,Shipped,4089,97127.00,South
2024-01-08,Shipped,3489,87083.00,Central
2025-12-09,Shipped,4693,98065.00,South
2024-03-19,Shipped,3132,52435.00,Central
2024-01-03,Shipped,4719,29541.00,West
2025-03-02,Shipped,2332,32992.00,West
2024-08-29,Shipped,3112,44909.00,Central
2026-05-17,Shipped,1035,36010.00,Central
2026-03-29,Shipped,1737,58961.00,Central
2026-05-24,Shipped,3254,27268.00,West
2026-02-05,Shipped,1760,45234.00,North
2024-03-13,Shipped,1201,19069.00,Central
2024-03-06,Shipped,3947,22879.00,North
2024-06-29,Shipped,328,61107.00,North
2026-05-25,Shipped,3106,7638.00,Central
2024-03-03,Shipped,2746,79008.00,Central
2024-07-26,Shipped,3381,26540.00,Central
2026-05-26,Shipped,4940,13829.00,Central
2025-02-17,Shipped,1674,84288.00,South
2024-03-03,Shipped,1491,5207.00,Central
2024-11-01,Shipped,4833,21688.00,West
2025-12-01,Shipped,784,71134.00,North
2025-10-05,Shipped,4486,89155.00,East
2024-07-02,Shipped,3560,52405.00,West
2025-08-01,Shipped,4271,39188.00,North
2024-02-11,Shipped,70,94207.00,Central
2024-05-27,Shipped,4971,76774.00,Central
2024-05-14,Shipped,1266,2663.00,Central
2026-04-23,Shipped,3191,30806.00,North
2025-04-08,Shipped,2109,24288.00,Central
2024-01-28,Shipped,437,14495.00,North
2025-11-22,Shipped,4274,47886.00,West
2024-02-16,Shipped,3107,90214.00,East
2025-10-20,Shipped,1936,92790.00,North
2025-05-31,Shipped,3023,19079.00,Central
2024-08-28,Shipped,3270,64758.00,North
2025-09-04,Shipped,3198,18638.00,Central
2024-04-08,Shipped,1364,97259.00,South
2024-01-31,Shipped,809,91595.00,Central
2025-12-05,Shipped,2501,97646.00,North
2025-09-21,Shipped,3763,59892.00,Central
2025-07-03,Shipped,3084,98512.00,Central
2025-08-12,Shipped,2250,3006.00,South
2025-03-30,Shipped,970,48133.00,South
2025-02-23,Shipped,3201,26972.00,East
2024-10-09,Shipped,2204,10442.00,Central
2025-04-14,Shipped,1101,85780.00,North
2025-07-13,Shipped,2054,5880.00,Central
2024-06-26,Shipped,3476,50252.00,East
2026-03-23,Shipped,4595,49944.00,East
2024-03-18,Shipped,4026,20105.00,Central
2025-11-09,Shipped,1511,8470.00,Central
2024-03-11,Shipped,3264,45981.00,North
2025-07-19,Shipped,818,38634.00,West
2026-04-05,Shipped,4711,39411.00,North
2025-04-05,Shipped,2320,89370.00,North
2024-11-21,Shipped,4809,75926.00,South
2025-07-03,Shipped,2188,12870.00,South
2026-02-17,Shipped,2979,85992.00,East
2024-12-08,Shipped,3779,77266.00,East
2024-01-22,Shipped,1383,83727.00,Central
2026-01-23,Shipped,3610,21078.00,Central
2024-02-05,Shipped,1423,14133.00,West
2026-03-15,Shipped,629,41277.00,Central
2026-03-24,Shipped,4477,46793.00,Central
2024-02-19,Shipped,1934,15029.00,South
2025-02-16,Shipped,2127,88698.00,Central
2025-11-19,Shipped,1736,77712.00,South
2026-04-14,Shipped,4153,73014.00,South
2025-12-12,Shipped,926,98367.00,West
2025-07-03,Shipped,4509,38943.00,Central
2025-08-12,Shipped,1585,42297.00,South
2025-06-21,Shipped,544,4145.00,South
2024-08-16,Shipped,4766,30770.00,South
2025-07-12,Shipped,2150,9114.00,Central
2025-04-20,Shipped,1740,575.00,North
2026-04-20,Shipped,4282,24374.00,Central
2024-06-19,Shipped,3218,80043.00,Central
2024-12-04,Shipped,814,11224.00,Central
2025-05-07,Shipped,3062,22286.00,North
2026-05-26,Shipped,1422,79895.00,North
2025-05-23,Shipped,1164,42060.00,West
2024-06-12,Shipped,2153,12787.00,Central
2024-02-28,Shipped,1630,44665.00,North
2024-03-31,Shipped,2195,53245.00,West
2025-03-20,Shipped,939,84831.00,Central
2025-10-04,Shipped,4042,21991.00,East
2026-01-26,Shipped,4838,60350.00,Central
2024-03-23,Shipped,818,84467.00,Central
2024-10-30,Shipped,3401,33284.00,Central
2024-09-07,Shipped,2376,6168.00,Central
2025-11-13,Shipped,2422,57254.00,Central
2025-04-29,Shipped,4716,8280.00,Central
2024-06-20,Shipped,624,12485.00,East
2024-09-20,Shipped,1515,36520.00,West
2026-02-10,Shipped,2009,29952.00,East
2025-11-13,Shipped,4163,38213.00,East
2025-08-24,Shipped,3506,80977.00,Central
2024-12-19,Shipped,4298,63302.00,East
2026-01-17,Shipped,2771,7777.00,North
2024-11-16,Shipped,2336,38738.00,East
2025-07-06,Shipped,481,37350.00,Central
2025-10-19,Shipped,3222,77790.00,North
2025-02-02,Shipped,3055,24038.00,Central
2024-04-05,Shipped,3677,54945.00,Central
2024-02-22,Shipped,346,16568.00,Central
2024-05-13,Shipped,4577,52161.00,North
2026-04-10,Shipped,4351,48913.00,West
2024-01-04,Shipped,2784,58295.00,South
2025-09-21,Shipped,4858,71503.00,Central
2026-04-22,Shipped,2087,83278.00,East
2024-11-12,Shipped,3659,15043.00,East
2024-10-16,Shipped,4933,70244.00,South
2025-04-22,Shipped,3436,10162.00,West
2024-12-11,Shipped,1123,76574.00,East
2026-01-21,Shipped,443,92182.00,East
2025-01-21,Shipped,496,47624.00,South
2024-02-13,Shipped,2557,30298.00,South
2026-01-24,Shipped,74,81623.00,Central
2024-11-16,Shipped,2941,75690.00,West
2026-02-10,Shipped,480,9447.00,South
2024-03-27,Shipped,1117,77030.00,North
2026-02-27,Shipped,1442,56165.00,Central
2024-07-06,Shipped,3513,31026.00,North
2025-03-09,Shipped,2292,69020.00,Central
2024-09-19,Shipped,4641,45066.00,East
2025-02-20,Shipped,1074,42855.00,East
2025-12-20,Shipped,160,14862.00,Central
2025-08-12,Shipped,3883,73219.00,East
2025-08-22,Shipped,24,80297.00,South
2025-03-31,Shipped,467,85496.00,North
2026-03-19,Shipped,1588,56688.00,Central
2025-07-31,Shipped,3033,61213.00,North
2024-06-06,Shipped,4624,12564.00,North
2024-03-12,Shipped,4747,37631.00,Central
2025-04-06,Shipped,4633,20657.00,North
2025-07-16,Shipped,3127,30110.00,North
2025-06-22,Shipped,632,9684.00,Central
2024-02-06,Shipped,1192,72208.00,North
2024-09-05,Shipped,619,53263.00,North
2025-04-18,Shipped,218,41396.00,East
2024-06-14,Shipped,1551,64170.00,West
2024-07-01,Shipped,395,20612.00,East
2024-05-21,Shipped,4810,78840.00,Central
2025-06-27,Shipped,4898,77480.00,West
2026-01-03,Shipped,295,67279.00,North
2025-04-03,Shipped,2756,87981.00,Central
2025-06-09,Shipped,4019,73958.00,North
2024-04-23,Shipped,3381,66463.00,Central
2024-09-25,Shipped,3222,29633.00,North
2024-12-25,Shipped,4374,71027.00,South
2024-08-28,Shipped,448,42603.00,South
2025-11-15,Shipped,2005,44669.00,North
2025-03-13,Shipped,4841,66123.00,Central
2024-09-26,Shipped,597,62765.00,North
2026-01-19,Shipped,1418,95331.00,Central
2024-01-07,Shipped,999,49984.00,Central
2025-07-18,Shipped,4658,43814.00,North
2026-01-22,Shipped,4919,17518.00,North
2024-01-18,Shipped,985,49286.00,East
2024-06-12,Shipped,2688,29580.00,Central
2025-04-04,Shipped,4233,31007.00,South
2025-09-29,Shipped,543,85954.00,Central
2026-03-29,Shipped,90,45751.00,Central
2026-04-18,Shipped,3001,96553.00,Central
2024-02-15,Shipped,4813,37304.00,South
2025-08-12,Shipped,3163,83840.00,North
2025-05-18,Shipped,1756,6263.00,East
2024-12-22,Shipped,4182,88396.00,North
2026-04-16,Shipped,992,26452.00,Central
2026-05-09,Shipped,2940,68186.00,North
2026-05-09,Shipped,3010,88150.00,Central
2026-04-22,Shipped,3384,31306.00,East
2024-07-20,Shipped,1968,79987.00,Central
2025-03-08,Shipped,1158,7074.00,Central
2025-06-30,Shipped,2008,2890.00,East
2026-01-14,Shipped,4983,37840.00,West
2026-04-05,Shipped,3619,864.00,Central
2024-03-04,Shipped,1487,69436.00,Central
2025-12-08,Shipped,4758,61678.00,Central
2025-07-05,Shipped,1688,71882.00,East
2026-01-26,Shipped,1026,49205.00,Central
2026-02-15,Shipped,4267,18114.00,South
2025-10-31,Shipped,2695,12758.00,West
2025-08-08,Shipped,4652,60721.00,Central
2024-08-14,Shipped,4454,71243.00,Central
2024-04-10,Shipped,3499,37632.00,South
2026-05-24,Shipped,112,77826.00,Central
2024-07-21,Shipped,2851,32884.00,Central
2024-12-27,Shipped,4971,35750.00,South
2024-01-27,Shipped,434,64211.00,East
2026-04-20,Shipped,2077,264.00,East
2024-10-29,Shipped,1188,20589.00,South
2024-01-13,Shipped,555,8171.00,Central
2025-11-06,Shipped,1365,7611.00,Central
2025-07-28,Shipped,2852,91343.00,Central
2026-04-20,Shipped,2619,37786.00,South
2025-04-27,Shipped,4080,88018.00,South
2025-11-30,Shipped,93,22168.00,South
2025-06-11,Shipped,310,64342.00,East
2024-08-28,Shipped,112,24727.00,West
2024-01-19,Shipped,2576,67368.00,Central
2026-05-04,Shipped,3309,69586.00,Central
2025-12-24,Shipped,4606,20117.00,South
2024-01-11,Shipped,2851,71674.00,Central
2025-06-03,Shipped,919,79310.00,Central
2024-10-03,Shipped,4976,56954.00,Central
2025-04-27,Shipped,2259,50465.00,South
2026-05-05,Shipped,1234,66582.00,Central
2024-10-21,Shipped,4658,20255.00,Central
2024-10-15,Shipped,217,48523.00,Central
2025-04-15,Shipped,2752,47619.00,Central
2024-12-12,Shipped,3786,75028.00,North
2026-01-26,Shipped,3319,67836.00,East
2025-05-29,Shipped,4439,41862.00,South
2024-03-18,Shipped,4834,65366.00,South
2024-09-11,Shipped,1968,74745.00,Central
2024-01-23,Shipped,1904,46792.00,South
2024-01-13,Shipped,4841,37039.00,Central
2025-05-22,Shipped,2911,24864.00,South
2026-05-06,Shipped,2356,32938.00,North
2025-06-27,Shipped,3706,44084.00,North
2025-03-25,Shipped,3309,80852.00,North
2025-07-08,Shipped,3778,85372.00,Central
2026-02-06,Shipped,773,41161.00,Central
2024-02-02,Shipped,4568,73483.00,South
2025-06-17,Shipped,419,18290.00,South
2026-04-13,Shipped,3994,74977.00,North
2025-05-27,Shipped,1562,4534.00,Central
2025-07-11,Shipped,747,55593.00,South
2025-06-22,Shipped,1689,42059.00,Central
2024-11-29,Shipped,2851,78551.00,South
2025-08-18,Shipped,546,63941.00,South
2025-10-10,Shipped,278,66644.00,West
2024-01-08,Shipped,2651,93766.00,South
2025-11-15,Shipped,2678,32128.00,South
2024-01-27,Shipped,3989,61165.00,Central
2026-05-24,Shipped,4418,31757.00,Central
2025-07-06,Shipped,4243,24780.00,East
2024-06-04,Shipped,2588,39440.00,Central
2024-06-17,Shipped,2,16776.00,West
2025-11-04,Shipped,3028,56569.00,Central
2024-07-14,Shipped,354,33752.00,South
2025-10-10,Shipped,3684,72065.00,Central
2025-03-13,Shipped,1083,81887.00,North
2024-11-26,Shipped,4439,80518.00,North
2025-02-02,Shipped,3167,98148.00,South
2025-05-10,Shipped,2824,13880.00,North
2025-10-28,Shipped,3796,47836.00,South
2024-06-19,Shipped,823,3594.00,South
2025-10-13,Shipped,3824,73120.00,South
2025-07-16,Shipped,2656,46730.00,South
2026-05-01,Shipped,4229,91048.00,North
2026-04-05,Shipped,4131,62594.00,South
2024-07-30,Shipped,4590,94246.00,West
2024-08-11,Shipped,3470,43595.00,West
2025-06-11,Shipped,2502,26808.00,Central
2024-08-12,Shipped,2167,9992.00,East
2024-06-30,Shipped,437,76684.00,South
2026-03-08,Shipped,3362,70372.00,Central
2026-05-03,Shipped,4339,1449.00,West
2025-06-05,Shipped,3433,32768.00,Central
2025-05-21,Shipped,3643,87431.00,North
2026-05-15,Shipped,4069,37915.00,Central
2024-01-21,Shipped,3403,15329.00,North
2025-10-17,Shipped,3903,24478.00,Central
2025-01-23,Shipped,4895,7743.00,West
2024-04-08,Shipped,3787,38354.00,Central
2024-02-08,Shipped,2074,5913.00,Central
2024-05-17,Shipped,4889,28982.00,North
2024-07-08,Shipped,3063,97600.00,South
2025-03-18,Shipped,1101,42754.00,East
2025-07-28,Shipped,1772,74685.00,North
2024-01-18,Shipped,1778,30544.00,West
2025-05-04,Shipped,3933,98329.00,Central
2024-04-24,Shipped,131,66164.00,South
2024-06-22,Shipped,4139,83234.00,North
2025-07-28,Shipped,2081,52965.00,South
2024-09-12,Shipped,1710,75207.00,South
2024-03-15,Shipped,4856,50725.00,Central
2025-05-30,Shipped,1123,67641.00,South
2025-04-30,Shipped,719,44546.00,North
2025-10-22,Shipped,3725,33002.00,Central
2025-03-18,Shipped,2916,10711.00,North
2025-10-21,Shipped,2256,67148.00,Central
2025-10-19,Shipped,2770,35800.00,South
2024-01-30,Shipped,2799,48111.00,Central
2024-12-18,Shipped,1527,77232.00,West
2025-09-07,Shipped,1323,79565.00,South
2025-08-27,Shipped,2033,21510.00,Central
2025-11-11,Shipped,4514,76879.00,Central
2026-02-02,Shipped,4497,46454.00,North
2026-01-18,Shipped,3616,96822.00,East
2025-05-31,Shipped,2780,6218.00,North
2025-08-15,Shipped,3185,92153.00,North
2024-07-23,Shipped,4072,97748.00,South
2024-07-18,Shipped,2383,33743.00,North
2026-01-14,Shipped,2011,98474.00,East
2025-05-15,Shipped,4098,97982.00,Central
2024-09-14,Shipped,2106,61934.00,East
2026-04-12,Shipped,1516,14451.00,Central
2024-05-12,Shipped,1945,65754.00,East
2025-03-21,Shipped,3653,4009.00,Central
2025-04-29,Shipped,4141,700.00,West
2025-07-27,Shipped,4690,705.00,Central
2025-10-19,Shipped,3209,61397.00,East
2025-09-11,Shipped,883,35799.00,Central
2025-01-01,Shipped,1853,67678.00,East
2024-10-05,Shipped,329,39018.00,East
2024-01-31,Shipped,1103,60759.00,Central
2025-08-09,Shipped,75,22217.00,North
2024-07-12,Shipped,4391,8492.00,North
2026-02-04,Shipped,3692,54107.00,West
2024-09-28,Shipped,3687,6200.00,North
2024-03-11,Shipped,871,60646.00,Central
2026-03-03,Shipped,2959,39476.00,South
2025-05-14,Shipped,571,7149.00,Central
2025-12-15,Shipped,4967,32208.00,West
2026-01-08,Shipped,3592,67107.00,South
2024-03-27,Shipped,596,31649.00,Central
2024-07-30,Shipped,1810,72773.00,North
2026-04-01,Shipped,1746,79070.00,Central
2025-10-30,Shipped,3641,2621.00,West
2024-10-21,Shipped,4815,51433.00,Central
2025-01-21,Shipped,3837,21585.00,Central
2024-08-22,Shipped,2362,44054.00,Central
2024-01-21,Shipped,4804,21002.00,West
2026-04-10,Shipped,3422,60989.00,Central
2024-05-18,Shipped,2257,54715.00,Central
2024-06-07,Shipped,4118,96081.00,Central
2024-07-27,Shipped,3036,14099.00,North
2025-11-19,Shipped,3355,97141.00,Central
2024-05-31,Shipped,1053,68325.00,North
2025-12-15,Shipped,2009,3004.00,South
2024-01-08,Shipped,798,14218.00,Central
2025-01-29,Shipped,4520,424.00,Central
2026-02-22,Shipped,1965,88748.00,Central
2024-06-01,Shipped,1675,27160.00,East
2025-05-06,Shipped,1290,40799.00,Central
2026-01-28,Shipped,1909,53675.00,East
2026-04-14,Shipped,4265,97311.00,Central
2025-03-14,Shipped,2960,80456.00,South
2024-02-04,Shipped,3675,16366.00,East
2024-11-24,Shipped,1510,8622.00,North
2026-01-14,Shipped,3046,90463.00,South
2025-09-17,Shipped,4167,30315.00,South
2025-12-20,Shipped,2577,14558.00,West
2025-06-20,Shipped,2894,91310.00,Central
2024-10-15,Shipped,811,35375.00,South
2024-03-06,Shipped,1915,51024.00,Central
2024-10-10,Shipped,727,14752.00,East
2026-04-18,Shipped,385,96830.00,North
2024-04-23,Shipped,3105,58383.00,East
2025-06-02,Shipped,3985,6256.00,West
2025-08-30,Shipped,1760,39602.00,East
2026-05-04,Shipped,3687,76296.00,North
2024-10-30,Shipped,1718,76995.00,South
2026-01-23,Shipped,4191,32916.00,North
2024-09-24,Shipped,3764,75350.00,West
2026-01-10,Shipped,2064,34802.00,East
2025-01-09,Shipped,4056,43263.00,South
2024-02-21,Shipped,4778,84487.00,North
2025-05-07,Shipped,276,93945.00,West
2025-03-15,Shipped,3899,36632.00,North
2025-04-29,Shipped,266,67676.00,East
2026-01-06,Shipped,352,22959.00,South
2025-08-13,Shipped,2381,91828.00,South
2025-02-07,Shipped,2748,46684.00,South
2024-04-13,Shipped,1416,5241.00,South
2024-07-12,Shipped,1877,28021.00,Central
2025-11-20,Shipped,4523,30096.00,South
2024-01-23,Shipped,2925,951.00,West
2025-02-15,Shipped,4241,85993.00,North
2024-06-12,Shipped,3174,20472.00,East
2025-01-05,Shipped,80,68691.00,South
2024-04-22,Shipped,4460,98843.00,North
2024-08-17,Shipped,901,55253.00,West
2025-04-21,Shipped,103,71735.00,South
2024-01-20,Shipped,4507,71594.00,North
2026-01-29,Shipped,4869,20460.00,North
2025-12-18,Shipped,178,69610.00,South
2024-09-30,Shipped,4728,42432.00,East
2024-04-11,Shipped,3192,30513.00,North
2025-12-29,Shipped,918,37776.00,Central
2024-09-07,Shipped,4023,18538.00,West
2024-10-18,Shipped,4936,32346.00,Central
2025-06-30,Shipped,4443,22774.00,North
2025-09-30,Shipped,3501,32380.00,Central
2026-01-27,Shipped,4013,78343.00,North
2025-08-26,Shipped,3403,74475.00,South
2026-04-16,Shipped,1563,69532.00,Central
2024-12-26,Shipped,2966,40489.00,North
2024-06-04,Shipped,1045,83856.00,Central
2024-01-04,Shipped,489,55182.00,East
2026-02-28,Shipped,4252,60756.00,Central
2024-07-13,Shipped,2178,85210.00,West
2024-08-23,Shipped,4656,3012.00,Central
2024-04-27,Shipped,2412,78464.00,South
2024-10-04,Shipped,114,46248.00,Central
2025-10-04,Shipped,3794,89257.00,East
2025-12-07,Shipped,1814,72463.00,Central
2025-03-15,Shipped,1690,25460.00,Central
2025-06-30,Shipped,1418,25338.00,South
2025-12-01,Shipped,3131,40751.00,Central
2025-07-07,Shipped,2697,4578.00,North
2024-10-08,Shipped,1027,53570.00,Central
2024-08-29,Shipped,4583,91757.00,West
2025-02-06,Shipped,1280,62669.00,East
2025-04-29,Shipped,3732,7798.00,South
2024-12-31,Shipped,1112,98178.00,East
2026-01-07,Shipped,4836,48972.00,South
2024-12-21,Shipped,3050,48452.00,Central
2025-08-04,Shipped,4373,95225.00,Central
2024-09-13,Shipped,4883,35045.00,Central
2026-03-25,Shipped,94,21117.00,North
2024-07-19,Shipped,1434,44803.00,West
2026-03-20,Shipped,2778,79327.00,West
2024-02-23,Shipped,1580,90750.00,Central
2024-10-11,Shipped,4311,88016.00,North
2024-08-31,Shipped,1343,91050.00,East
2026-03-30,Shipped,1359,42224.00,North
2024-12-14,Shipped,3343,41899.00,Central
2024-06-24,Shipped,3103,75093.00,East
2026-03-27,Shipped,3740,92389.00,North
2024-12-21,Shipped,3416,77691.00,North
2024-04-14,Shipped,4053,22285.00,East
2026-04-12,Shipped,2202,98738.00,West
2024-09-17,Shipped,395,97681.00,Central
2025-10-12,Shipped,3721,13275.00,North
2024-09-03,Shipped,2437,2432.00,North
2024-11-26,Shipped,3262,11789.00,West
2026-02-26,Shipped,2830,54357.00,West
2024-01-17,Shipped,1633,17952.00,West
2025-03-10,Shipped,483,59644.00,Central
2026-01-17,Shipped,4477,43230.00,North
2025-04-05,Shipped,4956,85857.00,North
2025-08-03,Shipped,3026,77301.00,Central
2025-09-03,Shipped,4443,88882.00,Central
2026-04-13,Shipped,2193,90300.00,North
2026-03-24,Shipped,4706,19311.00,Central
2026-05-07,Shipped,1294,67551.00,Central
2025-08-26,Shipped,4424,73422.00,Central
2026-01-29,Shipped,2367,82953.00,East
2024-10-26,Shipped,868,60387.00,Central
2024-02-24,Shipped,3184,12824.00,North
2024-06-27,Shipped,2441,82063.00,East
2026-05-13,Shipped,32,79186.00,South
2025-03-01,Shipped,2474,44503.00,Central
2025-03-17,Shipped,4993,53776.00,East
2025-11-25,Shipped,2329,13705.00,Central
2025-07-24,Shipped,2463,90697.00,East
2025-11-11,Shipped,4585,14804.00,Central
2024-06-04,Shipped,4443,9367.00,North
2024-10-17,Shipped,3426,75894.00,South
2026-04-18,Shipped,3450,1082.00,North
2024-07-03,Shipped,2052,52298.00,Central
2024-10-04,Shipped,4899,610.00,Central
2026-03-24,Shipped,464,57951.00,South
2024-04-07,Shipped,1837,44368.00,North
2024-01-27,Shipped,2029,90958.00,Central
2025-06-14,Shipped,3948,26035.00,Central
2024-04-27,Shipped,840,56508.00,Central
2025-05-11,Shipped,4699,83576.00,East
2025-11-30,Shipped,2987,78927.00,Central
2025-08-10,Shipped,3070,86929.00,Central
2024-06-25,Shipped,4345,19824.00,South
2025-08-29,Shipped,2805,12017.00,Central
2026-03-01,Shipped,4674,5565.00,East
2024-07-14,Shipped,2732,83363.00,Central
2024-08-07,Shipped,2288,62480.00,South
2026-04-12,Shipped,705,42992.00,Central
2026-02-01,Shipped,3105,56010.00,Central
2025-09-17,Shipped,1284,45917.00,South
2024-02-29,Shipped,3201,12816.00,Central
2024-08-09,Shipped,4891,25809.00,West
2026-05-05,Shipped,3680,80129.00,South
2025-02-22,Shipped,4373,85111.00,East
2025-01-23,Shipped,974,43329.00,East
2024-12-22,Shipped,2288,5191.00,East
2025-11-01,Shipped,1593,55933.00,Central
2024-01-28,Shipped,376,8411.00,West
2024-01-16,Shipped,113,56641.00,West
2024-11-29,Shipped,2530,26035.00,Central
2025-08-19,Shipped,2651,68717.00,North
2024-06-16,Shipped,3044,62224.00,Central
2024-07-16,Shipped,3194,21595.00,West
2024-03-08,Shipped,1266,88089.00,Central
2024-10-18,Shipped,163,32213.00,Central
2026-04-29,Shipped,3963,88042.00,Central
2024-12-30,Shipped,2809,31716.00,Central
2025-03-04,Shipped,2867,25946.00,West
2024-08-09,Shipped,1721,33912.00,Central
2026-05-12,Shipped,253,7955.00,South
2024-02-26,Shipped,267,45641.00,West
2025-07-08,Shipped,4379,67421.00,Central
2025-11-26,Shipped,155,14711.00,North
2025-06-26,Shipped,4664,17410.00,North
2024-07-14,Shipped,3325,41560.00,South
2024-12-13,Shipped,1704,14468.00,Central
2024-07-15,Shipped,111,80150.00,Central
2026-04-15,Shipped,4992,96839.00,North
2026-02-11,Shipped,1483,59610.00,South
2026-02-14,Shipped,555,49994.00,West
2025-04-13,Shipped,4084,69450.00,Central
2024-04-05,Shipped,4273,96374.00,South
2025-09-04,Shipped,4268,36801.00,Central
2024-02-08,Shipped,4626,43652.00,East
2025-05-27,Shipped,3765,94312.00,Central
2024-08-12,Shipped,3838,40609.00,Central
2024-10-16,Shipped,541,47689.00,North
2024-04-12,Shipped,1511,8971.00,South
2026-03-31,Shipped,1849,92981.00,Central
2025-11-14,Shipped,995,70985.00,East
2024-01-09,Shipped,3856,73006.00,West
2025-06-05,Shipped,2376,17525.00,Central
2026-02-23,Shipped,1882,63993.00,Central
2024-04-26,Shipped,4807,57039.00,Central
2025-07-05,Shipped,3176,66667.00,East
2026-03-10,Shipped,1002,68238.00,West
2024-02-11,Shipped,2149,29087.00,Central
2025-02-22,Shipped,57,51602.00,Central
2025-03-08,Shipped,3091,15508.00,Central
2024-09-03,Shipped,2905,74930.00,Central
2025-11-14,Shipped,869,67385.00,South
2025-07-15,Shipped,4997,62486.00,Central
2024-06-25,Shipped,1552,76412.00,Central
2024-04-25,Shipped,3117,47849.00,Central
2026-03-09,Shipped,105,82882.00,Central
2024-04-28,Shipped,3307,60898.00,South
2024-01-26,Shipped,4264,98945.00,Central
2024-05-10,Shipped,4445,11118.00,Central
2024-08-02,Shipped,2289,7845.00,East
2024-12-14,Shipped,4631,57819.00,Central
2025-04-11,Shipped,2148,55997.00,Central
2026-02-20,Shipped,2096,87724.00,North
2024-05-15,Shipped,1615,86012.00,East
2024-03-06,Shipped,2081,93869.00,North
2024-08-12,Shipped,1757,53086.00,Central
2024-10-23,Shipped,2215,14279.00,North
2025-05-23,Shipped,2831,62234.00,North
2024-10-22,Shipped,4764,69175.00,North
2024-11-24,Shipped,906,89994.00,North
2026-05-02,Shipped,4292,8749.00,Central
2026-04-06,Shipped,2427,97370.00,Central
2025-02-22,Shipped,47,60656.00,Central
2024-03-11,Shipped,1112,59960.00,Central
2024-12-30,Shipped,3781,53555.00,West
2025-07-22,Shipped,4754,58071.00,South
2025-05-04,Shipped,1975,87222.00,North
2024-01-02,Shipped,532,52926.00,Central
2026-01-28,Shipped,4509,43731.00,East
2024-09-30,Shipped,2626,4293.00,Central
2025-03-07,Shipped,2420,43274.00,North
2026-05-01,Shipped,631,93434.00,North
2024-03-07,Shipped,4490,17563.00,Central
2025-12-28,Shipped,1488,4197.00,North
2025-09-18,Shipped,4637,50607.00,North
2026-04-27,Shipped,1858,53454.00,East
2024-08-05,Shipped,838,22920.00,East
2025-05-31,Shipped,2989,20248.00,East
2026-04-23,Shipped,3363,75177.00,Central
2024-03-31,Shipped,1156,93735.00,Central
2024-03-04,Shipped,2940,66806.00,Central
2024-07-04,Shipped,4690,4422.00,East
2025-05-19,Shipped,1924,63680.00,North
2026-04-08,Shipped,4197,69925.00,Central
2024-09-17,Shipped,1008,61961.00,North
2025-04-13,Shipped,4950,21513.00,Central
2025-03-21,Shipped,286,297.00,East
2025-01-16,Shipped,2705,43242.00,West
2026-01-23,Shipped,2217,23070.00,North
2024-09-02,Shipped,505,73068.00,Central
2026-02-27,Shipped,4722,32335.00,Central
2025-12-19,Shipped,2276,64305.00,North
2026-03-12,Shipped,1415,87937.00,South
2025-04-26,Shipped,4051,8040.00,Central
2025-09-07,Shipped,884,90018.00,North
2026-03-31,Shipped,3608,66461.00,South
2024-01-28,Shipped,1680,86174.00,Central
2024-05-11,Shipped,1241,61375.00,North
2025-09-16,Shipped,1582,46801.00,South
2024-05-30,Shipped,4824,32534.00,West
2025-05-28,Shipped,1363,3602.00,Central
2025-12-27,Shipped,4131,6108.00,North
2025-07-10,Shipped,316,17126.00,Central
2024-01-05,Shipped,1666,85977.00,West
2026-04-23,Shipped,1598,80216.00,North
2026-05-23,Shipped,4566,27124.00,East
2025-08-29,Shipped,1748,34809.00,East
2025-09-12,Shipped,3907,33100.00,Central
2024-04-17,Shipped,2827,93303.00,West
2026-02-17,Shipped,3879,16295.00,East
2025-07-14,Shipped,4521,84464.00,North
2024-09-24,Shipped,53,51889.00,West
2024-05-12,Shipped,3617,53635.00,Central
2024-03-08,Shipped,1891,80877.00,Central
2024-01-01,Shipped,24,18228.00,North
2024-12-30,Shipped,4536,60261.00,West
2026-01-11,Shipped,690,79935.00,East
2024-10-31,Shipped,2650,32973.00,Central
2024-07-11,Shipped,4289,72815.00,Central
2025-02-09,Shipped,829,72400.00,Central
2024-10-11,Shipped,2711,51502.00,Central
2024-03-31,Shipped,4103,74652.00,North
2025-04-23,Shipped,3139,74715.00,South
2024-07-27,Shipped,2883,64370.00,South
2025-04-06,Shipped,1076,64591.00,Central
2024-04-15,Shipped,4889,69859.00,West
2025-09-24,Shipped,2667,17580.00,Central
2025-10-19,Shipped,1196,56457.00,North
2024-04-12,Shipped,2654,65031.00,East
2026-02-04,Shipped,3503,1905.00,South
2026-04-08,Shipped,2061,8406.00,South
2025-10-15,Shipped,1723,86876.00,North
2026-03-05,Shipped,3392,22553.00,Central
2024-06-15,Shipped,99,2955.00,South
2025-11-26,Shipped,571,91786.00,North
2026-01-10,Shipped,3159,99031.00,South
2025-04-19,Shipped,2004,8351.00,West
2025-09-10,Shipped,4478,13677.00,North
2024-06-01,Shipped,469,72964.00,Central
2025-03-15,Shipped,3109,45747.00,South
2026-05-13,Shipped,3415,53106.00,Central
2025-10-12,Shipped,4493,16789.00,North
2025-06-11,Shipped,3255,86896.00,Central
2024-12-04,Shipped,757,87849.00,East
2025-08-16,Shipped,388,1801.00,Central
2024-08-14,Shipped,2206,10625.00,North
2025-12-31,Shipped,2287,42732.00,Central
2025-08-23,Shipped,2561,16657.00,Central
2025-01-08,Shipped,4988,68931.00,North
2025-09-03,Shipped,765,4329.00,Central
2025-07-30,Shipped,2838,55779.00,South
2025-10-12,Shipped,1599,11207.00,South
2025-07-14,Shipped,3102,72350.00,North
2024-03-07,Shipped,2367,12560.00,South
2026-01-11,Shipped,2871,34647.00,Central
2024-07-23,Shipped,2705,20475.00,West
2024-10-05,Shipped,4450,3003.00,North
2025-01-09,Shipped,3354,74863.00,East
2025-08-10,Shipped,750,88976.00,West
2024-02-25,Shipped,3128,87315.00,West
2024-09-21,Shipped,3580,50283.00,Central
2026-03-19,Shipped,4477,34388.00,Central
2024-11-08,Shipped,1336,71484.00,West
2025-11-02,Shipped,1938,96841.00,South
2024-03-25,Shipped,3291,15539.00,North
2025-11-02,Shipped,733,2845.00,West
2024-05-16,Shipped,534,43970.00,South
2024-05-30,Shipped,1591,81655.00,East
2025-08-31,Shipped,2059,13275.00,West
2024-12-04,Shipped,1867,45716.00,Central
2026-01-27,Shipped,673,63350.00,North
2024-08-03,Shipped,4698,36578.00,South
2024-01-12,Shipped,470,73842.00,Central
2025-07-26,Shipped,4420,4865.00,Central
2025-02-24,Shipped,3928,22282.00,West
2024-11-12,Shipped,652,69791.00,Central
2025-05-26,Shipped,3998,90257.00,East
2026-01-27,Shipped,4710,29523.00,East
2025-05-30,Shipped,3255,94879.00,North
2024-02-29,Shipped,3657,78346.00,South
2024-07-04,Shipped,4614,27855.00,South
2024-05-21,Shipped,3600,61632.00,South
2024-11-08,Shipped,3659,35646.00,North
2026-01-31,Shipped,805,11823.00,Central
2026-04-19,Shipped,3210,27924.00,West
2024-02-25,Shipped,3459,23482.00,Central
2025-02-04,Shipped,740,94710.00,North
2024-06-25,Shipped,4540,83256.00,North
2026-05-19,Shipped,571,45738.00,Central
2024-03-30,Shipped,1381,84425.00,Central
2026-02-15,Shipped,3991,33513.00,Central
2025-04-13,Shipped,2632,5985.00,Central
2024-04-25,Shipped,4823,25127.00,East
2024-10-18,Shipped,79,51000.00,North
2025-07-14,Shipped,1759,8260.00,Central
2025-07-19,Shipped,186,38767.00,North
2024-05-07,Shipped,3092,92197.00,Central
2025-01-15,Shipped,3561,60126.00,Central
2025-10-06,Shipped,3683,59184.00,Central
2026-04-03,Shipped,914,44108.00,North
2025-04-06,Shipped,3449,7196.00,Central
2026-01-05,Shipped,4206,49615.00,Central
2024-02-01,Shipped,541,89877.00,Central
2024-08-23,Shipped,4388,33633.00,Central
2025-08-09,Shipped,921,31925.00,Central
2024-11-22,Shipped,524,9906.00,North
2024-01-13,Shipped,26,21414.00,East
2026-02-09,Shipped,1465,34843.00,Central
2024-07-05,Shipped,3282,5097.00,West
2025-02-12,Shipped,129,52015.00,North
2024-06-06,Shipped,3737,83841.00,Central
2026-04-20,Shipped,405,30093.00,Central
2025-06-13,Shipped,952,97448.00,Central
2025-01-10,Shipped,3234,52739.00,East
2025-07-09,Shipped,3348,39364.00,West
2024-10-20,Shipped,3124,98113.00,Central
2025-07-12,Shipped,2917,88374.00,South
2025-12-30,Shipped,809,20282.00,Central
2024-02-28,Shipped,1638,94063.00,West
2024-10-23,Shipped,3223,52903.00,Central
2024-05-11,Shipped,642,45826.00,East
2024-07-25,Shipped,4735,57039.00,Central
2024-08-13,Shipped,1291,86820.00,Central
2024-12-04,Shipped,4225,42311.00,East
2024-03-12,Shipped,1194,68969.00,North
2025-02-15,Shipped,699,3360.00,North
2025-08-15,Shipped,1594,29326.00,Central
2026-01-17,Shipped,2691,52700.00,Central
2025-05-10,Shipped,3295,61086.00,East
2024-11-28,Shipped,1100,95790.00,East
2025-03-13,Shipped,1942,60605.00,Central
2025-11-01,Shipped,1286,60576.00,Central
2025-08-29,Shipped,321,56844.00,Central
2025-06-10,Shipped,3677,84214.00,Central
2025-09-18,Shipped,4262,91128.00,Central
2025-12-23,Shipped,1854,78649.00,South
2025-02-01,Shipped,796,75483.00,North
2025-12-16,Shipped,1186,49439.00,Central
2025-10-14,Shipped,4973,53291.00,Central
2025-09-23,Shipped,4896,86404.00,Central
2025-04-20,Shipped,3818,19300.00,West
2024-07-05,Shipped,3399,82038.00,Central
2024-01-31,Shipped,4600,97958.00,Central
2024-09-25,Shipped,3290,63707.00,East
2024-12-31,Shipped,694,40545.00,Central
2024-03-24,Shipped,3235,52205.00,West
2024-10-08,Shipped,4841,78082.00,West
2024-08-31,Shipped,1482,5232.00,South
2026-03-03,Shipped,1243,76023.00,West
2025-03-08,Shipped,2205,97783.00,Central
2026-01-28,Shipped,1215,36070.00,North
2025-05-02,Shipped,1294,78793.00,East
2026-04-04,Shipped,2847,63427.00,South
2024-06-27,Shipped,4104,3990.00,North
2024-12-21,Shipped,2001,63952.00,Central
2025-08-12,Shipped,1747,29903.00,Central
2024-12-18,Shipped,411,71200.00,South
2025-04-30,Shipped,1508,79398.00,South
2024-09-15,Shipped,1835,12175.00,East
2025-03-13,Shipped,3396,47937.00,North
2024-04-11,Shipped,2783,83199.00,Central
2024-04-17,Shipped,3128,500.00,East
2025-11-27,Shipped,2977,22269.00,Central
2026-04-20,Shipped,218,40865.00,Central
2024-11-20,Shipped,4421,12450.00,South
2024-10-05,Shipped,4237,2032.00,East
2024-10-17,Shipped,2536,7496.00,East
2025-06-28,Shipped,1867,2941.00,North
2025-09-29,Shipped,1289,29708.00,South
2026-02-18,Shipped,3840,77674.00,Central
2024-06-05,Shipped,3331,54181.00,Central
2024-10-08,Shipped,4883,49568.00,West
2025-08-18,Shipped,3217,94867.00,East
2026-01-29,Shipped,4681,97688.00,Central
2024-08-02,Shipped,268,72189.00,Central
2024-02-05,Shipped,3266,11670.00,Central
2025-02-28,Shipped,3697,77799.00,West
2025-05-18,Shipped,1940,25767.00,West
2025-01-01,Shipped,1091,75390.00,Central
2024-10-18,Shipped,3543,59298.00,North
2025-10-29,Shipped,4638,15470.00,South
2024-10-09,Shipped,1715,28649.00,West
2025-07-09,Shipped,1826,85934.00,West
2025-02-05,Shipped,389,16287.00,North
2024-09-28,Shipped,3815,41924.00,South
2026-02-17,Shipped,3210,86120.00,South
2025-01-19,Shipped,3644,60481.00,North
2025-09-15,Shipped,221,49234.00,Central
2024-08-27,Shipped,1609,54172.00,Central
2026-02-17,Shipped,219,55320.00,Central
2024-09-17,Shipped,4636,7027.00,West
2024-07-27,Shipped,3660,84544.00,Central
2025-10-26,Shipped,1757,73028.00,Central
2024-12-29,Shipped,1912,9351.00,South
2025-11-28,Shipped,2238,63791.00,East
2026-04-22,Shipped,824,94516.00,Central
2026-05-18,Shipped,2437,29265.00,Central
2024-10-06,Shipped,2700,69254.00,Central
2024-01-07,Shipped,3903,82242.00,Central
2024-12-29,Shipped,2126,7489.00,Central
2024-08-18,Shipped,417,60640.00,Central
2025-11-17,Shipped,180,69417.00,Central
2024-08-24,Shipped,4790,85940.00,East
2025-08-03,Shipped,447,53511.00,West
2025-05-08,Shipped,718,23267.00,Central
2025-01-21,Shipped,1100,55348.00,East
2026-05-01,Shipped,211,19514.00,West
2024-01-04,Shipped,3806,75639.00,Central
2025-10-18,Shipped,3109,73322.00,North
2025-12-08,Shipped,3546,1602.00,Central
2025-06-23,Shipped,1181,51165.00,South
2024-10-16,Shipped,4566,59857.00,South
2024-12-09,Shipped,3195,40841.00,South
2025-12-22,Shipped,4954,62228.00,West
2025-11-23,Shipped,1069,83689.00,Central
2024-03-23,Shipped,837,3458.00,North
2024-08-02,Shipped,2611,13198.00,Central
2024-09-08,Shipped,4093,28687.00,South
2024-10-26,Shipped,932,87970.00,Central
2026-03-20,Shipped,3503,89339.00,South
2024-08-11,Shipped,987,35732.00,South
2024-10-25,Shipped,683,53047.00,South
2025-06-17,Shipped,4278,97000.00,South
2024-03-24,Shipped,588,14853.00,Central
2026-01-01,Shipped,61,11254.00,Central
2024-12-03,Shipped,1084,74902.00,Central
2025-06-18,Shipped,4925,75526.00,West
2025-03-14,Shipped,2860,66517.00,East
2025-05-01,Shipped,3109,81910.00,Central
2025-04-08,Shipped,4123,51701.00,Central
2024-03-01,Shipped,2777,47288.00,South
2025-07-17,Shipped,4253,47553.00,North
2026-04-17,Shipped,4670,28514.00,North
2025-11-16,Shipped,2369,1406.00,East
2026-03-22,Shipped,3645,51505.00,East
2024-10-10,Shipped,4454,79815.00,North
2026-04-03,Shipped,4685,41294.00,Central
2024-04-01,Shipped,3708,82172.00,North
2026-02-11,Shipped,4018,70575.00,North
2024-05-19,Shipped,2419,45624.00,East
2026-02-15,Shipped,2805,51592.00,Central
2024-11-09,Shipped,3776,30361.00,North
2024-05-03,Shipped,4921,49271.00,West
2025-11-30,Shipped,999,91832.00,Central
2025-10-22,Shipped,2742,11557.00,East
2025-08-29,Shipped,4438,96001.00,Central
2024-02-20,Shipped,1481,4053.00,Central
2024-04-11,Shipped,4481,59360.00,Central
2024-03-26,Shipped,413,75935.00,North
2024-08-20,Shipped,1006,77472.00,South
2024-12-10,Shipped,4312,70760.00,East
2024-01-30,Shipped,4906,74194.00,Central
2025-01-23,Shipped,409,89956.00,West
2024-06-23,Shipped,2023,33356.00,South
2024-01-28,Shipped,1338,22925.00,North
2024-05-10,Shipped,4054,94368.00,East
2025-10-17,Shipped,727,57453.00,North
2024-11-03,Shipped,1433,81018.00,Central
2025-10-22,Shipped,3933,51984.00,Central
2024-03-22,Shipped,3076,94932.00,West
2024-11-01,Shipped,1482,21150.00,Central
2024-01-04,Shipped,3054,58812.00,Central
2026-01-04,Shipped,127,94156.00,South
2026-05-13,Shipped,1431,33034.00,North
2024-06-29,Shipped,345,67893.00,Central
2025-08-17,Shipped,4361,76416.00,East
2024-07-22,Shipped,3390,15117.00,North
2025-04-13,Shipped,3886,56908.00,North
2025-08-19,Shipped,2781,23584.00,East
2026-02-24,Shipped,1174,47631.00,Central
2025-04-06,Shipped,2667,19141.00,North
2025-07-11,Shipped,1308,16143.00,Central
2024-04-30,Shipped,1713,67035.00,East
2026-01-12,Shipped,190,20359.00,South
2026-04-16,Shipped,2440,51002.00,Central
2024-09-17,Shipped,4661,89833.00,West
2024-01-14,Shipped,4471,6358.00,East
2024-10-09,Shipped,1132,16791.00,South
2024-01-15,Shipped,1462,1619.00,Central
2025-12-25,Shipped,4652,24300.00,East
2024-04-17,Shipped,654,8613.00,Central
2024-02-28,Shipped,4173,21738.00,South
2024-09-18,Shipped,2993,11710.00,North
2026-03-28,Shipped,2785,27934.00,South
2024-07-27,Shipped,2727,53808.00,Central
2024-07-25,Shipped,4706,32529.00,North
2024-05-17,Shipped,362,39876.00,North
2024-04-07,Shipped,279,23399.00,West
2024-11-03,Shipped,4750,18967.00,Central
2024-02-27,Shipped,2625,68634.00,Central
2026-02-14,Shipped,2830,58408.00,Central
2026-04-23,Shipped,3931,35269.00,Central
2025-05-10,Shipped,2426,10937.00,Central
2024-02-20,Shipped,3281,35107.00,East
2025-09-26,Shipped,2341,91173.00,Central
2026-02-07,Shipped,2432,48779.00,East
2025-03-30,Shipped,1385,38761.00,Central
2025-05-01,Shipped,4711,31262.00,West
2025-10-02,Shipped,2359,43284.00,Central
2024-04-02,Shipped,411,60082.00,South
2025-06-27,Shipped,3544,20709.00,South
2025-02-09,Shipped,3509,71504.00,North
2024-03-07,Shipped,4662,42937.00,South
2024-08-14,Shipped,570,33242.00,East
2024-10-22,Shipped,3800,92378.00,Central
2024-06-11,Shipped,3111,23995.00,Central
2025-01-09,Shipped,4183,2948.00,South
2024-10-05,Shipped,594,95549.00,Central
2026-01-14,Shipped,222,32029.00,North
2024-01-25,Shipped,358,89797.00,Central
2025-06-16,Shipped,4498,38804.00,East
2025-02-07,Shipped,4255,68120.00,Central
2025-07-26,Shipped,2631,44179.00,Central
2024-08-12,Shipped,4711,33062.00,Central
2026-05-14,Shipped,3466,28620.00,East
2024-02-18,Shipped,947,33333.00,North
2025-01-29,Shipped,1993,90117.00,Central
2025-06-17,Shipped,3551,19634.00,West
2025-04-13,Shipped,2126,96817.00,Central
2025-03-22,Shipped,4034,65188.00,North
2025-07-28,Shipped,4417,2440.00,North
2024-06-19,Shipped,2867,17464.00,Central
2024-06-30,Shipped,2427,58608.00,Central
2024-12-26,Shipped,4185,61487.00,North
2025-05-12,Shipped,2319,28069.00,South
2025-09-27,Shipped,3204,64471.00,Central
2025-05-16,Shipped,4800,90560.00,Central
2025-02-22,Shipped,3478,72877.00,South
2024-02-03,Shipped,4926,16948.00,Central
2025-05-18,Shipped,2881,87642.00,Central
2026-01-26,Shipped,2301,65360.00,East
2025-01-30,Shipped,595,12556.00,North
2025-01-13,Shipped,4398,23365.00,North
2025-03-19,Shipped,3256,74533.00,South
2025-06-18,Shipped,2165,39402.00,Central
2024-01-17,Shipped,2457,68701.00,Central
2024-10-09,Shipped,3558,54978.00,Central
2025-06-11,Shipped,3801,60818.00,Central
2024-11-11,Shipped,937,2653.00,North
2026-03-01,Shipped,3768,58338.00,Central
2025-11-10,Shipped,4205,38129.00,Central
2025-07-18,Shipped,3422,26876.00,East
2024-11-02,Shipped,3231,81952.00,Central
2024-03-03,Shipped,2067,86060.00,North
2025-02-05,Shipped,2889,95931.00,Central
2026-01-13,Shipped,4678,96697.00,Central
2024-03-05,Shipped,3498,17649.00,South
2024-08-24,Shipped,342,47660.00,Central
2026-03-03,Shipped,1366,46337.00,West
2024-12-28,Shipped,4931,53905.00,East
2025-11-29,Shipped,1470,49821.00,Central
2026-03-21,Shipped,3174,21451.00,Central
2025-03-04,Shipped,2824,92909.00,East
2024-06-17,Shipped,4454,29141.00,Central
2025-02-21,Shipped,2841,9494.00,West
2024-12-25,Shipped,4490,5462.00,North
2024-09-20,Shipped,4254,5388.00,West
2024-12-24,Shipped,64,64452.00,Central
2024-11-14,Shipped,1716,40531.00,Central
2025-07-22,Shipped,1618,940.00,Central
2025-09-27,Shipped,330,40696.00,North
2025-08-02,Shipped,3175,57239.00,East
2024-08-04,Shipped,3636,90007.00,Central
2025-06-25,Shipped,4581,75014.00,Central
2024-05-20,Shipped,2265,7684.00,East
2024-03-26,Shipped,178,85825.00,Central
2025-01-10,Shipped,4446,65044.00,Central
2025-01-16,Shipped,4335,33068.00,South
2024-12-02,Shipped,190,13585.00,West
2024-03-21,Shipped,1534,49932.00,Central
2024-11-28,Shipped,4905,50087.00,West
2026-05-22,Shipped,3774,70178.00,Central
2024-12-14,Shipped,2050,12344.00,South
2024-01-13,Shipped,2418,41639.00,East
2026-03-04,Shipped,2956,27915.00,South
2025-05-23,Shipped,179,25141.00,Central
2025-02-22,Shipped,271,25144.00,Central
2026-01-28,Shipped,1919,13027.00,East
2026-04-12,Shipped,4850,84730.00,South
2026-02-12,Shipped,984,66336.00,South
2025-04-01,Shipped,4234,8305.00,West
2024-07-22,Shipped,3314,7791.00,South
2024-04-14,Shipped,226,19169.00,North
2026-01-20,Shipped,4411,42364.00,Central
2025-10-31,Shipped,3732,65947.00,East
2024-01-24,Shipped,2111,33223.00,Central
2024-09-25,Shipped,3521,97059.00,West
2024-12-06,Shipped,51,89952.00,Central
2025-01-05,Shipped,3743,55982.00,Central
2024-09-26,Shipped,4667,24405.00,South
2024-10-06,Shipped,3690,73040.00,Central
2024-11-06,Shipped,3590,52810.00,Central
2024-02-29,Shipped,428,70752.00,North
2024-07-08,Shipped,3152,33102.00,East
2024-04-02,Shipped,1202,61480.00,North
2025-05-03,Shipped,545,69556.00,Central
2026-05-02,Shipped,1736,82539.00,East
2025-05-04,Shipped,77,75866.00,South
2024-02-06,Shipped,159,42722.00,West
2024-06-23,Shipped,162,15752.00,South
2025-07-13,Shipped,3163,93320.00,North
2025-02-20,Shipped,3947,44318.00,East
2025-07-20,Shipped,350,7609.00,East
2026-03-13,Shipped,53,76585.00,Central
2026-01-05,Shipped,787,40056.00,East
2025-10-24,Shipped,4013,58575.00,North
2025-02-28,Shipped,4652,73339.00,North
2024-05-14,Shipped,2088,56532.00,North
2024-12-28,Shipped,3410,56677.00,North
2024-12-05,Shipped,1216,61379.00,North
2025-11-14,Shipped,4190,7182.00,North
2025-09-04,Shipped,3818,85696.00,Central
2024-11-08,Shipped,2233,82471.00,North
2025-07-11,Shipped,4395,36554.00,Central
2024-12-21,Shipped,945,551.00,Central
2024-06-26,Shipped,4720,66858.00,East
2024-01-31,Shipped,2455,77328.00,South
2024-08-05,Shipped,3434,48804.00,Central
2025-10-17,Shipped,4392,17909.00,East
2025-07-14,Shipped,4067,6281.00,North
2026-03-25,Shipped,548,60930.00,Central
2024-08-05,Shipped,3272,7362.00,North
2024-04-11,Shipped,2330,65798.00,Central
2024-11-25,Shipped,4113,38275.00,Central
2026-04-17,Shipped,3789,85053.00,Central
2024-07-29,Shipped,2613,63785.00,South
2024-10-28,Shipped,4583,70173.00,East
2026-03-02,Shipped,139,70468.00,South
2024-06-24,Shipped,2066,90582.00,North
2026-01-03,Shipped,3228,8713.00,East
2024-09-22,Shipped,1281,47252.00,East
2024-03-29,Shipped,4969,73792.00,Central
2024-05-13,Shipped,2233,70107.00,West
2025-07-22,Shipped,1084,94319.00,East
2025-03-14,Shipped,4261,46507.00,East
2024-11-05,Shipped,2366,30509.00,North
2025-11-13,Shipped,49,48061.00,West
2025-07-19,Shipped,309,54847.00,South
2024-11-01,Shipped,743,35432.00,South
2025-09-18,Shipped,1902,76184.00,East
2025-09-22,Shipped,4692,49249.00,East
2025-09-14,Shipped,4634,30991.00,North
2025-03-13,Shipped,2274,68070.00,South
2024-08-05,Shipped,4624,92492.00,Central
2024-09-03,Shipped,1121,34326.00,West
2024-07-29,Shipped,3189,55688.00,South
2025-12-12,Shipped,2139,1182.00,Central
2026-01-30,Shipped,4136,52193.00,West
2024-11-11,Shipped,190,63953.00,East
2024-12-11,Shipped,2592,9129.00,North
2025-09-13,Shipped,1572,49317.00,South
2025-05-06,Shipped,3112,44485.00,Central
2026-02-15,Shipped,3238,52175.00,East
2024-09-07,Shipped,134,52323.00,East
2026-03-30,Shipped,740,43114.00,South
2026-01-27,Shipped,983,77272.00,Central
2024-01-06,Shipped,3834,27370.00,North
2025-02-21,Shipped,2674,33477.00,South
2024-09-06,Shipped,385,20375.00,West
2024-02-14,Shipped,1128,24068.00,West
2026-03-09,Shipped,380,29656.00,Central
2025-11-19,Shipped,722,81238.00,North
2024-09-12,Shipped,707,95994.00,South
2026-01-13,Shipped,1181,49525.00,Central
2025-09-22,Shipped,2607,51923.00,South
2025-02-25,Shipped,4257,94573.00,Central
2026-04-21,Shipped,4556,91141.00,Central
2024-01-02,Shipped,1208,66166.00,East
2026-03-27,Shipped,1836,13322.00,South
2024-03-26,Shipped,2445,65794.00,East
2026-04-01,Shipped,4119,30938.00,Central
2024-08-05,Shipped,2406,7413.00,East
2025-09-20,Shipped,4870,70735.00,West
2024-05-06,Shipped,3255,2684.00,North
2026-03-12,Shipped,3111,75194.00,West
2024-02-26,Shipped,3975,24994.00,East
2025-05-14,Shipped,1110,24572.00,North
2024-04-29,Shipped,2221,20177.00,South
2026-03-03,Shipped,4298,83814.00,South
2024-10-26,Shipped,4816,58473.00,Central
2024-12-25,Shipped,1234,70525.00,Central
2025-06-08,Shipped,4492,63411.00,North
2025-04-26,Shipped,2005,34991.00,Central
2025-04-01,Shipped,4088,5951.00,South
2025-11-08,Shipped,4385,31836.00,Central
2026-01-17,Shipped,3252,13129.00,Central
2026-02-27,Shipped,339,87872.00,West
2025-03-27,Shipped,4334,56818.00,South
2024-09-14,Shipped,462,10722.00,South
2025-07-20,Shipped,1478,97378.00,Central
2024-05-15,Shipped,2058,11957.00,North
2025-04-12,Shipped,510,16708.00,Central
2025-06-09,Shipped,3370,17365.00,North
2024-05-02,Shipped,3798,36611.00,East
2025-07-28,Shipped,1657,50389.00,East
2026-02-14,Shipped,1558,37105.00,Central
2025-04-05,Shipped,1553,93226.00,Central
2025-09-14,Shipped,984,13162.00,West
2024-05-23,Shipped,3559,6455.00,East
2026-04-18,Shipped,2615,7527.00,South
2024-10-22,Shipped,1382,20056.00,Central
2024-06-17,Shipped,4265,44969.00,South
2024-07-07,Shipped,1670,72220.00,South
2025-05-06,Shipped,724,23320.00,Central
2024-01-01,Shipped,506,53865.00,South
2024-09-04,Shipped,4848,97296.00,West
2024-12-23,Shipped,1878,26383.00,Central
2024-09-02,Shipped,2431,75311.00,West
2024-10-31,Shipped,2472,21992.00,West
2024-07-20,Shipped,3936,92446.00,East
2025-07-09,Shipped,3030,14935.00,Central
2025-04-02,Shipped,1019,73332.00,South
2024-01-10,Shipped,4013,66928.00,West
2025-12-28,Shipped,4661,47040.00,Central
2025-11-17,Shipped,781,70492.00,Central
2024-10-31,Shipped,4985,38935.00,North
2024-12-14,Shipped,3789,92298.00,North
2025-05-28,Shipped,231,2902.00,West
2024-11-12,Shipped,4755,61401.00,North
2026-02-24,Shipped,1798,29975.00,South
2026-04-03,Shipped,3499,81357.00,West
2025-01-05,Shipped,4437,67727.00,Central
2025-10-12,Shipped,33,71364.00,Central
2025-04-21,Shipped,3339,94772.00,West
2024-09-01,Shipped,3152,2014.00,North
2025-02-05,Shipped,4836,689.00,South
2025-08-24,Shipped,2620,38035.00,South
2026-04-24,Shipped,1852,8568.00,South
2024-10-08,Shipped,821,27754.00,North
2025-02-04,Shipped,4688,25468.00,Central
2024-12-12,Shipped,2645,91845.00,Central
2024-12-18,Shipped,4843,11021.00,Central
2025-01-27,Shipped,4029,13523.00,Central
2026-04-14,Shipped,2077,5100.00,North
2025-08-28,Shipped,1658,14995.00,South
2024-08-03,Shipped,4228,71798.00,North
2024-08-18,Shipped,3180,6599.00,Central
2026-05-22,Shipped,3006,21407.00,Central
2025-02-13,Shipped,3874,40602.00,East
2024-09-08,Shipped,1028,97098.00,Central
2024-07-20,Shipped,1462,80590.00,South
2024-05-19,Shipped,2125,72210.00,North
2024-07-02,Shipped,1547,18426.00,West
2025-12-20,Shipped,4413,90943.00,Central
2024-12-01,Shipped,3794,71648.00,South
2024-08-09,Shipped,281,82170.00,North
2024-05-19,Shipped,3526,96379.00,Central
2024-04-20,Shipped,4262,75874.00,North
2025-07-10,Shipped,3767,70815.00,Central
2026-02-12,Shipped,4537,60532.00,Central
2024-05-11,Shipped,4894,35845.00,North
2026-05-13,Shipped,903,50301.00,Central
2025-12-25,Shipped,3784,11220.00,Central
2025-12-08,Shipped,3870,79922.00,North
2025-03-23,Shipped,3400,87209.00,West
2025-05-11,Shipped,2139,48446.00,Central
2026-03-18,Shipped,4074,11486.00,Central
2024-04-20,Shipped,4293,94185.00,West
2025-02-03,Shipped,4278,22779.00,West
2024-07-09,Shipped,1851,18918.00,North
2024-02-25,Shipped,4097,72455.00,Central
2025-08-27,Shipped,4179,68551.00,West
2025-01-29,Shipped,2884,76113.00,South
2026-02-16,Shipped,3197,58559.00,Central
2026-02-23,Shipped,2074,10802.00,East
2024-05-08,Shipped,15,93734.00,Central
2025-02-09,Shipped,4868,23052.00,East
2024-11-04,Shipped,3058,22218.00,North
2024-07-01,Shipped,3468,89897.00,Central
2024-05-21,Shipped,1932,74397.00,South
2024-07-17,Shipped,1404,91943.00,Central
2025-01-28,Shipped,4426,43417.00,Central
2024-08-20,Shipped,630,24665.00,North
2026-04-08,Shipped,3229,55245.00,North
2026-02-19,Shipped,848,4024.00,South
2024-01-22,Shipped,1919,11719.00,Central
2026-05-11,Shipped,1307,37214.00,Central
2026-01-15,Shipped,2250,97337.00,North
2024-09-02,Shipped,2709,65511.00,East
2024-05-15,Shipped,2279,70942.00,East
2025-05-10,Shipped,80,52844.00,Central
2024-08-27,Shipped,2515,16113.00,North
2024-09-03,Shipped,3663,32778.00,North
2024-11-22,Shipped,4274,66963.00,South
2024-12-25,Shipped,2475,11795.00,North
2025-10-31,Shipped,3420,40656.00,North
2026-04-11,Shipped,1068,91720.00,East
2026-03-15,Shipped,4170,795.00,Central
2026-01-16,Shipped,757,39280.00,West
2025-12-01,Shipped,2218,26642.00,South
2025-01-20,Shipped,504,3859.00,Central
2024-02-10,Shipped,3939,60733.00,North
2024-11-17,Shipped,1472,14820.00,North
2025-09-15,Shipped,979,72897.00,South
2024-10-27,Shipped,2103,88817.00,North
2026-04-26,Shipped,1499,32152.00,South
2026-03-10,Shipped,3617,45935.00,East
2025-08-08,Shipped,1647,57603.00,East
2025-09-02,Shipped,2596,83890.00,South
2025-07-01,Shipped,1099,66713.00,North
2025-02-22,Shipped,4299,50080.00,Central
2025-12-11,Shipped,4998,34443.00,North
2026-05-01,Shipped,802,45370.00,North
2024-02-14,Shipped,539,2294.00,South
2026-01-11,Shipped,1551,94823.00,South
2026-03-17,Shipped,3063,42838.00,East
2025-10-09,Shipped,1069,31393.00,Central
2026-04-25,Shipped,4884,30630.00,Central
2026-01-03,Shipped,3929,98196.00,Central
2025-03-21,Shipped,3842,43260.00,East
2024-11-17,Shipped,4480,28770.00,North
2024-08-03,Shipped,697,35812.00,North
2026-02-23,Shipped,2611,26057.00,Central
2024-07-23,Shipped,2344,5867.00,Central
2025-11-23,Shipped,1350,94963.00,Central
2025-09-30,Shipped,2909,42798.00,South
2024-04-27,Shipped,270,67516.00,North
2024-11-24,Shipped,3394,33245.00,North
2026-03-26,Shipped,4117,23203.00,South
2024-01-14,Shipped,1409,90356.00,North
2025-05-31,Shipped,4059,93556.00,North
2025-03-05,Shipped,2411,15269.00,Central
2026-01-23,Shipped,34,39106.00,North
2025-06-11,Shipped,2445,14308.00,North
2025-09-17,Shipped,1940,95221.00,North
2025-06-15,Shipped,4433,20581.00,West
2024-04-21,Shipped,2353,62666.00,East
2026-03-08,Shipped,1819,29284.00,Central
2025-01-09,Shipped,4408,35515.00,South
2025-05-13,Shipped,664,4221.00,North
2026-03-08,Shipped,10,75547.00,East
2025-01-26,Shipped,145,12646.00,West
2024-07-20,Shipped,1049,40533.00,West
2024-07-25,Shipped,4090,63233.00,Central
2025-05-19,Shipped,1266,5232.00,South
2024-02-07,Shipped,3858,82348.00,East
2024-06-17,Shipped,2799,88546.00,West
2024-12-03,Shipped,4953,49996.00,Central
2025-06-10,Shipped,4177,53310.00,South
2025-09-08,Shipped,4859,17581.00,Central
2026-05-15,Shipped,2476,61084.00,North
2025-02-05,Shipped,2266,44664.00,Central
2024-11-20,Shipped,1159,71865.00,North
2025-11-03,Shipped,4756,35140.00,East
2025-03-06,Shipped,1197,42822.00,North
2025-07-31,Shipped,997,77464.00,Central
2024-02-10,Shipped,3600,59203.00,East
2024-10-02,Shipped,4324,11383.00,West
2026-01-05,Shipped,1719,28059.00,Central
2024-07-05,Shipped,2480,54497.00,East
2024-05-14,Shipped,341,22198.00,Central
2024-06-01,Shipped,298,32213.00,Central
2024-08-13,Shipped,3641,64388.00,Central
2024-12-14,Shipped,3936,43049.00,South
2025-06-18,Shipped,4536,43587.00,North
2026-02-21,Shipped,4916,78347.00,South
2024-08-28,Shipped,3856,18129.00,East
2025-05-25,Shipped,2254,85120.00,East
2026-05-26,Shipped,2208,98877.00,South
2024-03-14,Shipped,1995,84150.00,Central
2024-03-18,Shipped,4680,83721.00,North
2025-07-06,Shipped,1900,16181.00,West
2026-05-11,Shipped,1089,57924.00,Central
2024-06-30,Shipped,1218,45781.00,Central
2024-01-18,Shipped,1746,4729.00,Central
2025-03-18,Shipped,2321,9406.00,East
2024-01-22,Shipped,3334,16050.00,Central
2025-09-11,Shipped,4351,35756.00,Central
2024-09-27,Shipped,1317,24525.00,Central
2024-10-31,Shipped,1161,932.00,North
2026-03-06,Shipped,4184,72741.00,North
2024-12-31,Shipped,3373,25318.00,Central
2025-04-12,Shipped,1664,7253.00,South
2025-05-13,Shipped,4094,46539.00,West
2026-05-01,Shipped,2352,75776.00,West
2025-09-12,Shipped,4971,9686.00,Central
2025-07-05,Shipped,1939,63960.00,North
2026-03-27,Shipped,562,56736.00,South
2024-06-16,Shipped,3508,3877.00,South
2024-09-05,Shipped,614,47137.00,Central
2024-08-29,Shipped,3804,44555.00,South
2025-06-26,Shipped,3571,84762.00,Central
2024-01-02,Shipped,1856,62199.00,East
2025-12-30,Shipped,2691,14130.00,Central
2024-09-23,Shipped,3442,29241.00,East
2025-04-01,Shipped,3438,36342.00,West
2024-03-20,Shipped,3254,80826.00,East
2025-10-22,Shipped,127,45810.00,Central
2024-11-23,Shipped,3407,8877.00,West
2025-07-19,Shipped,1058,92760.00,North
2025-04-19,Shipped,1653,78621.00,Central
2025-08-22,Shipped,872,78901.00,Central
2024-09-05,Shipped,3826,26930.00,Central
2026-04-22,Shipped,4610,68353.00,South
2024-05-27,Shipped,858,15207.00,Central
2024-12-12,Shipped,3425,93049.00,East
2024-08-08,Shipped,1487,83015.00,South
2025-07-22,Shipped,4424,83252.00,East
2024-05-06,Shipped,648,35872.00,South
2026-05-09,Shipped,163,15795.00,West
2026-03-27,Shipped,1808,96938.00,East
2025-03-12,Shipped,1596,33726.00,East
2026-03-07,Shipped,4242,9468.00,Central
2026-02-23,Shipped,493,9989.00,North
2025-01-19,Shipped,3027,96102.00,East
2024-12-07,Shipped,341,39698.00,North
2026-05-19,Shipped,4497,55519.00,Central
2026-02-28,Shipped,4538,74635.00,Central
2025-06-13,Shipped,586,41325.00,North
2024-02-18,Shipped,2854,1074.00,Central
2026-05-23,Shipped,3559,91663.00,South
2025-12-15,Shipped,599,70466.00,Central
2024-03-22,Shipped,1381,37771.00,Central
2026-04-25,Shipped,4708,16282.00,Central
2024-06-18,Shipped,2476,57416.00,Central
2024-05-11,Shipped,388,55671.00,North
2024-12-22,Shipped,1354,81373.00,North
2026-03-24,Shipped,192,13518.00,Central
2025-05-03,Shipped,245,4864.00,East
2024-04-02,Shipped,1858,89237.00,Central
2025-01-24,Shipped,4548,13088.00,South
2024-03-30,Shipped,3828,47797.00,West
2025-03-04,Shipped,2991,26087.00,Central
2025-05-03,Shipped,1729,54934.00,North
2024-02-27,Shipped,1004,16844.00,North
2024-12-10,Shipped,4310,40559.00,Central
2025-10-19,Shipped,527,76880.00,Central
2026-05-21,Shipped,4641,81494.00,Central
2026-01-20,Shipped,2971,92493.00,East
2024-03-11,Shipped,1022,37841.00,North
2025-08-26,Shipped,1120,41098.00,South
2026-03-20,Shipped,655,2214.00,North
2025-10-03,Shipped,1590,49871.00,Central
2025-03-31,Shipped,758,76747.00,Central
2025-04-23,Shipped,2041,68461.00,Central
2025-12-21,Shipped,1913,42060.00,East
2024-09-29,Shipped,1358,58024.00,East
2024-11-09,Shipped,374,32982.00,Central
2024-04-23,Shipped,2905,18959.00,North
2025-02-14,Shipped,1058,59928.00,West
2026-03-15,Shipped,2533,42180.00,North
2025-08-10,Shipped,4614,61628.00,Central
2025-04-24,Shipped,3332,19138.00,South
2026-05-19,Shipped,1218,7590.00,West
2025-10-31,Shipped,3183,79043.00,Central
2024-05-17,Shipped,4617,76815.00,North
2024-05-01,Shipped,3403,95358.00,Central
2024-05-23,Shipped,2084,25290.00,Central
2024-02-21,Shipped,772,26353.00,North
2024-11-06,Shipped,3310,3535.00,Central
2026-02-20,Shipped,1959,56619.00,Central
2025-03-18,Shipped,986,44792.00,Central
2025-02-26,Shipped,3045,22146.00,North
2024-11-23,Shipped,460,20262.00,East
2026-02-25,Shipped,4283,89079.00,East
2024-06-18,Shipped,4183,57500.00,West
2024-08-31,Shipped,4998,50240.00,Central
2025-02-14,Shipped,3476,32592.00,South
2025-10-17,Shipped,1730,75127.00,North
2026-02-09,Shipped,1783,31386.00,South
2026-04-28,Shipped,485,46147.00,North
2024-04-03,Shipped,3425,82648.00,Central
2024-07-06,Shipped,1161,71161.00,West
2025-08-21,Shipped,4862,78899.00,Central
2024-12-19,Shipped,3137,43717.00,North
2025-03-14,Shipped,1440,91593.00,Central
2025-11-07,Shipped,3911,91450.00,East
2025-07-08,Shipped,4573,19030.00,West
2024-01-04,Shipped,637,62832.00,Central
2024-02-08,Shipped,4814,40411.00,South
2025-01-13,Shipped,4388,9488.00,Central
2024-02-18,Shipped,2737,58089.00,Central
2024-12-02,Shipped,3828,76676.00,South
2024-12-17,Shipped,35,15800.00,Central
2026-01-26,Shipped,1913,4836.00,Central
2024-05-27,Shipped,2752,67716.00,East
2025-04-22,Shipped,3385,35396.00,Central
2026-05-26,Shipped,4335,7570.00,South
2025-03-22,Shipped,1872,73912.00,North
2025-06-30,Shipped,2852,27092.00,Central
2026-01-26,Shipped,3052,13721.00,North
2025-08-26,Shipped,496,44224.00,Central
2026-03-04,Shipped,4383,67190.00,West
2024-08-31,Shipped,1748,14774.00,South
2025-08-07,Shipped,761,84266.00,Central
2026-05-25,Shipped,2704,1328.00,South
2025-12-20,Shipped,4219,6413.00,East
2025-06-03,Shipped,4859,85456.00,Central
2024-09-15,Shipped,1115,24738.00,South
2025-07-22,Shipped,392,24789.00,North
2025-05-26,Shipped,3714,43820.00,North
2024-02-04,Shipped,1888,85701.00,Central
2024-12-17,Shipped,321,80588.00,North
2026-01-26,Shipped,4136,50351.00,Central
2024-06-26,Shipped,1781,70791.00,East
2024-05-30,Shipped,439,2855.00,South
2026-02-10,Shipped,1507,13076.00,East
2025-02-06,Shipped,3645,46651.00,West
2025-09-27,Shipped,895,84703.00,Central
2025-06-26,Shipped,4265,66073.00,North
2025-04-21,Shipped,234,76712.00,North
2024-06-02,Shipped,4062,54034.00,West
2025-04-01,Shipped,3852,24983.00,North
2024-07-14,Shipped,479,24005.00,Central
2024-05-01,Shipped,3154,94408.00,West
2025-10-07,Shipped,4209,25610.00,Central
2024-01-19,Shipped,1355,95709.00,East
2025-05-15,Shipped,1889,6286.00,South
2026-02-24,Shipped,931,54599.00,North
2024-07-14,Shipped,105,55085.00,South
2024-04-27,Shipped,1973,68478.00,Central
2025-03-01,Shipped,890,57189.00,West
2024-12-01,Shipped,1100,54740.00,North
2024-08-11,Shipped,2335,64285.00,South
2026-02-25,Shipped,1618,41779.00,Central
2025-05-02,Shipped,2969,67178.00,South
2025-12-27,Shipped,2980,59510.00,Central
2025-10-08,Shipped,3148,10957.00,South
2024-11-24,Shipped,2340,1346.00,Central
2024-02-08,Shipped,4625,63870.00,Central
2025-12-17,Shipped,3557,16209.00,West
2024-08-08,Shipped,1505,87589.00,Central
2026-03-14,Shipped,4446,27691.00,North
2024-10-21,Shipped,4453,86497.00,Central
2024-06-23,Shipped,2142,53362.00,Central
2024-09-21,Shipped,1958,68980.00,Central
2025-01-01,Shipped,1589,60890.00,West
2025-06-21,Shipped,2484,32442.00,North
2024-06-29,Shipped,1673,66142.00,Central
2025-02-17,Shipped,2973,53476.00,Central
2024-06-29,Shipped,122,78773.00,South
2024-12-09,Shipped,2671,74781.00,South
2025-03-03,Shipped,2550,84687.00,Central
2026-02-27,Shipped,3652,18267.00,North
2025-12-20,Shipped,465,71909.00,Central
2024-01-21,Shipped,1263,70555.00,Central
2026-05-10,Shipped,736,2982.00,Central
2025-02-10,Shipped,4540,83994.00,Central
2025-08-14,Shipped,4524,29907.00,East
2024-05-01,Shipped,3802,78363.00,North
2025-09-22,Shipped,151,61079.00,West
2024-05-05,Shipped,2430,19011.00,Central
2026-04-01,Shipped,508,62209.00,Central
2026-04-16,Shipped,3044,73271.00,Central
2025-08-07,Shipped,2767,81591.00,Central
2024-04-09,Shipped,457,98531.00,Central
2025-08-24,Shipped,3985,36163.00,West
2024-07-01,Shipped,1882,90914.00,Central
2026-04-05,Shipped,4386,81683.00,Central
2024-01-10,Shipped,734,86526.00,South
2024-08-07,Shipped,2166,97751.00,Central
2024-07-04,Shipped,2190,24956.00,Central
2024-03-15,Shipped,2045,81760.00,West
2024-06-06,Shipped,560,97307.00,Central
2025-03-01,Shipped,4603,16563.00,North
2024-10-08,Shipped,2056,81098.00,South
2026-01-09,Shipped,4165,44376.00,Central
2025-05-09,Shipped,3420,77222.00,Central
2024-03-21,Shipped,1935,27334.00,West
2024-11-16,Shipped,4180,12976.00,South
2026-05-23,Shipped,3048,61595.00,North
2024-01-11,Shipped,1293,83416.00,West
2026-04-13,Shipped,2486,59922.00,Central
2025-03-01,Shipped,3112,22664.00,Central
2024-06-25,Shipped,1882,283.00,North
2024-11-30,Shipped,3145,702.00,North
2024-04-18,Shipped,1370,20236.00,South
2024-05-18,Shipped,865,82395.00,Central
2026-01-01,Shipped,1114,15963.00,Central
2025-02-28,Shipped,4879,66505.00,East
2024-12-10,Shipped,4095,61068.00,South
2024-05-10,Shipped,3317,30895.00,East
2025-04-14,Shipped,3349,6667.00,Central
2024-12-16,Shipped,4785,997.00,South
2025-10-04,Shipped,1708,39769.00,North
2025-10-30,Shipped,2689,91478.00,West
2026-05-18,Shipped,1677,36954.00,Central
2024-02-16,Shipped,4157,9440.00,West
2025-02-11,Shipped,4014,75337.00,Central
2026-01-28,Shipped,4699,153.00,South
2026-05-08,Shipped,3858,66003.00,North
2025-07-29,Shipped,1295,79692.00,West
2024-12-05,Shipped,946,22812.00,Central
2026-05-24,Shipped,695,60600.00,Central
2025-08-10,Shipped,4995,45199.00,Central
2025-12-09,Shipped,1246,96194.00,Central
2026-02-25,Shipped,819,60864.00,Central
2025-08-12,Shipped,2774,86256.00,Central
2024-07-16,Shipped,571,4257.00,Central
2025-12-12,Shipped,1702,95305.00,Central
2026-02-14,Shipped,1050,14247.00,Central
2025-04-03,Shipped,4806,2691.00,North
2024-07-28,Shipped,4795,95341.00,East
2026-03-28,Shipped,2721,67278.00,West
2024-06-27,Shipped,2638,11116.00,South
2024-11-24,Shipped,1876,78386.00,West
2025-01-07,Shipped,498,89304.00,Central
2025-04-04,Shipped,906,59979.00,East
2025-10-17,Shipped,4448,4904.00,South
2025-10-20,Shipped,1098,95504.00,East
2026-04-05,Shipped,2679,58200.00,Central
2025-08-19,Shipped,3849,44751.00,North
2024-01-28,Shipped,4795,78243.00,Central
2024-11-27,Shipped,1472,56435.00,West
2025-11-29,Shipped,169,57109.00,South
2024-02-16,Shipped,4903,71589.00,West
2025-03-08,Shipped,1549,60299.00,Central
2025-12-03,Shipped,4178,64809.00,Central
2024-01-16,Shipped,2273,79535.00,Central
2026-03-04,Shipped,1890,12127.00,South
2024-07-16,Shipped,2369,23323.00,Central
2024-11-27,Shipped,122,65301.00,Central
2025-12-13,Shipped,857,7247.00,East
2024-08-01,Shipped,159,81482.00,Central
2025-12-25,Shipped,3664,38396.00,North
2024-08-05,Shipped,1955,30537.00,South
2026-04-30,Shipped,2474,88302.00,Central
2025-03-16,Shipped,2750,58872.00,North
2025-10-13,Shipped,2861,35893.00,Central
2024-09-27,Shipped,4385,11249.00,Central
2026-01-19,Shipped,1109,83850.00,Central
2025-10-04,Shipped,4995,30610.00,North
2025-02-14,Shipped,1453,25525.00,East
2026-01-24,Shipped,1516,59822.00,Central
2026-05-20,Shipped,4382,10581.00,North
2025-05-28,Shipped,1521,9735.00,West
2025-08-14,Shipped,2961,51806.00,South
2026-04-07,Shipped,3986,12375.00,Central
2024-12-12,Shipped,694,57323.00,West
2024-04-05,Shipped,1339,54825.00,Central
2025-08-04,Shipped,3602,59703.00,North
2024-10-25,Shipped,3609,6762.00,Central
2024-11-16,Shipped,1016,59443.00,Central
2025-03-01,Shipped,4535,50308.00,North
2024-01-12,Shipped,137,8334.00,East
2024-09-02,Shipped,2671,70354.00,East
2025-07-13,Shipped,4822,18892.00,Central
2024-12-07,Shipped,448,8291.00,South
2024-06-26,Shipped,673,39229.00,North
2024-10-09,Shipped,3571,73209.00,Central
2025-07-21,Shipped,658,30559.00,North
2024-11-03,Shipped,1111,64323.00,West
2025-09-24,Shipped,2805,3716.00,Central
2026-02-26,Shipped,2526,19042.00,Central
2026-04-04,Shipped,2781,58532.00,North
2026-01-04,Shipped,3485,25419.00,Central
2024-03-13,Shipped,1144,36649.00,Central
2024-08-17,Shipped,1652,64751.00,South
2025-10-09,Shipped,2545,59300.00,South
2025-02-01,Shipped,4393,92137.00,North
2024-04-03,Shipped,4018,5692.00,South
2026-02-16,Shipped,3586,44197.00,West
2024-02-14,Shipped,1324,88744.00,South
2025-09-23,Shipped,4961,73203.00,Central
2024-12-19,Shipped,3979,30684.00,Central
2026-01-31,Shipped,4195,7132.00,Central
2024-08-11,Shipped,3812,74486.00,West
2024-06-30,Shipped,4343,29254.00,Central
2024-04-20,Shipped,1825,18279.00,West
2024-05-18,Shipped,361,28348.00,Central
2024-03-07,Shipped,1305,20459.00,North
2025-03-30,Shipped,2764,68396.00,North
2024-12-30,Shipped,3483,8427.00,East
2026-01-02,Shipped,927,7908.00,East
2025-11-07,Shipped,1328,94614.00,Central
2024-04-22,Shipped,4583,56491.00,East
2025-12-10,Shipped,1644,28124.00,Central
2026-04-22,Shipped,3361,59458.00,North
2026-04-20,Shipped,1282,73847.00,East
2025-09-06,Shipped,2239,24940.00,Central
2026-02-24,Shipped,3672,60997.00,East
2024-01-14,Shipped,4679,11227.00,Central
2025-12-25,Shipped,3761,27051.00,East
2025-07-12,Shipped,224,88490.00,West
2024-06-22,Shipped,1339,94788.00,North
2026-04-20,Shipped,1570,92948.00,West
2024-08-06,Shipped,2850,74261.00,South
2025-12-16,Shipped,44,5177.00,Central
2024-09-03,Shipped,2628,28936.00,Central
2026-04-07,Shipped,4784,2331.00,Central
2026-02-03,Shipped,3347,15872.00,Central
2025-10-14,Shipped,3225,51687.00,Central
2026-04-20,Shipped,4347,72422.00,Central
2026-04-10,Shipped,1195,29585.00,Central
2025-07-01,Shipped,399,26555.00,Central
2024-03-12,Shipped,372,46579.00,West
2026-01-27,Shipped,3893,70693.00,Central
2025-02-04,Shipped,1908,77700.00,North
2025-11-22,Shipped,619,82085.00,North
2026-05-26,Shipped,2315,37620.00,Central
2024-12-20,Shipped,2095,8558.00,South
2024-07-31,Shipped,1233,36327.00,Central
2024-12-19,Shipped,1656,61210.00,Central
2024-04-15,Shipped,2344,45178.00,Central
2024-11-28,Shipped,4593,82457.00,Central
2026-02-14,Shipped,4946,66036.00,North
2025-09-16,Shipped,2190,98459.00,Central
2025-05-07,Shipped,4631,75698.00,Central
2024-01-27,Shipped,2578,45409.00,North
2024-12-28,Shipped,2440,58297.00,Central
2026-04-18,Shipped,4288,21448.00,Central
2024-08-13,Shipped,3109,42392.00,North
2024-01-14,Shipped,763,9514.00,East
2025-01-27,Shipped,4268,39884.00,Central
2025-03-17,Shipped,4918,50832.00,Central
2024-01-09,Shipped,923,66448.00,East
2025-10-02,Shipped,4476,6321.00,North
2026-01-04,Shipped,774,52179.00,Central
2025-08-02,Shipped,364,8171.00,North
2025-02-23,Shipped,230,34941.00,Central
2024-12-06,Shipped,2267,77948.00,Central
2026-04-20,Shipped,3918,91234.00,North
2025-06-24,Shipped,1333,81479.00,Central
2026-01-27,Shipped,3683,44649.00,West
2024-05-30,Shipped,366,69051.00,South
2024-10-18,Shipped,4109,24385.00,East
2025-05-16,Shipped,1797,20946.00,North
2024-07-30,Shipped,4053,11595.00,West
2026-03-14,Shipped,866,57368.00,South
2024-10-15,Shipped,395,79416.00,Central
2025-02-07,Shipped,3360,31824.00,South
2026-03-26,Shipped,4557,50097.00,Central
2025-01-11,Shipped,2893,24292.00,Central
2024-06-04,Shipped,3217,65098.00,Central
2025-03-10,Shipped,4881,12108.00,South
2024-10-18,Shipped,3623,82554.00,North
2025-01-23,Shipped,3330,23274.00,Central
2025-07-24,Shipped,3831,68206.00,Central
2026-02-28,Shipped,3681,53407.00,North
2026-04-13,Shipped,4165,61468.00,West
2026-01-17,Shipped,1942,37395.00,Central
2024-12-25,Shipped,3833,61763.00,Central
2024-03-15,Shipped,4253,23963.00,West
2026-03-22,Shipped,2488,19295.00,South
2025-06-01,Shipped,4056,94110.00,Central
2025-10-14,Shipped,4378,80497.00,Central
2024-06-19,Shipped,2784,27126.00,West
2024-01-29,Shipped,869,14045.00,East
2024-04-20,Shipped,245,8268.00,South
2024-04-02,Shipped,1208,35787.00,West
2024-12-14,Shipped,2698,44506.00,West
2025-01-20,Shipped,3055,52416.00,Central
2024-04-28,Shipped,1000,85277.00,Central
2025-01-29,Shipped,935,16055.00,North
2026-05-15,Shipped,664,2336.00,North
2024-12-15,Shipped,3004,56916.00,Central
2024-03-15,Shipped,3646,85050.00,Central
2024-02-21,Shipped,1185,94539.00,West
2025-12-18,Shipped,1362,55323.00,South
2025-01-31,Shipped,3019,34049.00,South
2025-05-06,Shipped,2073,93208.00,Central
2024-06-26,Shipped,4906,76344.00,Central
2024-11-29,Shipped,3917,58729.00,Central
2024-03-25,Shipped,3667,8303.00,South
2024-07-18,Shipped,2054,7100.00,West
2026-05-05,Shipped,2542,94373.00,Central
2024-12-02,Shipped,3233,71344.00,West
2025-05-05,Shipped,525,41145.00,West
2025-02-01,Shipped,3146,94307.00,North
2024-05-03,Shipped,2839,79749.00,Central
2025-07-18,Shipped,2534,7729.00,Central
2024-08-21,Shipped,550,38451.00,Central
2026-01-28,Shipped,2680,93965.00,North
2024-06-10,Shipped,2282,17878.00,East
2025-04-28,Shipped,2467,82370.00,Central
2024-09-13,Shipped,1112,30010.00,North
2024-12-03,Shipped,2018,14457.00,South
2025-07-19,Shipped,2567,21443.00,Central
2025-08-10,Shipped,26,3916.00,North
2024-10-14,Shipped,2640,47089.00,Central
2025-06-24,Shipped,331,94613.00,North
2026-04-20,Shipped,1495,11776.00,Central
2026-04-26,Shipped,634,46637.00,North
2024-11-20,Shipped,1764,22701.00,West
2026-01-04,Shipped,474,30099.00,Central
2024-05-01,Shipped,1024,64614.00,North
2024-10-18,Shipped,2615,743.00,North
2024-06-14,Shipped,2474,11311.00,Central
2024-12-16,Shipped,4117,58200.00,North
2024-05-02,Shipped,3646,73841.00,Central
2025-07-16,Shipped,2321,57478.00,Central
2025-05-07,Shipped,575,68328.00,Central
2024-02-13,Shipped,2318,10742.00,Central
2024-11-29,Shipped,776,53913.00,Central
2026-03-27,Shipped,2322,33704.00,Central
2025-06-14,Shipped,4140,61819.00,Central
2025-11-18,Shipped,4571,81179.00,South
2024-03-31,Shipped,371,83339.00,North
2025-08-06,Shipped,756,90743.00,Central
2025-02-19,Shipped,2998,97157.00,Central
2025-04-05,Shipped,3309,23042.00,South
2024-07-06,Shipped,4206,75048.00,North
2024-12-13,Shipped,84,95165.00,North
2024-09-07,Shipped,4807,61392.00,Central
2026-02-02,Shipped,2248,10970.00,Central
2026-04-25,Shipped,2997,16737.00,South
2025-01-23,Shipped,4703,97540.00,Central
2024-02-05,Shipped,4213,96078.00,Central
2024-05-26,Shipped,1843,68949.00,Central
2026-02-03,Shipped,3941,80542.00,Central
2024-02-17,Shipped,1522,1091.00,Central
2024-07-07,Shipped,4600,24934.00,East
2024-05-21,Shipped,1706,28286.00,South
2024-11-05,Shipped,734,12688.00,Central
2024-09-07,Shipped,3706,53792.00,North
2025-04-02,Shipped,922,77955.00,Central
2024-12-28,Shipped,897,40986.00,Central
2024-01-16,Shipped,2610,48393.00,Central
2025-09-19,Shipped,4066,95538.00,West
2024-06-30,Shipped,231,83377.00,Central
2026-04-04,Shipped,4677,43733.00,East
2025-09-15,Shipped,2663,29608.00,North
2025-04-06,Shipped,424,18364.00,Central
2024-06-02,Shipped,1834,26759.00,East
2025-01-31,Shipped,1902,1774.00,Central
2025-11-07,Shipped,2127,22902.00,West
2026-02-21,Shipped,1812,62749.00,North
2024-01-01,Shipped,3434,86442.00,Central
2025-07-31,Shipped,4253,71261.00,Central
2025-09-14,Shipped,1676,25649.00,East
2025-11-22,Shipped,737,19079.00,East
2024-09-18,Shipped,4860,74538.00,East
2026-04-16,Shipped,3422,2336.00,East
2025-04-29,Shipped,2099,9311.00,Central
2024-02-05,Shipped,3290,80510.00,Central
2024-02-01,Shipped,3652,72496.00,Central
2026-03-04,Shipped,9,71120.00,Central
2025-12-28,Shipped,655,94855.00,North
2026-04-10,Shipped,1160,60928.00,Central
2024-07-04,Shipped,3605,27909.00,North
2024-03-11,Shipped,4640,83041.00,Central
2024-11-24,Shipped,4756,40144.00,West
2024-03-24,Shipped,1853,8460.00,Central
2024-11-08,Shipped,643,96487.00,Central
2025-04-22,Shipped,3681,28719.00,East
2025-12-11,Shipped,1584,58657.00,West
2025-11-20,Shipped,1658,12597.00,East
2025-12-26,Shipped,2659,22892.00,East
2026-02-14,Shipped,928,23791.00,South
2025-10-28,Shipped,1586,83399.00,Central
2024-07-02,Shipped,3439,54010.00,Central
2025-01-15,Shipped,3063,73538.00,West
2025-05-16,Shipped,4678,29713.00,North
2026-01-03,Shipped,3590,22405.00,South
2025-05-23,Shipped,3438,98490.00,Central
2024-03-19,Shipped,3358,11579.00,Central
2024-12-10,Shipped,4004,882.00,Central
2024-11-11,Shipped,1144,48924.00,Central
2024-09-30,Shipped,3751,82831.00,North
2025-12-12,Shipped,2810,21169.00,Central
2024-10-26,Shipped,845,83069.00,West
2026-02-01,Shipped,62,25922.00,Central
2024-03-12,Shipped,1802,44850.00,Central
2024-04-29,Shipped,3229,16616.00,South
2025-05-03,Shipped,1077,36980.00,South
2026-01-11,Shipped,277,13921.00,South
2025-10-27,Shipped,2292,93394.00,Central
2024-04-26,Shipped,1893,25432.00,South
2025-07-23,Shipped,1997,54928.00,North
2024-07-30,Shipped,1330,42053.00,Central
2026-01-27,Shipped,687,53224.00,Central
2025-11-20,Shipped,3808,16164.00,South
2024-06-16,Shipped,2057,57684.00,East
2026-01-24,Shipped,4986,46294.00,North
2024-11-26,Shipped,3106,32768.00,Central
2025-11-07,Shipped,1543,15951.00,South
2025-01-24,Shipped,3780,60592.00,East
2025-11-13,Shipped,1173,29743.00,East
2024-12-14,Shipped,883,8512.00,West
2024-03-16,Shipped,2327,31127.00,Central
2024-12-19,Shipped,845,88170.00,Central
2025-09-01,Shipped,366,36200.00,East
2024-03-02,Shipped,861,31761.00,West
2024-11-30,Shipped,1707,3372.00,South
2025-03-02,Shipped,4062,51921.00,East
2024-02-17,Shipped,3891,11148.00,Central
2024-01-07,Shipped,3710,61055.00,North
2024-06-07,Shipped,3358,28628.00,North
2025-01-18,Shipped,290,3602.00,North
2025-11-28,Shipped,4868,24821.00,Central
2025-10-02,Shipped,2982,92414.00,North
2024-07-04,Shipped,4830,80338.00,West
2024-06-09,Shipped,1601,31015.00,West
2026-05-03,Shipped,4311,55020.00,Central
2025-08-11,Shipped,4474,67245.00,North
2025-12-04,Shipped,39,61190.00,South
2024-03-07,Shipped,1571,91410.00,Central
2026-01-18,Shipped,4294,42872.00,South
2026-03-21,Shipped,3108,29094.00,East
2024-01-14,Shipped,1181,10480.00,West
2024-02-19,Shipped,4058,89784.00,North
2024-01-08,Shipped,4737,28562.00,West
2026-03-26,Shipped,2369,67468.00,Central
2024-03-13,Shipped,271,53953.00,Central
2024-12-24,Shipped,2494,58004.00,East
2026-02-28,Shipped,2244,55905.00,South
2025-08-10,Shipped,4542,10168.00,South
2026-01-09,Shipped,4683,42996.00,East
2025-07-13,Shipped,2311,93850.00,Central
2024-01-09,Shipped,1436,97128.00,West
2026-01-26,Shipped,4985,33441.00,Central
2024-06-27,Shipped,3251,1217.00,Central
2025-02-08,Shipped,269,37514.00,South
2025-11-23,Shipped,4676,12741.00,Central
2025-11-01,Shipped,4159,82439.00,Central
2024-09-15,Shipped,1790,15903.00,North
2026-05-08,Shipped,640,6292.00,West
2024-07-02,Shipped,3352,31422.00,Central
2025-12-23,Shipped,4306,1317.00,South
2024-07-18,Shipped,3089,85606.00,South
2024-10-18,Shipped,2036,29984.00,Central
2026-05-24,Shipped,135,77370.00,South
2026-05-15,Shipped,3533,3860.00,Central
2024-08-27,Shipped,989,36537.00,Central
2025-07-21,Shipped,1756,73643.00,North
2025-08-08,Shipped,2106,22938.00,North
2025-02-27,Shipped,2551,8740.00,West
2025-05-10,Shipped,1215,45841.00,Central
2025-07-20,Shipped,259,8376.00,South
2025-06-21,Shipped,491,44269.00,North
2025-10-27,Shipped,2627,66009.00,Central
2024-09-21,Shipped,1869,73994.00,Central
2025-03-06,Shipped,730,72298.00,North
2025-07-01,Shipped,4464,92224.00,North
2025-04-16,Shipped,2288,26038.00,East
2026-01-29,Shipped,3569,24946.00,West
2025-11-06,Shipped,3995,34851.00,East
2024-04-20,Shipped,4593,41475.00,West
2026-02-09,Shipped,259,7329.00,West
2025-08-25,Shipped,1304,87691.00,Central
2024-10-08,Shipped,1885,55807.00,Central
2025-11-26,Shipped,434,595.00,East
2024-05-31,Shipped,4660,29704.00,East
2025-02-25,Shipped,1767,27408.00,West
2025-03-09,Shipped,2487,75676.00,East
2025-06-06,Shipped,2009,36077.00,Central
2026-01-19,Shipped,4116,52467.00,North
2025-08-01,Shipped,1288,57783.00,Central
2026-02-15,Shipped,1276,17653.00,East
2026-01-31,Shipped,4015,74556.00,North
2026-05-13,Shipped,2983,56755.00,Central
2024-03-19,Shipped,1974,22283.00,South
2024-12-17,Shipped,104,2378.00,North
2025-11-08,Shipped,3168,50585.00,Central
2025-11-02,Shipped,2203,65206.00,East
2025-11-17,Shipped,4607,25454.00,North
2024-10-29,Shipped,1925,10772.00,East
2025-09-04,Shipped,3477,65032.00,Central
2026-03-23,Shipped,1862,61477.00,Central
2025-03-08,Shipped,3791,23148.00,South
2025-11-04,Shipped,4904,26026.00,West
2025-04-26,Shipped,2371,76581.00,West
2025-10-13,Shipped,3447,76146.00,North
2024-04-16,Shipped,103,53430.00,Central
2024-03-31,Shipped,332,33670.00,Central
2025-05-12,Shipped,3014,30445.00,South
2025-10-11,Shipped,459,51985.00,West
2024-08-23,Shipped,1144,74557.00,South
2024-07-31,Shipped,2711,10422.00,North
2025-07-18,Shipped,1277,7848.00,Central
2024-06-17,Shipped,3061,20966.00,West
2025-05-21,Shipped,1481,85106.00,North
2024-09-27,Shipped,3358,69534.00,East
2026-05-08,Shipped,2274,55213.00,North
2024-04-09,Shipped,1683,92634.00,East
2026-05-25,Shipped,3631,30674.00,North
2026-03-25,Shipped,4328,12977.00,East
2024-01-23,Shipped,3640,12976.00,West
2024-04-23,Shipped,1205,75837.00,East
2024-08-24,Shipped,4204,5382.00,Central
2024-04-07,Shipped,110,43664.00,Central
2025-07-20,Shipped,3485,30431.00,Central
2025-04-21,Shipped,4940,37227.00,North
2024-03-10,Shipped,1420,14764.00,East
2024-05-15,Shipped,4610,63128.00,South
2024-07-31,Shipped,4881,60092.00,South
2025-04-14,Shipped,3370,77964.00,Central
2024-08-18,Shipped,2343,35044.00,South
2024-02-23,Shipped,3286,95878.00,East
2025-02-25,Shipped,4846,49098.00,North
2024-02-06,Shipped,2269,16360.00,Central
2026-05-14,Shipped,3367,91263.00,Central
2025-05-31,Shipped,3366,61733.00,South
2024-08-09,Shipped,4639,58298.00,North
2024-09-30,Shipped,3364,60984.00,North
2024-12-01,Shipped,4731,2396.00,West
2025-07-29,Shipped,4319,24614.00,North
2025-01-16,Shipped,3256,38909.00,South
2025-04-23,Shipped,4731,39799.00,Central
2025-06-01,Shipped,2293,60188.00,North
2024-02-02,Shipped,3978,68584.00,North
2025-10-12,Shipped,4824,58659.00,North
2024-03-22,Shipped,3799,77912.00,West
2024-08-03,Shipped,1411,90956.00,North
2025-05-14,Shipped,1078,48279.00,South
2025-12-09,Shipped,2697,82908.00,Central
2026-02-27,Shipped,2650,21991.00,Central
2024-04-26,Shipped,2730,41302.00,West
2024-12-06,Shipped,4542,72015.00,North
2024-10-19,Shipped,400,84109.00,West
2025-08-29,Shipped,4346,47936.00,Central
2024-11-26,Shipped,34,4010.00,North
2024-12-14,Shipped,1365,13027.00,Central
2025-10-18,Shipped,1451,58935.00,East
2026-01-14,Shipped,3768,38024.00,North
2025-05-20,Shipped,4675,98352.00,East
2024-10-12,Shipped,828,33891.00,Central
2024-11-08,Shipped,1753,25137.00,East
2024-11-18,Shipped,3889,60883.00,Central
2026-03-07,Shipped,1646,21186.00,Central
2026-04-18,Shipped,315,94692.00,North
2026-04-24,Shipped,4316,63938.00,South
2025-05-15,Shipped,362,54059.00,Central
2024-06-25,Shipped,3515,7092.00,North
2024-12-08,Shipped,3904,8264.00,Central
2026-03-12,Shipped,4952,10845.00,Central
2024-01-03,Shipped,3359,59970.00,Central
2024-03-07,Shipped,1356,15382.00,Central
2024-01-09,Shipped,43,15848.00,Central
2025-12-29,Shipped,282,63566.00,East
2024-01-06,Shipped,3487,38337.00,Central
2024-01-19,Shipped,4671,71195.00,North
2025-01-06,Shipped,3252,98302.00,Central
2025-11-05,Shipped,1088,30118.00,Central
2024-06-03,Shipped,2067,65942.00,South
2024-07-10,Shipped,4630,51415.00,North
2024-10-02,Shipped,249,85017.00,West
2025-12-02,Shipped,403,87827.00,Central
2024-03-17,Shipped,1904,6932.00,Central
2024-04-19,Shipped,1595,53405.00,North
2024-07-29,Shipped,1251,91300.00,Central
2025-05-23,Shipped,2054,62165.00,Central
2024-06-07,Shipped,3880,31322.00,West
2026-02-19,Shipped,1231,48983.00,South
2025-09-14,Shipped,998,44355.00,Central
2024-08-26,Shipped,3294,91522.00,Central
2025-03-02,Shipped,162,73895.00,Central
2025-10-16,Shipped,3140,74600.00,Central
2026-03-01,Shipped,2257,92645.00,Central
2024-11-17,Shipped,4412,48995.00,North
2025-09-21,Shipped,4677,39519.00,North
2024-08-06,Shipped,161,47440.00,South
2025-02-20,Shipped,992,70726.00,South
2024-12-04,Shipped,2144,46726.00,North
2025-12-02,Shipped,3564,5065.00,Central
2024-04-19,Shipped,3136,98776.00,East
2025-09-01,Shipped,3815,29766.00,South
2025-09-28,Shipped,1580,47439.00,East
2025-07-06,Shipped,4255,49544.00,Central
2025-06-21,Shipped,4444,85887.00,West
2024-08-18,Shipped,2139,71660.00,South
2024-02-25,Shipped,4139,95309.00,Central
2025-10-31,Shipped,2316,76142.00,Central
2024-03-05,Shipped,4284,92059.00,North
2025-10-12,Shipped,4693,61420.00,Central
2024-11-20,Shipped,89,93590.00,North
2024-03-09,Shipped,635,3626.00,North
2026-05-07,Shipped,1130,28319.00,West
2024-08-11,Shipped,2881,44756.00,South
2025-07-05,Shipped,293,65018.00,North
2025-04-21,Shipped,2354,9230.00,South
2024-03-08,Shipped,3241,12912.00,Central
2025-01-18,Shipped,3823,25777.00,South
2024-06-30,Shipped,2862,34044.00,Central
2024-01-24,Shipped,3155,97820.00,Central
2025-11-04,Shipped,1300,77399.00,South
2026-01-12,Shipped,3914,61605.00,Central
2024-01-11,Shipped,3062,53782.00,Central
2024-02-27,Shipped,3051,75829.00,Central
2025-07-17,Shipped,3276,17732.00,Central
2024-04-11,Shipped,4434,54677.00,Central
2025-03-24,Shipped,3625,77660.00,Central
2024-11-29,Shipped,2273,85743.00,West
2024-10-26,Shipped,4772,16763.00,North
2025-08-04,Shipped,3386,31281.00,East
2026-04-17,Shipped,507,39993.00,East
2024-08-28,Shipped,4639,51988.00,North
2025-10-15,Shipped,2908,53403.00,Central
2025-09-21,Shipped,2058,79182.00,Central
2025-02-19,Shipped,4177,27155.00,East
2025-03-12,Shipped,4793,40788.00,West
2024-02-07,Shipped,3559,90319.00,Central
2025-02-18,Shipped,3305,9486.00,Central
2025-07-29,Shipped,2619,65880.00,West
2026-03-24,Shipped,492,32836.00,Central
2025-12-31,Shipped,244,62782.00,North
2026-04-09,Shipped,2546,20488.00,East
2025-08-07,Shipped,1477,69958.00,South
2024-05-13,Shipped,3186,13944.00,South
2024-01-03,Shipped,3216,63412.00,South
2025-08-02,Shipped,2906,69842.00,North
2024-04-30,Shipped,2956,48517.00,Central
2024-09-05,Shipped,2151,45577.00,Central
2025-04-07,Shipped,1705,7156.00,East
2025-10-28,Shipped,4129,76943.00,North
2024-02-15,Shipped,1407,85512.00,South
2025-01-21,Shipped,3329,89036.00,West
2025-11-21,Shipped,2415,9944.00,South
2025-02-10,Shipped,4845,33611.00,East
2024-07-19,Shipped,4013,34351.00,Central
2025-03-30,Shipped,2893,44410.00,Central
2024-08-07,Shipped,632,71840.00,North
2024-04-24,Shipped,1564,97975.00,North
2024-08-08,Shipped,118,46988.00,Central
2024-01-05,Shipped,2701,50710.00,South
2025-08-03,Shipped,4146,73203.00,North
2026-05-24,Shipped,4211,34197.00,Central
2026-04-06,Shipped,932,88116.00,Central
2025-07-29,Shipped,3985,5261.00,Central
2026-03-04,Shipped,4639,51192.00,Central
2025-01-31,Shipped,963,33622.00,South
2025-11-07,Shipped,1689,77868.00,North
2024-04-04,Shipped,1572,49094.00,Central
2024-08-28,Shipped,237,85384.00,Central
2025-08-07,Shipped,2791,83459.00,East
2025-07-02,Shipped,4686,2598.00,Central
2026-05-03,Shipped,1110,79802.00,Central
2024-11-23,Shipped,1926,31513.00,North
2024-10-03,Shipped,11,89238.00,Central
2024-02-05,Shipped,3111,8496.00,North
2024-07-13,Shipped,4091,30740.00,Central
2024-02-02,Shipped,4106,78485.00,South
2025-07-10,Shipped,3554,4253.00,South
2024-07-31,Shipped,2644,10470.00,Central
2025-04-27,Shipped,24,77763.00,East
2026-02-23,Shipped,2233,57975.00,Central
2024-03-18,Shipped,3448,87574.00,East
2025-11-06,Shipped,4559,96260.00,West
2026-05-05,Shipped,4885,71470.00,South
2024-03-11,Shipped,2077,59559.00,North
2024-10-15,Shipped,2326,32188.00,West
2024-05-21,Shipped,4229,35815.00,North
2024-03-04,Shipped,4958,4635.00,West
2025-06-29,Shipped,283,3393.00,Central
2026-01-16,Shipped,4009,7718.00,Central
2026-03-30,Shipped,1841,78888.00,Central
2026-03-12,Shipped,2781,90564.00,South
2024-10-30,Shipped,1822,14270.00,Central
2024-07-11,Shipped,2021,75283.00,North
2026-05-18,Shipped,3046,20152.00,Central
2026-02-17,Shipped,1911,51651.00,South
2025-07-10,Shipped,2843,46659.00,Central
2026-02-09,Shipped,1692,96362.00,South
2025-12-26,Shipped,4234,77662.00,West
2025-03-10,Shipped,3821,49418.00,North
2024-05-21,Shipped,2838,30805.00,Central
2025-07-27,Shipped,4568,80289.00,Central
2025-10-02,Shipped,720,6064.00,Central
2024-03-01,Shipped,1751,92674.00,West
2024-04-30,Shipped,3242,84932.00,North
2024-09-02,Shipped,151,25402.00,Central
2026-02-16,Shipped,1707,78683.00,West
2024-09-12,Shipped,4737,72706.00,South
2025-09-28,Shipped,3625,21221.00,East
2025-03-25,Shipped,1214,29675.00,Central
2024-08-25,Shipped,4232,4275.00,Central
2025-07-06,Shipped,3821,96922.00,Central
2024-08-27,Shipped,1773,69723.00,South
2024-04-24,Shipped,1612,14326.00,Central
2024-08-03,Shipped,4139,26099.00,West
2024-12-21,Shipped,4943,77400.00,Central
2025-08-29,Shipped,3658,37549.00,South
2026-01-17,Shipped,4446,25477.00,South
2025-06-29,Shipped,2381,43163.00,Central
2025-03-01,Shipped,428,76713.00,Central
2024-01-08,Shipped,4977,12322.00,Central
2025-05-26,Shipped,4765,1108.00,South
2024-12-03,Shipped,3273,60418.00,Central
2025-11-09,Shipped,1400,16366.00,Central
2024-09-13,Shipped,2047,82262.00,West
2024-02-09,Shipped,2146,70744.00,West
2024-05-17,Shipped,1572,8907.00,South
2026-05-09,Shipped,1933,6553.00,Central
2024-02-21,Shipped,3220,56118.00,West
2024-05-14,Shipped,192,75541.00,North
2025-09-19,Shipped,780,90985.00,South
2024-05-06,Shipped,107,70178.00,West
2024-01-30,Shipped,2836,11184.00,West
2024-07-27,Shipped,3867,89854.00,Central
2024-09-07,Shipped,2295,86228.00,South
2024-04-06,Shipped,920,90237.00,South
2024-11-25,Shipped,1450,89608.00,Central
2025-03-20,Shipped,4997,60208.00,Central
2025-07-22,Shipped,3797,94948.00,West
2024-11-27,Shipped,3439,20492.00,West
2026-02-18,Shipped,3231,11477.00,South
2025-11-01,Shipped,4839,71059.00,Central
2026-02-15,Shipped,933,73925.00,Central
2025-01-13,Shipped,1590,22332.00,West
2025-12-28,Shipped,4389,37452.00,East
2026-04-30,Shipped,4306,44726.00,West
2024-01-07,Shipped,386,59409.00,North
2026-03-17,Shipped,4129,3593.00,Central
2025-01-02,Shipped,2543,54868.00,North
2025-06-02,Shipped,260,36182.00,South
2024-04-13,Shipped,2836,12599.00,South
2025-12-14,Shipped,1359,39954.00,North
2025-01-28,Shipped,2147,96789.00,Central
2024-03-24,Shipped,4847,42779.00,Central
2024-09-11,Shipped,360,34979.00,North
2025-05-11,Shipped,4393,84906.00,Central
2025-10-31,Shipped,1118,49463.00,North
2024-07-04,Shipped,4992,38736.00,Central
2024-09-05,Shipped,3423,73362.00,Central
2025-08-06,Shipped,1871,84740.00,South
2024-12-02,Shipped,4424,23940.00,South
2026-02-04,Shipped,1620,34005.00,East
2026-03-10,Shipped,1497,8872.00,North
2024-11-03,Shipped,243,95413.00,North
2025-05-16,Shipped,1970,51715.00,North
2024-06-14,Shipped,3161,34547.00,West
2025-11-09,Shipped,866,13604.00,Central
2024-04-15,Shipped,2847,15624.00,Central
2024-11-02,Shipped,4012,365.00,East
2026-03-24,Shipped,3309,78675.00,East
2025-12-21,Shipped,148,2024.00,Central
2024-08-03,Shipped,2989,13139.00,West
2025-04-16,Shipped,3004,83089.00,Central
2024-06-17,Shipped,3651,7886.00,Central
2024-05-19,Shipped,1302,27768.00,North
2024-06-28,Shipped,539,16701.00,Central
2026-04-12,Shipped,2888,77098.00,Central
2025-08-16,Shipped,130,50806.00,North
2024-10-20,Shipped,3204,58495.00,South
2026-01-13,Shipped,527,67205.00,South
2024-11-15,Shipped,3527,79826.00,Central
2025-04-23,Shipped,1257,59670.00,East
2026-02-09,Shipped,1464,11907.00,East
2024-05-27,Shipped,2637,82254.00,North
2026-03-14,Shipped,2679,85011.00,North
2024-12-15,Shipped,4061,1528.00,Central
2025-11-17,Shipped,3280,32749.00,Central
2025-03-02,Shipped,3026,22805.00,South
2025-01-19,Shipped,591,44328.00,West
2025-05-28,Shipped,4726,6883.00,North
2024-03-21,Shipped,1702,84884.00,Central
2024-06-26,Shipped,2996,29404.00,Central
2025-05-12,Shipped,1380,36045.00,Central
2025-04-13,Shipped,3899,32559.00,West
2025-03-05,Shipped,3010,88954.00,West
2024-04-26,Shipped,3920,16527.00,Central
2024-07-08,Shipped,905,60354.00,Central
2025-04-27,Shipped,3525,23760.00,North
2026-04-15,Shipped,1198,41145.00,Central
2024-04-22,Shipped,2846,83347.00,North
2025-01-22,Shipped,4061,42079.00,East
2026-01-07,Shipped,4662,95264.00,West
2024-02-05,Shipped,4921,89972.00,Central
2024-10-17,Shipped,256,12631.00,North
2025-01-24,Shipped,3375,59678.00,South
2024-02-23,Shipped,2126,40236.00,North
2025-11-04,Shipped,1364,20037.00,East
2024-10-22,Shipped,1530,6408.00,Central
2025-12-08,Shipped,3722,2771.00,Central
2025-04-02,Shipped,4909,28693.00,South
2026-01-01,Shipped,2752,71692.00,East
2025-03-28,Shipped,2207,84884.00,East
2024-07-13,Shipped,4940,65220.00,Central
2024-07-10,Shipped,2610,4364.00,Central
2025-07-14,Shipped,1105,28996.00,North
2024-03-04,Shipped,2227,74055.00,West
2025-11-23,Shipped,2542,79777.00,South
2025-03-14,Shipped,47,20726.00,Central
2025-11-11,Shipped,2214,4740.00,East
2024-09-11,Shipped,3095,73219.00,West
2025-08-19,Shipped,4015,22652.00,East
2025-01-21,Shipped,4594,59609.00,East
2026-03-17,Shipped,2936,26462.00,Central
2024-06-23,Shipped,582,34494.00,Central
2024-02-01,Shipped,2423,77572.00,Central
2024-01-20,Shipped,3105,32515.00,South
2024-12-06,Shipped,4166,16731.00,East
2025-07-14,Shipped,2522,26421.00,South
2025-01-20,Shipped,300,28956.00,Central
2024-09-02,Shipped,1576,92582.00,Central
2025-10-06,Shipped,1162,4379.00,West
2025-06-01,Shipped,1632,72778.00,Central
2026-01-13,Shipped,4402,87814.00,South
2024-12-23,Shipped,3023,28512.00,West
2024-11-16,Shipped,3912,21112.00,Central
2025-02-06,Shipped,1794,79567.00,Central
2025-01-16,Shipped,937,7765.00,North
2025-07-21,Shipped,376,21019.00,West
2024-12-07,Shipped,712,62854.00,Central
2025-11-06,Shipped,2734,34418.00,North
2025-04-16,Shipped,3210,71494.00,West
2025-05-17,Shipped,2539,44781.00,West
2024-07-07,Shipped,1889,13894.00,West
2024-04-09,Shipped,658,78896.00,Central
2024-09-07,Shipped,357,67045.00,North
2024-04-24,Shipped,3267,23783.00,East
2025-08-04,Shipped,4964,14328.00,Central
2024-10-07,Shipped,3794,96562.00,Central
2024-02-03,Shipped,3089,97828.00,North
2025-07-27,Shipped,2070,3239.00,East
2026-01-20,Shipped,1951,55269.00,Central
2024-08-06,Shipped,3986,70864.00,South
2024-06-22,Shipped,1030,16381.00,North
2024-05-28,Shipped,4224,93219.00,North
2025-01-02,Shipped,3628,65190.00,West
2025-02-10,Shipped,1282,92961.00,West
2025-05-24,Shipped,2012,22494.00,Central
2025-01-06,Shipped,4702,84399.00,South
2024-08-17,Shipped,3848,881.00,North
2024-01-16,Shipped,4814,3661.00,North
2025-01-26,Shipped,4404,83990.00,North
2025-11-21,Shipped,928,59027.00,South
2025-11-05,Shipped,4341,85715.00,Central
2026-03-02,Shipped,1278,806.00,Central
2025-03-28,Shipped,1392,25370.00,South
2024-12-16,Shipped,954,55443.00,North
2024-02-17,Shipped,2808,6854.00,Central
2024-11-21,Shipped,4486,22252.00,North
2025-11-16,Shipped,2541,48033.00,North
2025-04-13,Shipped,1896,8759.00,West
2025-03-03,Shipped,3142,94644.00,East
2025-11-04,Shipped,494,56622.00,Central
2025-08-23,Shipped,226,57975.00,Central
2025-05-27,Shipped,4540,88352.00,West
2024-05-11,Shipped,903,85486.00,Central
2025-03-15,Shipped,2525,77428.00,Central
2026-04-24,Shipped,2866,87731.00,North
2026-04-16,Shipped,3997,23171.00,East
2024-10-19,Shipped,792,5104.00,North
2025-09-18,Shipped,4271,18385.00,North
2024-04-07,Shipped,4832,91527.00,South
2024-06-07,Shipped,2585,87873.00,North
2024-10-20,Shipped,1637,26184.00,Central
2024-06-18,Shipped,4219,7395.00,Central
2024-06-29,Shipped,1847,49173.00,West
2025-05-13,Shipped,218,96039.00,East
2024-12-23,Shipped,4728,84236.00,West
2024-06-07,Shipped,2117,20936.00,Central
2025-10-30,Shipped,68,51376.00,South
2025-03-15,Shipped,1536,32477.00,Central
2024-01-05,Shipped,2930,72889.00,North
2024-12-25,Shipped,50,49561.00,Central
2024-12-01,Shipped,3273,63334.00,East
2024-01-16,Shipped,4251,68188.00,Central
2024-11-20,Shipped,2851,82457.00,Central
2025-12-30,Shipped,3781,66998.00,North
2024-06-01,Shipped,3174,21198.00,North
2025-05-17,Shipped,1378,74057.00,Central
2025-06-20,Shipped,2062,18733.00,North
2024-11-02,Shipped,2189,74341.00,South
2024-09-22,Shipped,2849,55672.00,Central
2025-04-30,Shipped,3982,21439.00,Central
2026-04-14,Shipped,4248,29388.00,Central
2024-10-01,Shipped,3235,73224.00,East
2025-09-23,Shipped,2248,49552.00,South
2025-01-21,Shipped,4339,80271.00,South
2024-10-13,Shipped,3702,89899.00,East
2024-06-01,Shipped,349,2727.00,Central
2025-05-06,Shipped,2337,57326.00,Central
2025-10-30,Shipped,162,16894.00,South
2025-09-09,Shipped,4,89559.00,Central
2024-03-24,Shipped,3051,21252.00,North
2024-05-01,Shipped,47,40280.00,South
2025-05-21,Shipped,1413,20934.00,North
2024-07-03,Shipped,4547,52153.00,Central
2026-05-17,Shipped,1085,51746.00,West
2025-08-27,Shipped,1039,3008.00,Central
2025-07-27,Shipped,690,3245.00,Central
2025-12-25,Shipped,377,4097.00,North
2024-05-31,Shipped,3897,55597.00,North
2025-03-03,Shipped,4109,38581.00,South
2026-04-23,Shipped,2523,81929.00,East
2026-01-17,Shipped,3373,14367.00,West
2025-03-14,Shipped,2810,72135.00,East
2024-01-02,Shipped,3597,91931.00,Central
2025-12-06,Shipped,1347,38681.00,South
2024-04-28,Shipped,1370,23266.00,West
2024-04-24,Shipped,2022,13615.00,South
2024-04-10,Shipped,592,52674.00,North
2025-04-15,Shipped,2678,94378.00,East
2025-08-16,Shipped,1827,19856.00,North
2025-10-29,Shipped,225,30965.00,North
2024-08-05,Shipped,686,6434.00,East
2024-06-23,Shipped,4246,56683.00,Central
2024-08-07,Shipped,2567,98660.00,South
2024-02-19,Shipped,1420,29506.00,Central
2024-08-30,Shipped,855,69194.00,Central
2025-12-11,Shipped,4005,17445.00,Central
2024-02-03,Shipped,3385,6395.00,North
2024-10-15,Shipped,4071,6328.00,East
2026-02-22,Shipped,3931,55379.00,Central
2025-07-01,Shipped,4950,58570.00,South
2024-01-24,Shipped,917,85047.00,Central
2024-03-18,Shipped,4180,75048.00,North
2024-03-31,Shipped,4969,18977.00,North
2025-08-10,Shipped,884,48834.00,Central
2025-08-13,Shipped,2814,49069.00,Central
2026-02-02,Shipped,653,97811.00,East
2024-10-25,Shipped,364,20589.00,Central
2026-02-08,Shipped,4054,23884.00,Central
2024-07-11,Shipped,2582,60295.00,Central
2025-06-27,Shipped,2385,15008.00,West
2026-03-18,Shipped,1963,66930.00,Central
2024-03-16,Shipped,1021,46853.00,North
2025-03-31,Shipped,3185,76213.00,East
2025-03-12,Shipped,3461,55933.00,South
2024-05-05,Shipped,3713,55335.00,Central
2024-03-11,Shipped,1039,61824.00,Central
2024-10-10,Shipped,1531,75396.00,Central
2024-08-17,Shipped,2290,49750.00,South
2024-06-17,Shipped,2457,4178.00,East
2024-10-23,Shipped,3200,90929.00,Central
2024-11-14,Shipped,4053,13650.00,East
2025-04-11,Shipped,4157,92502.00,North
2024-11-10,Shipped,898,59792.00,Central
2026-01-10,Shipped,2967,29233.00,West
2025-05-25,Shipped,4536,87735.00,Central
2024-01-03,Shipped,3963,12247.00,North
2025-06-07,Shipped,1762,89018.00,North
2026-04-01,Shipped,2055,15560.00,West
2025-11-26,Shipped,174,81087.00,Central
2024-04-23,Shipped,473,57875.00,Central
2024-07-12,Shipped,2005,93564.00,Central
2024-01-21,Shipped,4388,92885.00,Central
2024-05-14,Shipped,1379,49409.00,South
2025-08-27,Shipped,4286,92552.00,East
2026-01-11,Shipped,361,86888.00,Central
2026-04-28,Shipped,2853,33502.00,North
2025-10-05,Shipped,2133,73947.00,East
2026-03-29,Shipped,2538,14152.00,Central
2024-05-09,Shipped,3485,79267.00,North
2025-05-07,Shipped,2919,29792.00,West
2024-06-28,Shipped,4208,63222.00,Central
2024-09-01,Shipped,4277,56393.00,North
2025-10-05,Shipped,972,26104.00,Central
2026-03-20,Shipped,1609,59904.00,East
2025-07-31,Shipped,3186,92116.00,Central
2025-12-13,Shipped,957,1449.00,Central
2025-05-14,Shipped,4947,39933.00,Central
2026-01-18,Shipped,2749,61864.00,South
2025-03-04,Shipped,4626,11793.00,Central
2026-02-08,Shipped,3705,38181.00,Central
2026-05-03,Shipped,809,57255.00,South
2024-02-20,Shipped,692,25921.00,North
2026-05-13,Shipped,2936,89469.00,East
2024-03-23,Shipped,781,67815.00,Central
2025-06-05,Shipped,2099,5003.00,West
2026-04-23,Shipped,3535,40249.00,North
2025-05-12,Shipped,879,8870.00,Central
2025-01-26,Shipped,2254,49629.00,North
2024-03-06,Shipped,270,4375.00,South
2025-11-09,Shipped,677,14727.00,South
2025-07-28,Shipped,289,73818.00,West
2024-09-20,Shipped,964,90737.00,Central
2026-04-21,Shipped,3860,71122.00,Central
2025-01-09,Shipped,1361,57531.00,Central
2024-05-01,Shipped,3113,45827.00,South
2025-02-08,Shipped,1854,10071.00,Central
2025-11-11,Shipped,1651,87626.00,Central
2025-10-18,Shipped,4254,62405.00,East
2025-02-01,Shipped,1355,42239.00,Central
2025-07-03,Shipped,3153,7689.00,North
2025-03-13,Shipped,2795,5794.00,Central
2024-12-31,Shipped,4402,44892.00,Central
2026-04-16,Shipped,3263,98272.00,North
2025-06-11,Shipped,4509,60600.00,North
2025-04-26,Shipped,1891,8437.00,Central
2024-06-05,Shipped,1833,45707.00,Central
2024-03-07,Shipped,1652,18177.00,South
2024-07-11,Shipped,1861,85865.00,West
2024-07-12,Shipped,2267,2508.00,North
2024-04-28,Shipped,169,80844.00,Central
2025-02-21,Shipped,40,44918.00,Central
2025-08-21,Shipped,2774,88482.00,Central
2025-10-11,Shipped,3291,42416.00,East
2025-03-17,Shipped,3172,98311.00,Central
2024-01-09,Shipped,4234,71988.00,North
2024-05-18,Shipped,1232,85295.00,Central
2025-04-14,Shipped,858,28245.00,South
2024-01-16,Shipped,4969,37249.00,East
2024-04-16,Shipped,3898,10879.00,Central
2024-03-21,Shipped,2531,46105.00,South
2024-04-07,Shipped,599,50201.00,Central
2026-03-26,Shipped,1597,9137.00,Central
2026-05-17,Shipped,2808,26293.00,South
2024-12-15,Shipped,3476,60245.00,Central
2025-06-02,Shipped,3979,80839.00,Central
2025-05-22,Shipped,320,54903.00,South
2025-05-26,Shipped,2904,59019.00,East
2026-01-18,Shipped,4301,85380.00,North
2025-08-29,Shipped,2649,72021.00,Central
2025-05-20,Shipped,4508,13922.00,Central
2025-10-14,Shipped,3882,6169.00,Central
2026-02-22,Shipped,4976,62355.00,South
2024-08-19,Shipped,449,80169.00,West
2026-03-13,Shipped,2821,36704.00,East
2025-08-13,Shipped,4217,98005.00,East
2025-01-13,Shipped,230,62213.00,South
2024-12-29,Shipped,337,16091.00,Central
2024-02-29,Shipped,4050,63544.00,Central
2025-04-21,Shipped,1002,20918.00,South
2025-06-18,Shipped,1492,28974.00,Central
2025-06-04,Shipped,3769,49263.00,North
2024-08-05,Shipped,829,46948.00,East
2024-06-08,Shipped,3793,79923.00,South
2025-05-15,Shipped,188,36944.00,Central
2024-02-25,Shipped,4449,38505.00,East
2025-05-18,Shipped,1745,24849.00,East
2024-02-14,Shipped,4016,4168.00,East
2026-04-06,Shipped,3239,7178.00,South
2026-04-24,Shipped,3101,58103.00,North
2024-04-07,Shipped,2624,26781.00,East
2024-03-30,Shipped,3810,3965.00,Central
2025-07-11,Shipped,4859,40089.00,Central
2026-01-21,Shipped,1788,29980.00,Central
2025-09-17,Shipped,401,89406.00,North
2026-04-09,Shipped,3407,95024.00,West
2025-10-02,Shipped,1592,32809.00,North
2025-06-03,Shipped,1935,51388.00,Central
2025-01-13,Shipped,2335,28896.00,South
2026-02-20,Shipped,3792,20759.00,East
2025-07-16,Shipped,4905,34636.00,North
2024-04-06,Shipped,3090,72944.00,Central
2025-03-22,Shipped,1129,58337.00,Central
2024-05-05,Shipped,2164,7949.00,South
2025-08-20,Shipped,4082,54137.00,Central
2024-06-16,Shipped,1281,39824.00,East
2025-05-26,Shipped,1473,86644.00,Central
2025-01-04,Shipped,1566,72422.00,West
2024-12-03,Shipped,4539,5713.00,Central
2024-01-01,Shipped,2472,73127.00,North
2024-09-06,Shipped,2383,59121.00,Central
2026-05-11,Shipped,4477,58982.00,Central
2024-07-25,Shipped,4242,79514.00,South
2025-10-21,Shipped,2502,53481.00,Central
2025-01-31,Shipped,2240,58336.00,Central
2025-01-29,Shipped,2394,66133.00,Central
2024-03-04,Shipped,2709,85497.00,North
2025-04-23,Shipped,765,78466.00,Central
2025-11-19,Shipped,4640,9266.00,Central
2025-03-27,Shipped,2183,68392.00,South
2024-03-04,Shipped,3879,8092.00,West
2025-07-31,Shipped,3382,42730.00,East
2024-11-13,Shipped,833,71173.00,East
2024-06-02,Shipped,3505,12681.00,Central
2025-06-24,Shipped,4218,47189.00,South
2025-12-23,Shipped,229,26837.00,Central
2025-11-11,Shipped,1287,36312.00,North
2024-08-30,Shipped,4332,43988.00,Central
2026-04-20,Shipped,4536,37183.00,Central
2024-11-18,Shipped,1199,61184.00,Central
2025-09-05,Shipped,1346,1999.00,Central
2024-07-13,Shipped,793,76715.00,South
2025-09-25,Shipped,792,12697.00,Central
2026-04-26,Shipped,1440,52303.00,South
2026-01-20,Shipped,4142,25862.00,Central
2025-12-19,Shipped,2682,82540.00,South
2024-04-25,Shipped,4751,40660.00,North
2025-08-12,Shipped,2898,95704.00,Central
2025-03-22,Shipped,3651,54096.00,Central
2024-03-21,Shipped,3031,72157.00,Central
2024-03-11,Shipped,1775,92297.00,Central
2024-09-07,Shipped,3074,60991.00,East
2025-08-01,Shipped,1317,38893.00,North
2026-01-15,Shipped,3688,72322.00,West
2024-06-22,Shipped,176,64673.00,North
2024-03-15,Shipped,1710,70356.00,East
2024-01-04,Shipped,1364,13517.00,East
2024-02-23,Shipped,595,79793.00,South
2026-01-12,Shipped,4503,38746.00,North
2024-07-07,Shipped,3300,663.00,South
2025-12-30,Shipped,4368,13442.00,North
2025-08-27,Shipped,4176,9873.00,North
2024-12-24,Shipped,427,80160.00,North
2025-06-21,Shipped,2495,42563.00,South
2025-04-29,Shipped,2436,21273.00,North
2025-09-11,Shipped,817,75934.00,Central
2025-07-22,Shipped,3552,58969.00,North
2026-01-24,Shipped,629,7981.00,Central
2026-02-19,Shipped,1722,63660.00,East
2024-04-07,Shipped,4756,45594.00,North
2026-05-12,Shipped,3501,80183.00,Central
2024-09-04,Shipped,1857,48961.00,Central
2026-05-02,Shipped,865,28086.00,South
2024-09-25,Shipped,1210,22649.00,South
2026-04-12,Shipped,845,43240.00,Central
2024-06-20,Shipped,4932,32468.00,Central
2025-03-22,Shipped,3296,67478.00,Central
2024-06-26,Shipped,3755,165.00,Central
2024-09-25,Shipped,4019,61379.00,South
2024-09-12,Shipped,3512,78092.00,West
2026-03-12,Shipped,1729,12175.00,North
2026-04-05,Shipped,2028,85077.00,Central
2024-11-29,Shipped,4029,84659.00,West
2024-07-11,Shipped,4152,29172.00,Central
2025-08-16,Shipped,1728,17868.00,Central
2024-12-21,Shipped,2399,87787.00,Central
2026-03-31,Shipped,4928,61876.00,North
2025-03-25,Shipped,3912,91761.00,West
2025-07-03,Shipped,4695,85658.00,West
2024-07-29,Shipped,4318,76733.00,Central
2026-03-30,Shipped,3387,94811.00,West
2025-02-26,Shipped,2295,96609.00,South
2025-01-19,Shipped,4196,34876.00,West
2024-01-04,Shipped,4165,51444.00,Central
2024-12-10,Shipped,2763,58474.00,East
2026-05-13,Shipped,921,67750.00,Central
2025-09-13,Shipped,1500,30439.00,North
2024-02-24,Shipped,1340,64605.00,South
2025-12-27,Shipped,4139,23538.00,South
2024-06-04,Shipped,476,15796.00,North
2024-12-10,Shipped,721,97762.00,Central
2024-03-28,Shipped,3709,57394.00,West
2026-04-22,Shipped,4736,12020.00,North
2024-12-10,Shipped,4874,19370.00,Central
2024-01-16,Shipped,2919,57172.00,South
2026-03-05,Shipped,3597,54104.00,Central
2026-03-19,Shipped,377,67910.00,East
2024-11-14,Shipped,1300,33777.00,Central
2026-05-24,Shipped,3308,10698.00,Central
2025-10-31,Shipped,3464,80344.00,West
2026-02-28,Shipped,815,41645.00,South
2024-07-05,Shipped,3165,71358.00,East
2024-02-28,Shipped,4555,48419.00,East
2024-06-01,Shipped,497,67181.00,Central
2025-05-31,Shipped,902,7584.00,South
2024-01-20,Shipped,1892,45977.00,North
2025-04-23,Shipped,4778,25935.00,Central
2024-01-06,Shipped,4156,96720.00,East
2025-03-25,Shipped,4337,60316.00,West
2024-05-12,Shipped,1865,38544.00,North
2025-08-28,Shipped,2327,25729.00,North
2025-06-22,Shipped,3164,97684.00,North
2024-02-29,Shipped,2635,15199.00,Central
2025-09-23,Shipped,3721,39732.00,North
2025-05-13,Shipped,3130,85049.00,North
2024-06-08,Shipped,4623,62478.00,Central
2026-01-28,Shipped,2534,69117.00,Central
2025-10-05,Shipped,1776,70863.00,Central
2025-04-28,Shipped,3571,31371.00,West
2024-12-06,Shipped,3727,66569.00,North
2024-10-11,Shipped,1534,34617.00,South
2024-11-26,Shipped,208,97467.00,North
2024-12-14,Shipped,3872,61913.00,North
2024-04-03,Shipped,1172,30722.00,North
2024-03-24,Shipped,441,70956.00,Central
2024-03-08,Shipped,1124,48072.00,South
2024-04-29,Shipped,137,65691.00,South
2026-01-20,Shipped,2046,71182.00,Central
2024-11-09,Shipped,2753,20735.00,Central
2026-05-25,Shipped,4764,69358.00,Central
2025-07-03,Shipped,3586,88488.00,North
2025-12-26,Shipped,2041,13774.00,Central
2025-01-13,Shipped,3876,8508.00,South
2026-01-04,Shipped,204,74717.00,Central
2026-04-30,Shipped,358,31199.00,North
2024-07-22,Shipped,4661,71569.00,Central
2024-06-04,Shipped,1434,14280.00,East
2026-03-04,Shipped,4782,50425.00,Central
2024-03-07,Shipped,3098,76386.00,Central
2024-01-30,Shipped,3868,9999.00,Central
2024-08-18,Shipped,1091,54174.00,Central
2025-05-22,Shipped,3572,60614.00,West
2025-08-05,Shipped,113,97662.00,East
2025-08-17,Shipped,3368,68115.00,South
2024-04-09,Shipped,483,13084.00,North
2024-07-02,Shipped,3715,92427.00,West
2025-08-14,Shipped,1604,66046.00,East
2024-06-16,Shipped,4437,35207.00,South
2024-02-17,Shipped,483,29361.00,North
2025-10-02,Shipped,2380,33531.00,Central
2024-12-23,Shipped,769,95891.00,West
2025-03-27,Shipped,1264,14525.00,South
2025-08-22,Shipped,1906,33655.00,Central
2025-06-09,Shipped,3400,65315.00,East
2024-11-15,Shipped,1755,49127.00,Central
2025-08-09,Shipped,2104,8995.00,East
2025-11-04,Shipped,4775,36507.00,East
2025-10-19,Shipped,3125,12662.00,West
2024-01-06,Shipped,2165,48255.00,South
2026-05-20,Shipped,1380,55309.00,Central
2025-03-21,Shipped,2153,98097.00,Central
2024-05-25,Shipped,2686,46765.00,East
2025-12-16,Shipped,457,59817.00,Central
2026-05-20,Shipped,4009,6177.00,Central
2025-08-27,Shipped,270,95458.00,Central
2024-04-26,Shipped,20,67514.00,South
2025-11-19,Shipped,506,64675.00,West
2025-06-02,Shipped,2369,39775.00,Central
2025-02-07,Shipped,4836,27269.00,South
2026-02-04,Shipped,601,18421.00,East
2025-06-06,Shipped,3182,82989.00,West
2026-02-04,Shipped,934,91390.00,North
2025-04-06,Shipped,3658,53565.00,Central
2024-01-19,Shipped,4057,2616.00,Central
2024-03-28,Shipped,1281,77520.00,Central
2024-06-16,Shipped,20,54057.00,South
2026-02-06,Shipped,3443,86339.00,East
2025-08-03,Shipped,4723,87779.00,South
2024-04-11,Shipped,307,20359.00,Central
2026-05-04,Shipped,688,5859.00,South
2024-04-05,Shipped,4043,36738.00,Central
2025-04-26,Shipped,3892,21313.00,South
2025-03-04,Shipped,1178,45967.00,East
2025-10-08,Shipped,2726,50066.00,Central
2026-04-07,Shipped,103,69533.00,Central
2025-03-17,Shipped,2560,15342.00,Central
2024-01-17,Shipped,688,52781.00,North
2026-03-17,Shipped,2221,13195.00,Central
2025-09-04,Shipped,4284,19898.00,Central
2024-08-11,Shipped,4214,54193.00,Central
2024-12-10,Shipped,2919,23097.00,Central
2025-12-05,Shipped,2998,59778.00,Central
2025-03-13,Shipped,1828,25761.00,North
2024-01-20,Shipped,108,22347.00,North
2024-03-15,Shipped,1855,41506.00,North
2025-04-03,Shipped,1809,7487.00,Central
2025-01-20,Shipped,1001,91950.00,South
2024-12-11,Shipped,4477,18319.00,Central
2025-06-15,Shipped,4007,90869.00,North
2024-01-12,Shipped,4451,244.00,North
2025-02-07,Shipped,2121,51116.00,East
2025-03-05,Shipped,2128,70222.00,South
2024-12-14,Shipped,4856,93090.00,Central
2025-10-20,Shipped,1886,27227.00,Central
2025-03-02,Shipped,1271,82389.00,Central
2025-10-17,Shipped,2874,4430.00,Central
2024-09-24,Shipped,1243,2092.00,Central
2025-06-04,Shipped,215,42207.00,South
2024-05-25,Shipped,3770,10225.00,North
2024-12-13,Shipped,359,76875.00,West
2026-05-02,Shipped,4354,88541.00,Central
2026-04-28,Shipped,1899,2753.00,West
2024-06-01,Shipped,4314,21058.00,Central
2024-09-10,Shipped,85,60379.00,North
2024-05-04,Shipped,2326,32692.00,East
2024-05-18,Shipped,2385,21380.00,West
2024-12-20,Shipped,2977,83582.00,North
2024-01-05,Shipped,2749,91139.00,North
2024-10-23,Shipped,3207,65736.00,Central
2025-07-01,Shipped,952,67521.00,Central
2026-04-12,Shipped,589,78076.00,East
2024-02-09,Shipped,3248,45359.00,North
2024-11-07,Shipped,2420,94388.00,West
2025-01-04,Shipped,2264,95840.00,South
2025-07-23,Shipped,2263,33753.00,Central
2025-03-30,Shipped,3741,73944.00,East
2025-04-10,Shipped,934,28023.00,Central
2025-03-28,Shipped,3146,94697.00,West
2024-05-28,Shipped,1355,84393.00,West
2025-07-07,Shipped,942,38348.00,West
2026-01-03,Shipped,186,27579.00,East
2025-01-28,Shipped,969,26492.00,South
2026-02-25,Shipped,3348,86765.00,Central
2024-05-31,Shipped,277,38730.00,Central
2024-08-18,Shipped,236,84016.00,Central
2026-05-02,Shipped,2742,63995.00,East
2024-12-13,Shipped,2108,54191.00,North
2024-07-24,Shipped,3516,39524.00,Central
2024-10-19,Shipped,3990,62971.00,North
2025-05-14,Shipped,2803,92284.00,Central
2024-06-04,Shipped,2793,98651.00,South
2024-01-19,Shipped,3731,75420.00,East
2024-12-05,Shipped,2605,41563.00,Central
2025-06-28,Shipped,137,75836.00,North
2025-08-08,Shipped,2614,18118.00,Central
2026-01-15,Shipped,964,24527.00,West
2024-10-03,Shipped,4682,1186.00,South
2025-02-24,Shipped,2787,94704.00,East
2026-02-08,Shipped,272,13570.00,Central
2024-06-30,Shipped,2290,38057.00,Central
2025-12-27,Shipped,256,15350.00,East
2025-03-25,Shipped,4278,4442.00,Central
2025-10-21,Shipped,3537,58261.00,Central
2024-11-16,Shipped,2968,50744.00,East
2026-05-04,Shipped,493,77415.00,South
2025-10-04,Shipped,4414,15348.00,South
2025-12-30,Shipped,4989,68198.00,North
2024-03-23,Shipped,2043,43479.00,South
2026-01-16,Shipped,845,37494.00,East
2025-12-24,Shipped,4803,1800.00,West
2025-08-26,Shipped,3466,74046.00,North
2024-08-06,Shipped,224,59074.00,Central
2024-06-09,Shipped,1282,51821.00,Central
2024-02-05,Shipped,4792,53013.00,Central
2024-11-24,Shipped,3712,38400.00,Central
2024-11-07,Shipped,3035,22784.00,South
2024-11-10,Shipped,3458,88848.00,Central
2024-10-18,Shipped,4294,22712.00,South
2026-05-17,Shipped,4877,32781.00,West
2025-09-20,Shipped,1210,86160.00,South
2024-12-29,Shipped,251,28188.00,East
2026-04-08,Shipped,896,70573.00,Central
